image_id,p_180
test_00000,0.075207785
test_00001,0.95527554
test_00002,0.9998153
test_00003,0.012321108
test_00004,0.9956103
test_00005,0.16318251
test_00006,0.9982547
test_00007,0.96222013
test_00008,0.9997522
test_00009,0.090119205
test_00010,0.9995235
test_00011,0.0006615859
test_00012,0.008376999
test_00013,0.9995334
test_00014,0.88954383
test_00015,0.9964707
test_00016,0.99972147
test_00017,0.003983055
test_00018,0.0024345268
test_00019,0.0016053237
test_00020,0.0025274518
test_00021,0.006346591
test_00022,0.9942027
test_00023,0.2870468
test_00024,0.11570605
test_00025,0.9847392
test_00026,0.9979171
test_00027,0.00091038086
test_00028,0.4537061
test_00029,0.9968515
test_00030,0.0010617184
test_00031,0.9659603
test_00032,0.94648033
test_00033,0.7647024
test_00034,0.977594
test_00035,0.9992772
test_00036,0.021507256
test_00037,0.07516951
test_00038,0.15914586
test_00039,0.04079249
test_00040,0.015845064
test_00041,0.4200069
test_00042,0.99898785
test_00043,0.0078007644
test_00044,0.023244224
test_00045,0.9994566
test_00046,0.006369251
test_00047,0.9914392
test_00048,0.9995084
test_00049,0.8990197
test_00050,0.9996201
test_00051,9.790848e-05
test_00052,0.00019475965
test_00053,0.6463199
test_00054,0.040651485
test_00055,0.95455086
test_00056,0.03163235
test_00057,0.9597773
test_00058,0.0020890564
test_00059,0.074207455
test_00060,0.8979264
test_00061,0.010455806
test_00062,0.0009135903
test_00063,0.0057093576
test_00064,0.030879553
test_00065,0.999582
test_00066,0.36818966
test_00067,0.00075181306
test_00068,0.002063468
test_00069,0.64890254
test_00070,0.94060206
test_00071,0.9897243
test_00072,0.99857056
test_00073,0.19842224
test_00074,0.95508164
test_00075,0.99635017
test_00076,0.0011844244
test_00077,0.9983803
test_00078,0.9992387
test_00079,0.08695038
test_00080,0.019794594
test_00081,0.99293303
test_00082,0.035289574
test_00083,0.01736781
test_00084,0.99988866
test_00085,0.99801373
test_00086,0.99917006
test_00087,0.999974
test_00088,0.00071055494
test_00089,0.97325605
test_00090,0.042936128
test_00091,0.0003925725
test_00092,0.99566084
test_00093,0.0513109
test_00094,0.8998618
test_00095,0.99070954
test_00096,0.3080826
test_00097,0.02569204
test_00098,0.0015378008
test_00099,0.009498378
test_00100,0.0016540285
test_00101,0.14598483
test_00102,0.008365836
test_00103,0.9998097
test_00104,0.94663596
test_00105,0.0013391644
test_00106,0.0006881869
test_00107,0.9758213
test_00108,0.05419862
test_00109,0.0052105864
test_00110,0.99872357
test_00111,0.32753196
test_00112,0.992788
test_00113,0.0016289281
test_00114,0.99194044
test_00115,0.017463801
test_00116,0.009844444
test_00117,0.98220474
test_00118,0.99492836
test_00119,0.5456156
test_00120,0.0045226812
test_00121,0.9931659
test_00122,0.99968827
test_00123,0.9991769
test_00124,0.07874605
test_00125,0.32657823
test_00126,0.0007029805
test_00127,0.9983485
test_00128,0.0043710545
test_00129,0.046135392
test_00130,0.999374
test_00131,0.0011289509
test_00132,0.97183484
test_00133,0.99961036
test_00134,0.0019085059
test_00135,0.37118825
test_00136,0.00090941595
test_00137,0.97636807
test_00138,0.99067795
test_00139,0.00036089992
test_00140,0.985128
test_00141,6.3325686e-05
test_00142,0.94287264
test_00143,0.91017824
test_00144,0.0001237056
test_00145,0.026657429
test_00146,0.00029482724
test_00147,0.9914321
test_00148,0.9979513
test_00149,0.9941122
test_00150,0.019012807
test_00151,0.9998785
test_00152,0.02004607
test_00153,0.67909634
test_00154,0.28136948
test_00155,0.9980261
test_00156,0.9994081
test_00157,0.014479016
test_00158,0.99938345
test_00159,0.9998628
test_00160,0.99296314
test_00161,0.40723398
test_00162,0.002943104
test_00163,0.9844327
test_00164,0.076395676
test_00165,0.97504836
test_00166,0.8289284
test_00167,0.050708115
test_00168,0.003321413
test_00169,0.0037484928
test_00170,0.99897814
test_00171,0.9581027
test_00172,0.97955656
test_00173,0.025314182
test_00174,0.0011323526
test_00175,0.9928013
test_00176,0.99931645
test_00177,0.0082231155
test_00178,0.0301697
test_00179,0.8089585
test_00180,0.0031182454
test_00181,0.9986041
test_00182,0.99945813
test_00183,0.9977436
test_00184,0.991899
test_00185,0.99849653
test_00186,0.29715797
test_00187,0.98732066
test_00188,0.99995244
test_00189,0.9985141
test_00190,0.07607314
test_00191,0.9978072
test_00192,0.0027337673
test_00193,0.9929125
test_00194,0.0006594462
test_00195,0.015082803
test_00196,0.05048064
test_00197,0.99053156
test_00198,0.005394084
test_00199,0.9989189
test_00200,0.9996276
test_00201,0.87589854
test_00202,0.99877757
test_00203,0.9987563
test_00204,0.9926178
test_00205,0.009160586
test_00206,0.043611635
test_00207,0.0016661951
test_00208,0.021977952
test_00209,0.0010444671
test_00210,0.11839744
test_00211,0.9961456
test_00212,0.98748326
test_00213,0.8597824
test_00214,0.9979888
test_00215,0.003612016
test_00216,7.0005194e-06
test_00217,0.0044971607
test_00218,0.034672864
test_00219,0.9939826
test_00220,0.99952996
test_00221,0.9998989
test_00222,0.011472441
test_00223,0.9962685
test_00224,0.80295706
test_00225,0.9454214
test_00226,0.0028376265
test_00227,0.0062160087
test_00228,0.79418397
test_00229,0.025201544
test_00230,0.012716761
test_00231,0.99706227
test_00232,0.48507133
test_00233,0.97937816
test_00234,0.05663976
test_00235,0.99348855
test_00236,0.0024223572
test_00237,0.0014808056
test_00238,0.986906
test_00239,0.008601521
test_00240,0.003755733
test_00241,0.00053968636
test_00242,0.00016325536
test_00243,0.9559697
test_00244,0.99931896
test_00245,0.9992435
test_00246,0.0052508335
test_00247,0.9983399
test_00248,0.9991203
test_00249,0.99667203
test_00250,0.75506276
test_00251,0.00047085065
test_00252,0.24903484
test_00253,0.9998134
test_00254,0.0014030987
test_00255,0.0015204403
test_00256,0.020267284
test_00257,0.00012997368
test_00258,0.6683663
test_00259,0.26171196
test_00260,0.12670735
test_00261,0.62585056
test_00262,0.9955252
test_00263,0.99116594
test_00264,0.99318016
test_00265,0.5657725
test_00266,0.01509551
test_00267,0.3301398
test_00268,0.0018033216
test_00269,0.9993624
test_00270,0.9855539
test_00271,0.1752707
test_00272,0.9995167
test_00273,0.0075062136
test_00274,0.7498299
test_00275,0.0037825885
test_00276,0.6030837
test_00277,0.9960396
test_00278,0.005403186
test_00279,0.63219565
test_00280,0.98005897
test_00281,0.9551786
test_00282,0.99809784
test_00283,0.20155834
test_00284,0.5474372
test_00285,0.03162766
test_00286,0.038485933
test_00287,0.9874378
test_00288,0.999918
test_00289,0.9893856
test_00290,0.9999845
test_00291,0.99972385
test_00292,0.9785774
test_00293,0.001679618
test_00294,0.98633206
test_00295,0.99220675
test_00296,0.0040747677
test_00297,0.9501066
test_00298,0.1740488
test_00299,0.802511
test_00300,0.005277638
test_00301,0.99971527
test_00302,0.00046841134
test_00303,0.019420957
test_00304,0.03063723
test_00305,0.9270806
test_00306,0.9999354
test_00307,0.45352918
test_00308,0.0002094291
test_00309,0.8615213
test_00310,0.9890469
test_00311,0.99108183
test_00312,0.009541529
test_00313,0.99957985
test_00314,0.005930302
test_00315,0.93879265
test_00316,0.94694275
test_00317,0.00027534712
test_00318,0.98073477
test_00319,0.9993094
test_00320,0.99952364
test_00321,0.30031532
test_00322,0.9966259
test_00323,0.99750936
test_00324,0.016541041
test_00325,0.9789163
test_00326,0.018880831
test_00327,0.18841764
test_00328,0.210031
test_00329,0.8795024
test_00330,0.99793977
test_00331,0.9997665
test_00332,0.9983277
test_00333,0.9802918
test_00334,0.99762243
test_00335,0.82476896
test_00336,0.0053531337
test_00337,0.9971288
test_00338,0.0285084
test_00339,0.94652
test_00340,0.03633416
test_00341,0.03577057
test_00342,0.9967573
test_00343,0.9739247
test_00344,0.99757105
test_00345,0.9739077
test_00346,0.0015752856
test_00347,0.0002452909
test_00348,0.99424523
test_00349,0.011419653
test_00350,0.7966796
test_00351,0.32814395
test_00352,0.9995347
test_00353,0.9750337
test_00354,0.027345406
test_00355,0.99962676
test_00356,0.00059813977
test_00357,0.0011334103
test_00358,0.9897103
test_00359,0.9999039
test_00360,0.9988262
test_00361,0.9991936
test_00362,0.4103712
test_00363,0.9990928
test_00364,0.97719145
test_00365,0.8415584
test_00366,0.93793887
test_00367,0.00083928916
test_00368,0.03639065
test_00369,0.9999447
test_00370,0.0035831837
test_00371,0.0005529609
test_00372,0.9978849
test_00373,0.05148338
test_00374,0.98550165
test_00375,0.9753277
test_00376,0.0007943151
test_00377,0.019921685
test_00378,0.6186241
test_00379,0.008085141
test_00380,0.008783155
test_00381,0.96527773
test_00382,0.0013236149
test_00383,0.33751693
test_00384,0.99739945
test_00385,0.017112976
test_00386,0.99976975
test_00387,0.99117446
test_00388,0.033207297
test_00389,0.998218
test_00390,0.9965233
test_00391,0.0005640957
test_00392,0.31127092
test_00393,0.9998859
test_00394,0.0064925435
test_00395,0.010623699
test_00396,0.010411183
test_00397,0.9771468
test_00398,0.005336274
test_00399,0.9827313
test_00400,0.9990984
test_00401,0.6848151
test_00402,0.98832184
test_00403,0.0001419512
test_00404,0.012129434
test_00405,0.9943176
test_00406,0.55064136
test_00407,0.00091046025
test_00408,0.9915862
test_00409,0.8523054
test_00410,0.0017277094
test_00411,0.0003487033
test_00412,0.0030994595
test_00413,0.12244713
test_00414,0.7856407
test_00415,0.9217825
test_00416,4.7665275e-05
test_00417,0.0010702845
test_00418,0.99709284
test_00419,0.9983803
test_00420,0.0005665114
test_00421,0.99571204
test_00422,0.99998593
test_00423,0.00014857658
test_00424,0.0123152435
test_00425,0.012360561
test_00426,0.974295
test_00427,0.0014133548
test_00428,0.0057180533
test_00429,0.9962984
test_00430,0.99950397
test_00431,0.9999683
test_00432,0.99271446
test_00433,0.22275288
test_00434,0.23839237
test_00435,0.026816413
test_00436,0.99347574
test_00437,0.7286987
test_00438,0.99548244
test_00439,0.9924769
test_00440,0.047505014
test_00441,0.017893892
test_00442,0.9665196
test_00443,0.99925333
test_00444,0.999838
test_00445,0.017333778
test_00446,0.0028563424
test_00447,0.005397341
test_00448,0.999446
test_00449,0.0004376935
test_00450,0.00011971325
test_00451,0.99965525
test_00452,0.9948813
test_00453,0.0059479615
test_00454,0.55162835
test_00455,0.98885196
test_00456,0.9984345
test_00457,0.05565413
test_00458,0.9629928
test_00459,0.94696385
test_00460,0.0024179863
test_00461,0.99949694
test_00462,0.018335337
test_00463,0.9957689
test_00464,0.0002280796
test_00465,0.12106505
test_00466,0.99558455
test_00467,0.042041894
test_00468,0.8289878
test_00469,0.004301546
test_00470,0.597628
test_00471,7.9876205e-05
test_00472,9.873551e-05
test_00473,0.2978615
test_00474,0.002005786
test_00475,0.0066168243
test_00476,0.47328097
test_00477,0.015169168
test_00478,0.42066842
test_00479,0.9996966
test_00480,0.9972051
test_00481,0.007652027
test_00482,0.036204133
test_00483,0.9236787
test_00484,0.00038976897
test_00485,0.0064396276
test_00486,0.0007383719
test_00487,0.9974617
test_00488,0.0014173831
test_00489,0.999572
test_00490,0.9599349
test_00491,0.40584785
test_00492,0.85632765
test_00493,0.9999653
test_00494,0.9993585
test_00495,0.9983552
test_00496,0.30507785
test_00497,0.98199975
test_00498,0.0504558
test_00499,0.00038751878
test_00500,0.99952996
test_00501,0.0008992206
test_00502,0.9931462
test_00503,0.017590994
test_00504,0.99973327
test_00505,0.5954275
test_00506,0.96701217
test_00507,0.0020115383
test_00508,0.85648775
test_00509,0.037016135
test_00510,0.9426899
test_00511,0.83812994
test_00512,0.9995623
test_00513,0.96533805
test_00514,0.0011234542
test_00515,0.0030903267
test_00516,0.008152361
test_00517,0.02151265
test_00518,0.02734855
test_00519,0.9978898
test_00520,0.001817052
test_00521,0.9928443
test_00522,0.99217004
test_00523,0.00038314585
test_00524,0.99965346
test_00525,0.33391935
test_00526,0.23861718
test_00527,0.020057566
test_00528,0.0069921357
test_00529,0.82028747
test_00530,0.06815915
test_00531,0.96608204
test_00532,0.60409194
test_00533,0.0004774273
test_00534,0.99918395
test_00535,0.009726446
test_00536,0.0019740625
test_00537,0.013240927
test_00538,0.9988121
test_00539,0.009192144
test_00540,0.84784955
test_00541,0.11540045
test_00542,0.5610396
test_00543,0.99982005
test_00544,0.9711632
test_00545,0.0008720767
test_00546,0.013676555
test_00547,0.9991567
test_00548,0.004846258
test_00549,0.43458822
test_00550,0.2225554
test_00551,0.0015921928
test_00552,0.0022945178
test_00553,0.43139598
test_00554,0.5318437
test_00555,0.40438953
test_00556,0.9802248
test_00557,0.99701345
test_00558,0.04185746
test_00559,0.00012354586
test_00560,0.82011175
test_00561,0.01857337
test_00562,0.2866646
test_00563,0.0069230953
test_00564,0.99949574
test_00565,0.979982
test_00566,0.0017635401
test_00567,0.70830375
test_00568,0.0004274313
test_00569,0.092499696
test_00570,0.05888956
test_00571,0.0028708663
test_00572,0.0017559571
test_00573,0.06617309
test_00574,0.014335136
test_00575,0.91017854
test_00576,0.9932221
test_00577,0.7906215
test_00578,0.00046207165
test_00579,0.8357716
test_00580,0.99961483
test_00581,0.9998661
test_00582,0.051284604
test_00583,0.9641421
test_00584,0.026731856
test_00585,0.0070444266
test_00586,0.9988951
test_00587,0.99599636
test_00588,0.08948455
test_00589,0.0030849047
test_00590,0.00010114363
test_00591,0.0005594512
test_00592,0.0018331113
test_00593,0.5938828
test_00594,0.9565835
test_00595,0.036468122
test_00596,0.015477875
test_00597,5.7472702e-05
test_00598,0.9998857
test_00599,0.006864552
test_00600,0.5014112
test_00601,0.98106754
test_00602,0.8364913
test_00603,0.009342686
test_00604,0.37327734
test_00605,0.99080664
test_00606,0.99957865
test_00607,0.3751309
test_00608,0.02479024
test_00609,0.0045113172
test_00610,0.99984944
test_00611,0.4784759
test_00612,0.8689323
test_00613,0.056975324
test_00614,0.89754605
test_00615,0.999992
test_00616,0.0017241061
test_00617,0.99990535
test_00618,0.003190226
test_00619,0.9983785
test_00620,0.9992625
test_00621,0.02013296
test_00622,0.9993987
test_00623,0.99710435
test_00624,0.0034246515
test_00625,0.01142557
test_00626,0.88905084
test_00627,0.039398093
test_00628,0.0034850617
test_00629,0.5247266
test_00630,0.9998548
test_00631,0.9666944
test_00632,0.9534288
test_00633,0.9621092
test_00634,0.9994192
test_00635,0.000109360924
test_00636,0.48652682
test_00637,0.34764782
test_00638,0.002730479
test_00639,0.99994934
test_00640,0.00019692347
test_00641,0.99996984
test_00642,0.9483683
test_00643,0.008287572
test_00644,0.93036455
test_00645,0.99980766
test_00646,0.007601322
test_00647,0.0017695508
test_00648,0.98781174
test_00649,0.9461664
test_00650,0.017055515
test_00651,0.36422548
test_00652,0.0007384222
test_00653,0.99979323
test_00654,0.98125595
test_00655,0.45106524
test_00656,0.006133716
test_00657,0.37342846
test_00658,0.9636336
test_00659,0.19985193
test_00660,0.13511871
test_00661,0.0077371704
test_00662,0.0013745257
test_00663,0.47864288
test_00664,0.0008104252
test_00665,0.040601015
test_00666,0.3562809
test_00667,0.70814604
test_00668,0.0011566421
test_00669,0.19582987
test_00670,0.9690627
test_00671,0.99940884
test_00672,0.94262886
test_00673,0.9998221
test_00674,0.99373055
test_00675,0.9933368
test_00676,0.0058285547
test_00677,0.049023174
test_00678,0.96460396
test_00679,0.00020695536
test_00680,0.12830347
test_00681,0.9977301
test_00682,0.9912759
test_00683,0.9205254
test_00684,0.9181834
test_00685,0.99985445
test_00686,0.99934644
test_00687,0.8217724
test_00688,0.021202026
test_00689,0.9810697
test_00690,0.0029623709
test_00691,0.9931781
test_00692,0.97798926
test_00693,0.9883111
test_00694,0.0014216175
test_00695,0.019917525
test_00696,0.18136315
test_00697,0.99940836
test_00698,0.0013002324
test_00699,0.00084758346
test_00700,0.9790688
test_00701,0.9979996
test_00702,0.9736077
test_00703,0.0027373964
test_00704,0.00020733099
test_00705,0.94974303
test_00706,0.005981005
test_00707,0.9727505
test_00708,0.0009416053
test_00709,0.34195328
test_00710,0.4737102
test_00711,0.9944877
test_00712,0.8161612
test_00713,0.0065300213
test_00714,0.074280985
test_00715,0.7878975
test_00716,0.99938214
test_00717,0.95914155
test_00718,0.0053598
test_00719,0.0029125938
test_00720,0.87019557
test_00721,0.0027586545
test_00722,0.00068972964
test_00723,0.9998702
test_00724,0.93514806
test_00725,0.99263024
test_00726,0.0030866412
test_00727,7.495501e-05
test_00728,0.99999857
test_00729,0.9996679
test_00730,0.9772002
test_00731,0.8518358
test_00732,0.00094418984
test_00733,0.011878414
test_00734,0.8744238
test_00735,0.017886939
test_00736,0.35541508
test_00737,0.9960025
test_00738,0.057294156
test_00739,0.9996655
test_00740,0.028214725
test_00741,0.9998141
test_00742,0.9989022
test_00743,0.6819937
test_00744,0.012263677
test_00745,0.93926495
test_00746,0.0014890039
test_00747,0.022002283
test_00748,0.9968284
test_00749,0.00024261628
test_00750,0.13416418
test_00751,0.9997429
test_00752,0.00998023
test_00753,0.023994938
test_00754,0.18036787
test_00755,0.87488234
test_00756,2.8731163e-05
test_00757,0.0029974454
test_00758,0.006394944
test_00759,0.03097988
test_00760,0.9981998
test_00761,0.9805587
test_00762,0.0037226067
test_00763,0.7896049
test_00764,0.14554422
test_00765,0.99801624
test_00766,0.0068844124
test_00767,0.98414063
test_00768,0.05259576
test_00769,0.00013555917
test_00770,0.9998795
test_00771,0.21682161
test_00772,0.0019315823
test_00773,0.9961994
test_00774,0.96366805
test_00775,0.9994006
test_00776,0.99983776
test_00777,0.015521141
test_00778,0.13231525
test_00779,0.023454558
test_00780,0.98879075
test_00781,0.005330552
test_00782,0.17684561
test_00783,0.77516246
test_00784,0.8756614
test_00785,0.99337596
test_00786,0.9933421
test_00787,0.0011283886
test_00788,0.9990521
test_00789,0.9300892
test_00790,0.9922909
test_00791,0.9985989
test_00792,0.99780434
test_00793,0.000509434
test_00794,0.96254
test_00795,0.0017693855
test_00796,0.0020213
test_00797,0.012292568
test_00798,0.9848551
test_00799,0.78374845
test_00800,0.0034723382
test_00801,0.0029975304
test_00802,0.0039287326
test_00803,0.011863191
test_00804,0.59857464
test_00805,0.008638602
test_00806,0.9999187
test_00807,0.999824
test_00808,0.0064969994
test_00809,0.44521475
test_00810,0.99738485
test_00811,0.9997204
test_00812,0.5743084
test_00813,0.03108939
test_00814,0.820099
test_00815,0.030595783
test_00816,0.033166237
test_00817,0.0029277657
test_00818,0.07313437
test_00819,0.8779834
test_00820,0.024812758
test_00821,0.0038497841
test_00822,0.6595541
test_00823,0.0010497642
test_00824,0.004714705
test_00825,0.99992776
test_00826,0.9055316
test_00827,0.98962224
test_00828,0.5728006
test_00829,0.99778974
test_00830,0.9995334
test_00831,0.99693894
test_00832,0.058911107
test_00833,0.039048653
test_00834,0.0004913089
test_00835,0.13080812
test_00836,0.9986761
test_00837,0.9982327
test_00838,0.0011716494
test_00839,0.0015294128
test_00840,9.486169e-05
test_00841,0.3709235
test_00842,0.9533831
test_00843,0.99991786
test_00844,0.0002990148
test_00845,0.00020269724
test_00846,0.9925599
test_00847,0.52404004
test_00848,0.00047846828
test_00849,0.37940598
test_00850,0.0685558
test_00851,0.99097705
test_00852,0.96009916
test_00853,0.99963284
test_00854,0.7910402
test_00855,0.13287553
test_00856,0.88550943
test_00857,0.050805714
test_00858,0.0055876174
test_00859,0.9675667
test_00860,0.015570267
test_00861,0.9999639
test_00862,0.007659726
test_00863,0.99980646
test_00864,0.40614164
test_00865,0.0023152926
test_00866,0.5073943
test_00867,0.028700126
test_00868,0.60078806
test_00869,0.5840826
test_00870,0.008777001
test_00871,0.0012110383
test_00872,6.3948675e-05
test_00873,0.9985293
test_00874,0.0007219617
test_00875,0.748345
test_00876,0.04275996
test_00877,0.015149911
test_00878,0.0025331478
test_00879,0.99947804
test_00880,0.48315442
test_00881,0.99999654
test_00882,0.71268976
test_00883,0.9931753
test_00884,0.97086346
test_00885,0.78652906
test_00886,0.0077548767
test_00887,0.054560386
test_00888,0.038677264
test_00889,0.998461
test_00890,0.64370996
test_00891,0.97020334
test_00892,0.012342417
test_00893,0.9299821
test_00894,0.9994986
test_00895,0.9893833
test_00896,0.9999696
test_00897,0.15115704
test_00898,0.10276849
test_00899,0.0015933454
test_00900,0.0011865557
test_00901,0.99800164
test_00902,0.23620458
test_00903,0.99967945
test_00904,0.99989283
test_00905,0.038377423
test_00906,0.033224475
test_00907,0.9633326
test_00908,0.0047510606
test_00909,0.9743533
test_00910,0.0017628334
test_00911,0.99989796
test_00912,0.33615035
test_00913,0.00032950338
test_00914,0.020525359
test_00915,0.25413364
test_00916,0.006462116
test_00917,0.9969573
test_00918,0.006607913
test_00919,0.010098631
test_00920,0.023175206
test_00921,2.7673474e-05
test_00922,0.9978828
test_00923,0.00081161264
test_00924,0.98941773
test_00925,0.9943757
test_00926,0.9990395
test_00927,0.011332602
test_00928,0.9553791
test_00929,0.38763884
test_00930,0.00016041714
test_00931,0.9975696
test_00932,0.047900505
test_00933,0.9999186
test_00934,0.99980766
test_00935,0.003486902
test_00936,0.97456723
test_00937,0.99975294
test_00938,0.0010144998
test_00939,0.99993026
test_00940,0.99969125
test_00941,0.99993026
test_00942,0.9998517
test_00943,0.001035769
test_00944,0.006569248
test_00945,0.92288107
test_00946,0.98431087
test_00947,0.01003334
test_00948,0.007775352
test_00949,0.00028120496
test_00950,0.00082793075
test_00951,0.7568833
test_00952,0.7312824
test_00953,0.99976736
test_00954,0.035574555
test_00955,0.9981148
test_00956,0.7636516
test_00957,0.49326375
test_00958,0.027330264
test_00959,0.93363327
test_00960,6.815854e-05
test_00961,0.98059434
test_00962,0.006104343
test_00963,0.9994531
test_00964,0.99959964
test_00965,0.9966484
test_00966,0.75654846
test_00967,0.0012543735
test_00968,0.00013264001
test_00969,0.99265516
test_00970,0.96115774
test_00971,0.9968554
test_00972,0.5415791
test_00973,0.0023041803
test_00974,0.0075414535
test_00975,0.98936605
test_00976,0.006610666
test_00977,0.95912105
test_00978,0.009829727
test_00979,0.1950963
test_00980,0.9929195
test_00981,0.8889065
test_00982,0.18046716
test_00983,0.45908114
test_00984,0.18922663
test_00985,0.99166965
test_00986,0.0012218922
test_00987,0.0013095409
test_00988,0.27785337
test_00989,0.86154544
test_00990,0.09986881
test_00991,0.9446343
test_00992,0.000140236
test_00993,0.0004373398
test_00994,0.018619535
test_00995,0.1635763
test_00996,0.99842864
test_00997,0.99224997
test_00998,0.001877613
test_00999,0.020514984
test_01000,0.68396336
test_01001,0.9645208
test_01002,0.87807673
test_01003,0.88465965
test_01004,0.018446054
test_01005,0.0012254076
test_01006,0.09513198
test_01007,0.019419724
test_01008,0.6810113
test_01009,0.99390936
test_01010,0.9358922
test_01011,0.9892351
test_01012,0.050239906
test_01013,0.0021446776
test_01014,0.0015844452
test_01015,0.96973306
test_01016,0.9298343
test_01017,0.054865934
test_01018,0.99935645
test_01019,0.9962798
test_01020,0.99785584
test_01021,0.9921976
test_01022,0.6019221
test_01023,0.96899843
test_01024,0.0067150486
test_01025,0.013164267
test_01026,0.99252945
test_01027,0.0016634499
test_01028,0.0035343356
test_01029,0.9992231
test_01030,0.9960576
test_01031,0.5526657
test_01032,0.0021540443
test_01033,0.9995167
test_01034,0.093139105
test_01035,0.0091503505
test_01036,0.99844885
test_01037,0.99922204
test_01038,0.7589794
test_01039,0.9985978
test_01040,0.9993048
test_01041,0.997175
test_01042,0.9824769
test_01043,0.7658519
test_01044,0.999617
test_01045,0.94861186
test_01046,0.003471555
test_01047,0.99742484
test_01048,0.9997336
test_01049,0.013193679
test_01050,0.005503566
test_01051,0.80267644
test_01052,0.88578165
test_01053,0.00047073557
test_01054,0.23442154
test_01055,0.01453375
test_01056,0.02136502
test_01057,0.0026245331
test_01058,0.9923063
test_01059,0.17355567
test_01060,0.93405294
test_01061,0.9987424
test_01062,0.063508905
test_01063,0.005009916
test_01064,0.01071805
test_01065,0.14797868
test_01066,0.7356427
test_01067,0.034789234
test_01068,0.97240573
test_01069,0.007813962
test_01070,0.99943274
test_01071,0.9999461
test_01072,0.9699893
test_01073,0.9967417
test_01074,0.9590418
test_01075,0.082688645
test_01076,0.0048648776
test_01077,0.94795156
test_01078,0.0007951577
test_01079,0.9993343
test_01080,0.99632746
test_01081,0.9995018
test_01082,0.98537713
test_01083,0.96348
test_01084,0.1391899
test_01085,0.8607245
test_01086,0.95854795
test_01087,0.25478572
test_01088,0.009021768
test_01089,0.99573344
test_01090,0.9999777
test_01091,0.9977059
test_01092,0.4598356
test_01093,4.8853963e-05
test_01094,0.00034367954
test_01095,0.9980236
test_01096,0.0059314715
test_01097,0.99899954
test_01098,0.99843377
test_01099,0.20847933
test_01100,0.0008160601
test_01101,0.006295851
test_01102,0.99924004
test_01103,0.013841201
test_01104,0.03270055
test_01105,0.9406358
test_01106,0.3419861
test_01107,0.9763985
test_01108,0.91597027
test_01109,0.000165838
test_01110,0.9910443
test_01111,0.0034700392
test_01112,0.04230212
test_01113,0.8656642
test_01114,0.0005439885
test_01115,0.0014975065
test_01116,0.5437319
test_01117,0.99994886
test_01118,0.00083531387
test_01119,0.24067363
test_01120,0.010546125
test_01121,0.99957544
test_01122,0.21426678
test_01123,0.3289377
test_01124,0.0004286209
test_01125,0.26321465
test_01126,0.99986994
test_01127,0.0043001613
test_01128,0.84320897
test_01129,0.043078933
test_01130,0.9889297
test_01131,0.022519417
test_01132,0.0006127424
test_01133,0.0025035609
test_01134,0.001038176
test_01135,0.5983137
test_01136,0.0859018
test_01137,0.99928814
test_01138,0.9940322
test_01139,0.0030500148
test_01140,0.48081803
test_01141,0.99934
test_01142,0.6397275
test_01143,0.9992872
test_01144,0.9997446
test_01145,0.80841947
test_01146,0.99730766
test_01147,0.17327836
test_01148,0.99967754
test_01149,0.6854028
test_01150,0.9969548
test_01151,0.011542967
test_01152,0.032635905
test_01153,0.9927908
test_01154,0.99413365
test_01155,0.09232539
test_01156,0.0007850598
test_01157,0.018790813
test_01158,0.14177653
test_01159,0.0008810762
test_01160,0.0008801121
test_01161,0.04227789
test_01162,0.0007100817
test_01163,0.99964774
test_01164,0.0016476606
test_01165,0.0045933845
test_01166,0.9986738
test_01167,0.9734918
test_01168,0.83613425
test_01169,0.005856806
test_01170,0.010864717
test_01171,0.99314207
test_01172,0.99441916
test_01173,0.00380775
test_01174,0.9307267
test_01175,4.284371e-05
test_01176,0.00515766
test_01177,0.99096537
test_01178,0.10983247
test_01179,2.4104449e-05
test_01180,0.00043479397
test_01181,0.008780714
test_01182,0.99583215
test_01183,0.9966864
test_01184,0.9961987
test_01185,0.0029239599
test_01186,0.28082097
test_01187,0.09991164
test_01188,0.00084929133
test_01189,0.00022254021
test_01190,0.009013109
test_01191,0.14949144
test_01192,0.9996911
test_01193,0.008419894
test_01194,0.9980957
test_01195,0.9192598
test_01196,0.92378366
test_01197,0.8732112
test_01198,0.081874646
test_01199,0.00083630305
test_01200,0.9993241
test_01201,0.17919707
test_01202,0.99956065
test_01203,0.88456327
test_01204,0.001220801
test_01205,0.0021313871
test_01206,0.8782654
test_01207,0.0017785651
test_01208,0.9508608
test_01209,0.1638327
test_01210,0.99970144
test_01211,0.99239254
test_01212,0.0027684805
test_01213,0.9557347
test_01214,0.59556735
test_01215,0.00561266
test_01216,0.9997197
test_01217,0.0060748355
test_01218,0.009302769
test_01219,0.0014437112
test_01220,0.99964476
test_01221,0.99972516
test_01222,0.0004500332
test_01223,0.86032516
test_01224,0.98457134
test_01225,0.94131166
test_01226,0.010126784
test_01227,0.98853254
test_01228,0.07685102
test_01229,0.9993309
test_01230,0.9994506
test_01231,0.9365593
test_01232,0.0004229985
test_01233,0.9922376
test_01234,0.2161477
test_01235,0.99948823
test_01236,0.9993774
test_01237,0.015391893
test_01238,0.0211967
test_01239,0.998744
test_01240,0.9987752
test_01241,0.8395663
test_01242,0.365781
test_01243,0.03022741
test_01244,0.0011789959
test_01245,0.99947804
test_01246,0.99448013
test_01247,0.9711719
test_01248,0.0054337787
test_01249,0.97686714
test_01250,0.67924345
test_01251,0.98168427
test_01252,0.41960505
test_01253,0.34521326
test_01254,0.997581
test_01255,0.99586403
test_01256,0.9928536
test_01257,0.522691
test_01258,8.903218e-05
test_01259,0.019180173
test_01260,0.066301174
test_01261,0.99868506
test_01262,0.56092113
test_01263,0.9994862
test_01264,0.021172203
test_01265,0.9999399
test_01266,0.0022334664
test_01267,0.0016624406
test_01268,0.0006178207
test_01269,0.9070438
test_01270,0.6665287
test_01271,0.0026329297
test_01272,0.0021553626
test_01273,0.003822753
test_01274,0.0014144193
test_01275,0.99908614
test_01276,0.06268009
test_01277,0.2821703
test_01278,0.7264441
test_01279,0.0020532375
test_01280,0.77092993
test_01281,0.98494625
test_01282,0.9938512
test_01283,0.9806213
test_01284,0.0015924537
test_01285,0.9230689
test_01286,0.9940599
test_01287,0.8750265
test_01288,0.19314739
test_01289,0.99572694
test_01290,0.98011243
test_01291,0.008447843
test_01292,0.60575134
test_01293,0.004090515
test_01294,0.99714774
test_01295,0.9623479
test_01296,0.9507943
test_01297,0.99980515
test_01298,0.02387867
test_01299,0.9726237
test_01300,3.260045e-05
test_01301,0.9987531
test_01302,0.9677669
test_01303,0.04350088
test_01304,0.03154264
test_01305,0.00017931599
test_01306,0.021266961
test_01307,0.9942662
test_01308,0.99986947
test_01309,0.003274708
test_01310,0.9984732
test_01311,0.00021687317
test_01312,0.9997658
test_01313,0.008406671
test_01314,0.9987174
test_01315,0.005169038
test_01316,0.7330401
test_01317,0.9957682
test_01318,0.055025492
test_01319,0.002662052
test_01320,0.7052088
test_01321,0.18632984
test_01322,0.96179503
test_01323,0.0031383338
test_01324,0.008521728
test_01325,0.98948646
test_01326,0.035554174
test_01327,0.86506003
test_01328,0.99585414
test_01329,0.9995308
test_01330,0.9955948
test_01331,0.001967461
test_01332,0.46003795
test_01333,0.7320884
test_01334,0.2008767
test_01335,0.9999589
test_01336,0.7786263
test_01337,0.999913
test_01338,0.999592
test_01339,0.9900478
test_01340,0.06351514
test_01341,0.99730945
test_01342,0.7462018
test_01343,0.68047506
test_01344,0.9997948
test_01345,0.8753892
test_01346,0.10700574
test_01347,0.9975591
test_01348,0.002797119
test_01349,0.24640507
test_01350,0.9919276
test_01351,0.9997712
test_01352,0.9996449
test_01353,3.9364672e-06
test_01354,0.9987023
test_01355,0.81124324
test_01356,0.0473069
test_01357,0.009326736
test_01358,0.8969889
test_01359,0.41065174
test_01360,0.005730714
test_01361,0.99855024
test_01362,0.00048865506
test_01363,0.9957463
test_01364,0.9681055
test_01365,0.44030458
test_01366,0.02623822
test_01367,0.9194063
test_01368,0.2806652
test_01369,0.0009833033
test_01370,0.009632833
test_01371,0.00167656
test_01372,0.04591981
test_01373,0.9981741
test_01374,0.99710864
test_01375,0.0010155564
test_01376,0.00024826205
test_01377,0.0016868768
test_01378,0.0005336415
test_01379,0.0009057989
test_01380,0.07256189
test_01381,0.0006468802
test_01382,0.97149557
test_01383,0.98058033
test_01384,0.9978041
test_01385,0.9872038
test_01386,0.42256778
test_01387,0.0024118253
test_01388,0.07255473
test_01389,1.0852216e-05
test_01390,0.00071203057
test_01391,0.0023692008
test_01392,0.99033827
test_01393,0.99881375
test_01394,0.005005276
test_01395,0.9989422
test_01396,0.9977837
test_01397,0.7587381
test_01398,0.023723412
test_01399,0.058260586
test_01400,0.10605179
test_01401,0.00070871
test_01402,0.008134556
test_01403,0.7231666
test_01404,0.9975242
test_01405,0.9937784
test_01406,0.010231339
test_01407,0.1304811
test_01408,0.9998084
test_01409,0.99944776
test_01410,0.9645433
test_01411,0.0026674683
test_01412,0.00025898905
test_01413,0.0005341478
test_01414,0.12090724
test_01415,0.92686945
test_01416,0.9998386
test_01417,0.0041676452
test_01418,0.99945205
test_01419,0.3869125
test_01420,0.0013556986
test_01421,0.00033329785
test_01422,0.082843214
test_01423,0.9998944
test_01424,0.9592246
test_01425,0.99259686
test_01426,0.9978484
test_01427,0.0013467405
test_01428,0.99996626
test_01429,0.9013242
test_01430,0.21431759
test_01431,0.0020599752
test_01432,0.9974847
test_01433,0.9653024
test_01434,0.9933216
test_01435,0.0119710155
test_01436,0.0025936214
test_01437,0.0332435
test_01438,0.013065852
test_01439,0.9578044
test_01440,0.9927078
test_01441,0.7684076
test_01442,0.99147755
test_01443,0.013783127
test_01444,0.31542352
test_01445,0.9980798
test_01446,0.09578678
test_01447,0.97809327
test_01448,0.98512936
test_01449,0.8205247
test_01450,0.9667369
test_01451,0.2249125
test_01452,0.99954385
test_01453,0.9819011
test_01454,0.9478548
test_01455,0.9634541
test_01456,0.9354441
test_01457,0.99369806
test_01458,0.89936715
test_01459,0.99803406
test_01460,0.00044580086
test_01461,0.0069959536
test_01462,0.00029662007
test_01463,0.89256257
test_01464,0.0029417356
test_01465,0.705028
test_01466,0.9924459
test_01467,0.97142875
test_01468,0.9544353
test_01469,0.006134515
test_01470,0.008675301
test_01471,0.71451247
test_01472,0.92622614
test_01473,0.00024395282
test_01474,0.94865465
test_01475,0.0005051048
test_01476,0.0014296426
test_01477,1.10734645e-05
test_01478,0.00019153903
test_01479,0.29739454
test_01480,0.9993942
test_01481,0.9230198
test_01482,0.051198814
test_01483,0.70788705
test_01484,0.0005537289
test_01485,0.8890651
test_01486,0.9986571
test_01487,7.600297e-05
test_01488,0.9996177
test_01489,0.85453147
test_01490,0.99344105
test_01491,0.012028762
test_01492,0.0053172344
test_01493,0.0030683181
test_01494,0.0015493275
test_01495,0.0013936044
test_01496,0.9952674
test_01497,0.9293316
test_01498,0.6372828
test_01499,0.000717233
test_01500,0.5189965
test_01501,0.13527794
test_01502,0.18546763
test_01503,0.93847346
test_01504,0.99864775
test_01505,0.09010219
test_01506,0.9747473
test_01507,0.99345595
test_01508,0.81076175
test_01509,0.93295324
test_01510,0.76481164
test_01511,0.99917847
test_01512,0.9990087
test_01513,0.95347834
test_01514,0.15521875
test_01515,0.9988268
test_01516,0.10211957
test_01517,0.7804372
test_01518,0.95549935
test_01519,0.6605454
test_01520,0.9986834
test_01521,0.9973206
test_01522,0.9993892
test_01523,0.95553935
test_01524,0.9939283
test_01525,0.9554644
test_01526,0.0006542048
test_01527,0.9935464
test_01528,0.9995586
test_01529,0.002013749
test_01530,0.95844567
test_01531,0.021784442
test_01532,0.9817711
test_01533,0.9576292
test_01534,0.0015844014
test_01535,0.026602458
test_01536,0.00011388712
test_01537,0.9993155
test_01538,0.0069234297
test_01539,0.99745244
test_01540,0.6160127
test_01541,0.5030458
test_01542,0.5393362
test_01543,0.9988171
test_01544,0.03386903
test_01545,0.99909234
test_01546,0.96784616
test_01547,0.626212
test_01548,0.0016150861
test_01549,0.94375277
test_01550,0.99991167
test_01551,0.0043520844
test_01552,0.9762356
test_01553,0.9321096
test_01554,0.00081435416
test_01555,0.34244987
test_01556,0.99949026
test_01557,0.99965334
test_01558,0.99103886
test_01559,0.014603972
test_01560,0.98555946
test_01561,0.11567972
test_01562,0.014878739
test_01563,0.9985808
test_01564,0.000928583
test_01565,0.999666
test_01566,0.99721235
test_01567,0.0039195586
test_01568,0.000278241
test_01569,0.0019824067
test_01570,0.009667596
test_01571,0.97668195
test_01572,0.6508016
test_01573,0.73651516
test_01574,0.054057416
test_01575,7.346338e-05
test_01576,0.9957495
test_01577,0.015816491
test_01578,0.9980293
test_01579,0.44883406
test_01580,0.13557598
test_01581,0.9939845
test_01582,0.0075375102
test_01583,0.009910427
test_01584,0.17433399
test_01585,0.0059985723
test_01586,0.9997613
test_01587,0.65163386
test_01588,0.2527997
test_01589,0.031232873
test_01590,0.99955016
test_01591,0.9993505
test_01592,0.02388402
test_01593,0.03135044
test_01594,0.9752119
test_01595,0.99467576
test_01596,0.0026749836
test_01597,4.1886215e-05
test_01598,0.0011423227
test_01599,0.9704954
test_01600,0.00030399158
test_01601,0.9729514
test_01602,0.0050473968
test_01603,0.9967616
test_01604,0.9932808
test_01605,0.011974162
test_01606,0.0036810173
test_01607,0.9964569
test_01608,0.9174899
test_01609,0.99112916
test_01610,0.9978258
test_01611,0.0055655558
test_01612,0.99972373
test_01613,0.44354403
test_01614,0.008069988
test_01615,0.96268886
test_01616,0.0037699866
test_01617,0.7207892
test_01618,0.9954091
test_01619,0.0002802577
test_01620,8.109506e-05
test_01621,0.2962806
test_01622,0.99406
test_01623,0.9655618
test_01624,0.2631651
test_01625,0.26192683
test_01626,0.98414594
test_01627,0.92431104
test_01628,0.26155514
test_01629,0.9902872
test_01630,0.9924124
test_01631,0.9975727
test_01632,0.001458175
test_01633,0.9843077
test_01634,0.0010262523
test_01635,0.9825562
test_01636,0.97765565
test_01637,0.017982885
test_01638,0.80012894
test_01639,0.023215586
test_01640,0.020687908
test_01641,0.059340045
test_01642,0.9981286
test_01643,0.029560763
test_01644,0.9237094
test_01645,0.9661679
test_01646,0.758483
test_01647,0.9893055
test_01648,0.9721605
test_01649,0.021652494
test_01650,0.0725931
test_01651,0.11795987
test_01652,0.9997533
test_01653,0.09318799
test_01654,0.89621514
test_01655,0.99600726
test_01656,0.997821
test_01657,0.00015314785
test_01658,0.6628957
test_01659,0.0065146675
test_01660,0.99991906
test_01661,0.0032447155
test_01662,0.9981589
test_01663,0.0008667161
test_01664,0.017526684
test_01665,0.9299704
test_01666,0.00065539236
test_01667,5.3969175e-05
test_01668,0.906879
test_01669,0.23700526
test_01670,0.7790481
test_01671,0.9924193
test_01672,0.99933845
test_01673,0.69001764
test_01674,0.0032154953
test_01675,0.0010115906
test_01676,0.9956844
test_01677,0.3165088
test_01678,0.90751886
test_01679,0.9659787
test_01680,0.002759123
test_01681,0.77519256
test_01682,0.9984567
test_01683,0.0015025968
test_01684,0.99682885
test_01685,0.994808
test_01686,0.99870586
test_01687,0.48072198
test_01688,0.036283318
test_01689,0.00245953
test_01690,0.99720085
test_01691,0.11245972
test_01692,0.026144149
test_01693,0.4370705
test_01694,0.01826852
test_01695,0.04061415
test_01696,0.9842419
test_01697,0.9849187
test_01698,0.99947566
test_01699,0.029787553
test_01700,0.99842286
test_01701,0.0024058016
test_01702,0.003411154
test_01703,0.9997346
test_01704,0.0005010372
test_01705,0.30563828
test_01706,0.86855763
test_01707,0.963299
test_01708,0.99414057
test_01709,0.99293876
test_01710,0.9780226
test_01711,0.0019002163
test_01712,0.043383528
test_01713,0.0009876348
test_01714,0.039198123
test_01715,0.9917646
test_01716,0.98292875
test_01717,0.99978536
test_01718,0.000522682
test_01719,0.0013591317
test_01720,0.9936673
test_01721,0.00095129537
test_01722,0.9973061
test_01723,0.027264113
test_01724,0.00023345217
test_01725,0.0021267706
test_01726,0.0019900752
test_01727,0.9810652
test_01728,0.3422372
test_01729,0.98020524
test_01730,0.039168045
test_01731,0.06984251
test_01732,0.051103033
test_01733,0.9999336
test_01734,0.85846424
test_01735,0.9992895
test_01736,0.97540206
test_01737,0.99696004
test_01738,0.9736892
test_01739,0.26734078
test_01740,0.6853635
test_01741,0.006165017
test_01742,0.00046999552
test_01743,0.9218589
test_01744,0.92919016
test_01745,0.06855974
test_01746,0.5168734
test_01747,0.99105525
test_01748,0.041466545
test_01749,0.808419
test_01750,0.99778205
test_01751,0.20223083
test_01752,0.00043601863
test_01753,0.47613007
test_01754,0.027771825
test_01755,0.2760079
test_01756,0.88291657
test_01757,0.8954013
test_01758,0.006887015
test_01759,0.071170256
test_01760,0.9990891
test_01761,0.005359169
test_01762,0.0005578139
test_01763,0.044984333
test_01764,0.9925392
test_01765,0.98013717
test_01766,0.000235078
test_01767,6.8541915e-05
test_01768,0.027329866
test_01769,0.95983285
test_01770,0.98567075
test_01771,0.001405719
test_01772,0.020098833
test_01773,0.98119044
test_01774,0.9975097
test_01775,0.9980122
test_01776,0.9987042
test_01777,0.90424234
test_01778,0.9999511
test_01779,0.1775364
test_01780,0.025019407
test_01781,0.99878484
test_01782,0.003118456
test_01783,0.96099645
test_01784,0.00034241975
test_01785,0.96146643
test_01786,0.72168845
test_01787,0.73519707
test_01788,0.9987777
test_01789,0.020707669
test_01790,0.0028977795
test_01791,0.98049396
test_01792,0.54990613
test_01793,0.17939101
test_01794,0.99305564
test_01795,0.0063771736
test_01796,0.010409809
test_01797,0.012673449
test_01798,0.8372599
test_01799,0.49025166
test_01800,0.99635243
test_01801,0.9992336
test_01802,0.00028757975
test_01803,0.98015803
test_01804,0.9946292
test_01805,0.0021577205
test_01806,0.3237126
test_01807,0.99988616
test_01808,0.99379706
test_01809,0.9998915
test_01810,0.99691486
test_01811,0.977523
test_01812,0.999995
test_01813,0.328666
test_01814,0.006833421
test_01815,0.9985964
test_01816,0.5855846
test_01817,0.0037952396
test_01818,0.99602675
test_01819,0.92805874
test_01820,0.012867885
test_01821,0.99682057
test_01822,0.88306683
test_01823,0.004506897
test_01824,0.5592207
test_01825,0.06756222
test_01826,0.8645126
test_01827,0.00016811458
test_01828,0.9990741
test_01829,0.0030111133
test_01830,0.999084
test_01831,0.012730293
test_01832,0.00107868
test_01833,0.002469316
test_01834,0.44071892
test_01835,0.517641
test_01836,0.010826147
test_01837,0.99990106
test_01838,0.0057961154
test_01839,0.82856077
test_01840,0.008112372
test_01841,0.943054
test_01842,0.10530934
test_01843,0.021659622
test_01844,0.9532911
test_01845,0.99085313
test_01846,0.998393
test_01847,0.9900857
test_01848,0.0017141878
test_01849,0.68843037
test_01850,0.92404336
test_01851,0.99616206
test_01852,0.00029366216
test_01853,0.18139543
test_01854,0.0019711712
test_01855,0.0018036512
test_01856,0.7839502
test_01857,0.002737387
test_01858,0.99851745
test_01859,0.15259351
test_01860,0.9985476
test_01861,0.0047719986
test_01862,0.86268073
test_01863,0.9319232
test_01864,0.00019402344
test_01865,0.99523973
test_01866,0.017276399
test_01867,0.05177972
test_01868,0.0004560787
test_01869,0.9997737
test_01870,0.009495293
test_01871,0.99835443
test_01872,0.021933667
test_01873,0.9774136
test_01874,0.47661018
test_01875,0.02192027
test_01876,0.9975374
test_01877,0.9998061
test_01878,0.0065567936
test_01879,0.99740463
test_01880,0.9976236
test_01881,0.9951715
test_01882,0.00025557377
test_01883,0.033706833
test_01884,0.023199081
test_01885,0.14320864
test_01886,0.012079034
test_01887,0.8152005
test_01888,0.07498618
test_01889,0.0065442477
test_01890,0.9993698
test_01891,0.4739528
test_01892,0.016465109
test_01893,0.995439
test_01894,0.33482203
test_01895,0.00068518514
test_01896,0.9812719
test_01897,0.1493564
test_01898,0.9045328
test_01899,0.20545231
test_01900,0.9841353
test_01901,0.43086752
test_01902,0.999071
test_01903,0.006209659
test_01904,0.0016298976
test_01905,0.9512299
test_01906,0.025515772
test_01907,0.99543387
test_01908,0.9724993
test_01909,0.050951324
test_01910,0.0145931635
test_01911,0.0023372932
test_01912,0.99918205
test_01913,0.0010206462
test_01914,0.99448943
test_01915,0.0009994502
test_01916,0.99785334
test_01917,0.99935716
test_01918,0.9972947
test_01919,0.15351991
test_01920,0.99981827
test_01921,0.00055401865
test_01922,0.9153799
test_01923,0.24765553
test_01924,0.99907804
test_01925,0.9984546
test_01926,0.0049401154
test_01927,0.9855966
test_01928,0.0013899547
test_01929,0.7893674
test_01930,0.9979663
test_01931,9.9405304e-05
test_01932,0.9999342
test_01933,0.6227941
test_01934,0.97044086
test_01935,0.0117186615
test_01936,0.00029856927
test_01937,0.9733088
test_01938,0.19051462
test_01939,0.99090284
test_01940,0.0017705517
test_01941,0.9987509
test_01942,0.9988668
test_01943,0.028606655
test_01944,0.9685528
test_01945,0.001045725
test_01946,0.34030712
test_01947,0.06896847
test_01948,0.1498223
test_01949,0.028972331
test_01950,0.961947
test_01951,0.07969005
test_01952,0.999183
test_01953,0.019589826
test_01954,0.9998963
test_01955,0.45705348
test_01956,0.9950676
test_01957,0.98000276
test_01958,0.8029136
test_01959,2.8423916e-05
test_01960,0.99365306
test_01961,0.9954763
test_01962,0.0017043328
test_01963,0.28741497
test_01964,0.012647748
test_01965,0.99320954
test_01966,0.0027632825
test_01967,0.12301625
test_01968,0.9998641
test_01969,5.956504e-05
test_01970,0.31658635
test_01971,0.92625827
test_01972,0.9901697
test_01973,0.0017542712
test_01974,0.027477624
test_01975,0.987247
test_01976,0.99963236
test_01977,0.011110942
test_01978,0.99520004
test_01979,0.034837194
test_01980,0.081199504
test_01981,0.011927985
test_01982,0.00075315585
test_01983,0.2841635
test_01984,0.95601684
test_01985,0.9999391
test_01986,0.82300496
test_01987,0.008591126
test_01988,0.00074892025
test_01989,0.81330127
test_01990,0.049745332
test_01991,0.999977
test_01992,0.05275097
test_01993,0.99853206
test_01994,0.1392859
test_01995,0.99896026
test_01996,0.978967
test_01997,0.0899368
test_01998,0.014983201
test_01999,0.016121091
test_02000,0.99973875
test_02001,0.0015651607
test_02002,0.004241954
test_02003,0.9335456
test_02004,0.0004771277
test_02005,0.93116415
test_02006,0.0025944232
test_02007,0.49856493
test_02008,0.13104823
test_02009,0.9497413
test_02010,0.99974793
test_02011,0.99992204
test_02012,0.70699525
test_02013,0.99805176
test_02014,0.0033662894
test_02015,0.0020190454
test_02016,0.9988269
test_02017,0.009454064
test_02018,0.9923746
test_02019,0.9994112
test_02020,0.0076529975
test_02021,0.9980958
test_02022,0.16243799
test_02023,0.62322795
test_02024,0.001867071
test_02025,0.9970722
test_02026,0.9993767
test_02027,0.20097896
test_02028,0.9999639
test_02029,0.9841382
test_02030,0.99968886
test_02031,0.3928113
test_02032,0.024633823
test_02033,0.0003554052
test_02034,0.16815645
test_02035,0.9993759
test_02036,0.0854755
test_02037,0.0010002605
test_02038,0.9746149
test_02039,0.95792866
test_02040,0.5706298
test_02041,0.9865992
test_02042,0.0006518022
test_02043,0.010546587
test_02044,0.08905782
test_02045,0.99995923
test_02046,0.00020219921
test_02047,0.54970044
test_02048,0.94035184
test_02049,0.005917823
test_02050,0.62118584
test_02051,0.9898183
test_02052,0.033826064
test_02053,0.5276163
test_02054,0.75313
test_02055,0.6577271
test_02056,0.99947685
test_02057,0.9967885
test_02058,0.6655732
test_02059,0.9989993
test_02060,0.997818
test_02061,0.8675838
test_02062,0.008871566
test_02063,0.004781594
test_02064,0.92255086
test_02065,0.9755685
test_02066,0.9987458
test_02067,0.0035636956
test_02068,0.052330956
test_02069,0.98560053
test_02070,0.0031590401
test_02071,0.10273326
test_02072,0.9994221
test_02073,0.11083351
test_02074,0.99912137
test_02075,0.46509778
test_02076,0.16074923
test_02077,0.0009293979
test_02078,0.9950222
test_02079,0.014689038
test_02080,0.99999523
test_02081,0.003283802
test_02082,0.9526158
test_02083,0.032792978
test_02084,0.11615824
test_02085,0.08097971
test_02086,0.31592703
test_02087,0.0016830467
test_02088,0.005838878
test_02089,5.444568e-05
test_02090,0.6925999
test_02091,0.005121989
test_02092,0.47257784
test_02093,0.00041167004
test_02094,0.999749
test_02095,0.0049137454
test_02096,0.017013611
test_02097,0.14878143
test_02098,0.95777124
test_02099,0.99988127
test_02100,0.9998447
test_02101,0.85811293
test_02102,0.9992899
test_02103,0.02022783
test_02104,0.0001930756
test_02105,0.90786195
test_02106,0.9991091
test_02107,0.0084425565
test_02108,0.002195578
test_02109,0.006885173
test_02110,0.99246055
test_02111,0.005254757
test_02112,0.979494
test_02113,0.9998894
test_02114,0.9944882
test_02115,0.0014661414
test_02116,0.9975611
test_02117,0.0061221807
test_02118,0.01576512
test_02119,0.99862564
test_02120,0.12086948
test_02121,0.7919494
test_02122,0.023174083
test_02123,0.055495203
test_02124,0.030016575
test_02125,0.9993393
test_02126,0.35023433
test_02127,0.0038098218
test_02128,0.008100041
test_02129,0.8381675
test_02130,0.9994742
test_02131,0.8980983
test_02132,0.9964863
test_02133,0.99741286
test_02134,0.006558341
test_02135,0.9975925
test_02136,0.23260704
test_02137,0.41590825
test_02138,0.99552864
test_02139,0.8603415
test_02140,0.001591379
test_02141,0.99906236
test_02142,0.99956995
test_02143,0.0004178942
test_02144,0.6984387
test_02145,0.011456019
test_02146,0.0011081113
test_02147,0.44070056
test_02148,0.96736664
test_02149,0.014515321
test_02150,0.999853
test_02151,0.028831638
test_02152,0.019866856
test_02153,0.9993024
test_02154,0.9995827
test_02155,0.999696
test_02156,0.5158714
test_02157,0.06859263
test_02158,0.10582655
test_02159,0.9942807
test_02160,0.99975806
test_02161,0.99997556
test_02162,0.99705255
test_02163,0.010626386
test_02164,0.00015902756
test_02165,0.18221475
test_02166,0.0009534341
test_02167,0.81330246
test_02168,0.059301246
test_02169,0.03517868
test_02170,0.98464555
test_02171,0.049240995
test_02172,0.9307549
test_02173,0.001414987
test_02174,0.6533525
test_02175,0.7472888
test_02176,0.1267666
test_02177,0.98246205
test_02178,0.010033799
test_02179,0.9085198
test_02180,0.99997675
test_02181,0.9988004
test_02182,0.22558884
test_02183,0.034536503
test_02184,0.008085328
test_02185,0.9997284
test_02186,0.0015105444
test_02187,0.9779538
test_02188,0.3174235
test_02189,0.99953043
test_02190,0.9987816
test_02191,0.99843794
test_02192,0.024989579
test_02193,0.0041109445
test_02194,0.99472743
test_02195,0.9247183
test_02196,0.009840462
test_02197,0.9936604
test_02198,0.010575697
test_02199,0.010302261
test_02200,0.001029723
test_02201,0.020329485
test_02202,0.031363428
test_02203,0.0004196001
test_02204,0.057629067
test_02205,0.019366533
test_02206,0.9847654
test_02207,0.08352405
test_02208,0.96563804
test_02209,0.748271
test_02210,0.010463458
test_02211,0.073887944
test_02212,0.7080851
test_02213,0.99877244
test_02214,0.99956614
test_02215,0.002166763
test_02216,0.22679164
test_02217,0.0029981537
test_02218,0.8871137
test_02219,0.015515339
test_02220,7.454933e-05
test_02221,0.10396427
test_02222,0.9960671
test_02223,0.0072245607
test_02224,0.99933547
test_02225,0.00096060126
test_02226,0.0009880564
test_02227,0.059084445
test_02228,0.9986442
test_02229,0.9983852
test_02230,0.00069593947
test_02231,0.31810617
test_02232,0.99544686
test_02233,0.9998147
test_02234,0.0002238123
test_02235,0.8258344
test_02236,0.4463682
test_02237,0.9018967
test_02238,0.11528655
test_02239,0.9616237
test_02240,0.8275955
test_02241,0.99565387
test_02242,0.04467275
test_02243,0.0003499111
test_02244,0.9998927
test_02245,0.08075708
test_02246,0.999451
test_02247,0.9656556
test_02248,0.992054
test_02249,0.8293851
test_02250,0.99705863
test_02251,0.0664894
test_02252,0.99939525
test_02253,0.9644412
test_02254,0.00026423708
test_02255,0.99098855
test_02256,0.017283501
test_02257,0.8992908
test_02258,0.09472841
test_02259,0.9326312
test_02260,0.29875407
test_02261,0.00056100346
test_02262,0.039301965
test_02263,0.99374396
test_02264,0.00058236305
test_02265,0.9987716
test_02266,0.9667255
test_02267,0.0033355735
test_02268,0.03172977
test_02269,0.96406364
test_02270,0.9981577
test_02271,0.019347439
test_02272,0.028371198
test_02273,0.690876
test_02274,0.75064516
test_02275,0.998806
test_02276,0.9776253
test_02277,0.9996872
test_02278,0.9999049
test_02279,0.99937123
test_02280,0.00040986904
test_02281,0.69609946
test_02282,0.006373099
test_02283,0.9478074
test_02284,0.0017234152
test_02285,0.8991701
test_02286,0.004354052
test_02287,0.0047390447
test_02288,0.0006620384
test_02289,0.002257178
test_02290,0.8756532
test_02291,0.12616864
test_02292,0.07221081
test_02293,0.004994032
test_02294,0.9974406
test_02295,0.88361317
test_02296,0.9991406
test_02297,0.9734268
test_02298,0.9118483
test_02299,0.9828909
test_02300,0.0093515515
test_02301,0.72833407
test_02302,0.9977896
test_02303,0.9998857
test_02304,0.00047799552
test_02305,0.99978834
test_02306,0.9991301
test_02307,0.71283686
test_02308,0.0003765553
test_02309,0.0021345934
test_02310,0.9993143
test_02311,0.9840695
test_02312,0.00039005466
test_02313,0.0032007077
test_02314,0.023994057
test_02315,0.96510094
test_02316,0.9277848
test_02317,0.00020149253
test_02318,0.9926923
test_02319,0.99874544
test_02320,0.6372554
test_02321,0.8837704
test_02322,0.99796283
test_02323,0.00027551307
test_02324,0.9983884
test_02325,0.99581665
test_02326,0.12121428
test_02327,0.35115406
test_02328,0.030676197
test_02329,0.0008215886
test_02330,0.0023663975
test_02331,0.0016629439
test_02332,0.078086354
test_02333,0.0003627574
test_02334,0.4618351
test_02335,0.9997104
test_02336,0.9999087
test_02337,0.0011227782
test_02338,0.07623613
test_02339,0.988457
test_02340,0.9868952
test_02341,0.46971357
test_02342,0.033617843
test_02343,0.371703
test_02344,0.0005790121
test_02345,0.018685171
test_02346,0.9561793
test_02347,0.9988324
test_02348,0.9994081
test_02349,0.9998565
test_02350,0.00023279955
test_02351,0.0019824207
test_02352,0.017181596
test_02353,0.007046304
test_02354,0.99995136
test_02355,0.7620035
test_02356,0.9477056
test_02357,0.00039428295
test_02358,0.9757051
test_02359,0.99866045
test_02360,0.0026956454
test_02361,0.46829644
test_02362,0.9890141
test_02363,0.99809355
test_02364,0.99876803
test_02365,0.9997806
test_02366,0.031115986
test_02367,0.99940753
test_02368,0.0001170002
test_02369,0.021254256
test_02370,0.99943894
test_02371,0.9993387
test_02372,0.008126576
test_02373,0.008650224
test_02374,0.99740124
test_02375,0.99974114
test_02376,0.84315085
test_02377,0.7089411
test_02378,0.7415094
test_02379,0.0035534662
test_02380,0.97639513
test_02381,0.99117786
test_02382,0.996736
test_02383,0.0007295829
test_02384,0.00514418
test_02385,0.52394444
test_02386,0.00039786208
test_02387,0.9996061
test_02388,0.011306141
test_02389,5.5814136e-05
test_02390,0.8142611
test_02391,0.054061834
test_02392,0.997471
test_02393,0.0058417637
test_02394,0.0032885282
test_02395,0.9967907
test_02396,0.0017792265
test_02397,0.9135071
test_02398,0.9906989
test_02399,0.6157643
test_02400,0.9986285
test_02401,0.94651663
test_02402,0.9820763
test_02403,0.034804832
test_02404,0.9995357
test_02405,0.36989772
test_02406,0.99477947
test_02407,0.9914703
test_02408,0.34091195
test_02409,0.0023875479
test_02410,0.00011164596
test_02411,0.9439621
test_02412,0.9805325
test_02413,0.9966239
test_02414,0.9974994
test_02415,0.9997762
test_02416,0.0022248027
test_02417,0.99597555
test_02418,0.10703081
test_02419,0.00044203555
test_02420,0.0020175339
test_02421,0.964022
test_02422,0.0011809558
test_02423,0.9688464
test_02424,0.0006454945
test_02425,0.0076407236
test_02426,0.9995241
test_02427,0.9998087
test_02428,0.00101548
test_02429,0.00023622926
test_02430,0.9214076
test_02431,0.0226549
test_02432,0.17869407
test_02433,0.99850947
test_02434,0.9988927
test_02435,0.34046832
test_02436,3.9622035e-05
test_02437,0.90354407
test_02438,0.99896204
test_02439,0.9785377
test_02440,0.9940528
test_02441,0.92906284
test_02442,0.051211674
test_02443,0.97590804
test_02444,0.20320167
test_02445,0.5291823
test_02446,0.5588836
test_02447,0.60871637
test_02448,0.99211663
test_02449,0.0032487107
test_02450,0.9997466
test_02451,0.99897015
test_02452,0.0048484704
test_02453,0.94596356
test_02454,0.91145927
test_02455,0.079808734
test_02456,0.004832274
test_02457,0.02372336
test_02458,0.03219638
test_02459,0.0028338728
test_02460,0.8923652
test_02461,0.99970776
test_02462,0.9998622
test_02463,0.0007992572
test_02464,0.99952507
test_02465,0.00079806615
test_02466,0.005549191
test_02467,0.005912756
test_02468,0.9986731
test_02469,0.0022540574
test_02470,0.9084393
test_02471,0.99687225
test_02472,0.011644151
test_02473,0.9838299
test_02474,9.140992e-05
test_02475,0.0420035
test_02476,0.00027776652
test_02477,0.4483252
test_02478,0.99893314
test_02479,0.99893826
test_02480,0.9962218
test_02481,0.99682033
test_02482,0.6069888
test_02483,0.031671304
test_02484,0.1867072
test_02485,0.0037830095
test_02486,0.9857384
test_02487,0.0017936904
test_02488,0.45536092
test_02489,0.99332714
test_02490,0.99428374
test_02491,0.9364781
test_02492,0.013966686
test_02493,4.0165527e-05
test_02494,0.9740655
test_02495,0.0014217306
test_02496,0.9894252
test_02497,0.012859498
test_02498,0.9946898
test_02499,0.5633667
test_02500,0.9880453
test_02501,0.10137825
test_02502,0.010611847
test_02503,0.9979942
test_02504,0.99942964
test_02505,0.002025335
test_02506,0.004439389
test_02507,0.99495536
test_02508,0.00020508863
test_02509,0.9848978
test_02510,0.076106556
test_02511,0.99938345
test_02512,0.9988556
test_02513,0.99882275
test_02514,0.00014241651
test_02515,0.99286747
test_02516,0.9965745
test_02517,0.5282684
test_02518,0.02643261
test_02519,0.7054671
test_02520,0.0016681156
test_02521,0.00216321
test_02522,0.9513368
test_02523,0.0016065976
test_02524,0.8223531
test_02525,0.99958926
test_02526,0.5140246
test_02527,0.99788374
test_02528,0.9975521
test_02529,0.8497914
test_02530,0.9912477
test_02531,0.9802719
test_02532,0.022749057
test_02533,0.99555594
test_02534,0.0007224153
test_02535,0.9996227
test_02536,0.9845359
test_02537,0.25451982
test_02538,0.9735738
test_02539,0.9439499
test_02540,0.0022939993
test_02541,0.03623004
test_02542,0.81626916
test_02543,0.9996265
test_02544,0.7663517
test_02545,0.9977315
test_02546,0.0009613686
test_02547,0.98430735
test_02548,0.069733456
test_02549,0.999191
test_02550,0.9997377
test_02551,0.0037673765
test_02552,0.25738385
test_02553,0.9914137
test_02554,0.8464856
test_02555,0.7752153
test_02556,0.11128942
test_02557,0.7442066
test_02558,0.9840389
test_02559,0.059969462
test_02560,0.28884423
test_02561,0.998223
test_02562,0.0014062325
test_02563,0.99614525
test_02564,0.36165375
test_02565,0.93955374
test_02566,0.2190324
test_02567,0.7012881
test_02568,0.00081251794
test_02569,0.03490425
test_02570,0.99754107
test_02571,0.035582513
test_02572,0.9403241
test_02573,0.059166998
test_02574,0.99150157
test_02575,0.28893068
test_02576,0.9716135
test_02577,0.5022119
test_02578,0.9996326
test_02579,0.0027330338
test_02580,0.50200665
test_02581,0.6018478
test_02582,0.00015210947
test_02583,0.77728975
test_02584,0.9936469
test_02585,0.0027226238
test_02586,0.057492875
test_02587,0.007929939
test_02588,0.05236551
test_02589,0.014278852
test_02590,0.97684515
test_02591,0.9987418
test_02592,0.55990684
test_02593,0.49102154
test_02594,0.99981636
test_02595,0.9988794
test_02596,0.002327316
test_02597,0.9920855
test_02598,0.99611014
test_02599,0.2508954
test_02600,0.86635154
test_02601,0.008606844
test_02602,0.004282942
test_02603,0.00039970857
test_02604,0.0031850245
test_02605,0.0045036403
test_02606,0.8275224
test_02607,0.9975516
test_02608,0.9523088
test_02609,0.9993556
test_02610,0.0005919659
test_02611,0.86631334
test_02612,0.18966648
test_02613,0.0019255835
test_02614,0.0009020478
test_02615,0.00015143809
test_02616,0.8927871
test_02617,0.96121436
test_02618,0.13886262
test_02619,0.97469485
test_02620,0.013085605
test_02621,0.9984086
test_02622,0.52927047
test_02623,0.24979965
test_02624,0.9998833
test_02625,0.00070594426
test_02626,0.9528399
test_02627,0.9990766
test_02628,0.0021087674
test_02629,0.001682177
test_02630,0.99990857
test_02631,0.0010214234
test_02632,0.3624491
test_02633,0.9969104
test_02634,0.13851817
test_02635,0.054918382
test_02636,0.012815579
test_02637,0.9988243
test_02638,0.9972772
test_02639,0.033936627
test_02640,0.9987219
test_02641,0.99996185
test_02642,0.008124827
test_02643,0.9948414
test_02644,0.0045680413
test_02645,0.012251855
test_02646,0.067122996
test_02647,0.0045107175
test_02648,0.0049566356
test_02649,0.7608508
test_02650,0.0010424922
test_02651,0.99495715
test_02652,0.5173808
test_02653,0.9811716
test_02654,0.7310998
test_02655,0.020525929
test_02656,0.0011031622
test_02657,0.0226046
test_02658,0.97645944
test_02659,0.9761954
test_02660,0.3656045
test_02661,0.99871516
test_02662,0.0017225591
test_02663,0.0014376972
test_02664,0.9997763
test_02665,0.99136376
test_02666,0.99931896
test_02667,0.66350263
test_02668,0.9899329
test_02669,0.030720603
test_02670,0.6882647
test_02671,9.103666e-05
test_02672,0.9914743
test_02673,0.99974304
test_02674,0.80213666
test_02675,0.077072985
test_02676,0.9910705
test_02677,0.03647233
test_02678,0.9804709
test_02679,0.8275018
test_02680,0.2678921
test_02681,0.02315339
test_02682,0.03345971
test_02683,0.97005695
test_02684,0.0472246
test_02685,0.3906955
test_02686,0.9997336
test_02687,0.062591225
test_02688,0.9986351
test_02689,0.6050911
test_02690,0.75623506
test_02691,0.1769187
test_02692,0.9961964
test_02693,0.97457165
test_02694,0.9984054
test_02695,0.9276465
test_02696,0.9555406
test_02697,0.00023736423
test_02698,0.06027486
test_02699,0.99909365
test_02700,0.00395496
test_02701,1.2928118e-05
test_02702,0.8560702
test_02703,0.0120755015
test_02704,0.0015080889
test_02705,0.99165875
test_02706,8.005655e-05
test_02707,0.9985538
test_02708,0.9196246
test_02709,0.99555016
test_02710,0.9948237
test_02711,0.00016660384
test_02712,0.99882954
test_02713,0.28889593
test_02714,3.0267322e-05
test_02715,0.98231024
test_02716,0.28072816
test_02717,0.999081
test_02718,0.006526845
test_02719,0.7940623
test_02720,0.015217192
test_02721,0.00069200166
test_02722,0.014180369
test_02723,0.99890935
test_02724,0.003454702
test_02725,0.0042016953
test_02726,0.99829334
test_02727,0.0016370814
test_02728,0.02646312
test_02729,0.20486218
test_02730,0.99965274
test_02731,0.00052021473
test_02732,0.7855479
test_02733,0.9937056
test_02734,6.798431e-05
test_02735,0.9957416
test_02736,0.02508767
test_02737,0.99975926
test_02738,0.9709609
test_02739,0.9046709
test_02740,0.99837047
test_02741,0.0065121683
test_02742,0.011557937
test_02743,0.008125796
test_02744,0.00045884462
test_02745,0.9998149
test_02746,0.72593445
test_02747,0.015484926
test_02748,0.024936236
test_02749,0.8874189
test_02750,0.9998611
test_02751,0.78036493
test_02752,0.97274697
test_02753,0.99989843
test_02754,1.346175e-05
test_02755,0.8633759
test_02756,0.97827494
test_02757,0.008532746
test_02758,0.3859373
test_02759,0.45100588
test_02760,0.0056381165
test_02761,0.99965656
test_02762,0.00029573118
test_02763,0.012079201
test_02764,0.9894461
test_02765,0.0147774145
test_02766,0.20815681
test_02767,0.0011393451
test_02768,0.24959825
test_02769,0.0004472065
test_02770,0.082903974
test_02771,0.99883026
test_02772,0.7862423
test_02773,0.07396345
test_02774,0.9996797
test_02775,0.98758185
test_02776,0.9955663
test_02777,0.99781847
test_02778,0.1720831
test_02779,0.40196317
test_02780,0.9888545
test_02781,0.7563012
test_02782,0.8270679
test_02783,0.043986335
test_02784,0.0013193954
test_02785,0.9972741
test_02786,0.00019426724
test_02787,0.0010742373
test_02788,0.9858198
test_02789,0.07465495
test_02790,0.07250217
test_02791,0.010078767
test_02792,0.2564112
test_02793,0.08344909
test_02794,0.0012128043
test_02795,0.9903273
test_02796,0.99458754
test_02797,0.010578781
test_02798,0.9999039
test_02799,0.9858394
test_02800,0.015346926
test_02801,0.00073975726
test_02802,0.0016110091
test_02803,0.00996522
test_02804,0.13380231
test_02805,0.0035335952
test_02806,0.99957687
test_02807,0.00075565686
test_02808,0.00047666012
test_02809,0.13971494
test_02810,0.000702649
test_02811,0.001834164
test_02812,0.6610348
test_02813,0.5751023
test_02814,0.9998385
test_02815,0.35076562
test_02816,0.9814061
test_02817,0.011820448
test_02818,0.09246916
test_02819,0.99851996
test_02820,0.0008586886
test_02821,0.9628522
test_02822,0.9569717
test_02823,0.9978582
test_02824,0.00033227025
test_02825,0.99940526
test_02826,0.9985286
test_02827,0.9343029
test_02828,0.99977905
test_02829,0.9974547
test_02830,0.9972268
test_02831,0.9992428
test_02832,0.01571083
test_02833,0.0063397144
test_02834,0.7750773
test_02835,0.0008621792
test_02836,0.99774724
test_02837,0.9999201
test_02838,0.018348213
test_02839,0.9971023
test_02840,0.918146
test_02841,0.9996252
test_02842,0.9997856
test_02843,0.0020540203
test_02844,0.0005560075
test_02845,0.006998809
test_02846,0.9926172
test_02847,0.99391854
test_02848,0.030492475
test_02849,0.7778606
test_02850,0.0074879494
test_02851,0.9999305
test_02852,0.0058342055
test_02853,0.0013445646
test_02854,0.49677074
test_02855,0.9984824
test_02856,0.12232069
test_02857,0.9357442
test_02858,0.8126578
test_02859,0.99937767
test_02860,0.04780324
test_02861,0.9990693
test_02862,0.45665976
test_02863,0.6557983
test_02864,0.96574736
test_02865,0.9997615
test_02866,0.99964213
test_02867,0.9995136
test_02868,0.00032428402
test_02869,0.9851289
test_02870,0.6130377
test_02871,0.99845517
test_02872,0.02063789
test_02873,0.9986198
test_02874,0.99671364
test_02875,0.999818
test_02876,0.9994271
test_02877,0.07190644
test_02878,0.008289372
test_02879,0.13619566
test_02880,0.99969554
test_02881,0.58263814
test_02882,0.0065794815
test_02883,0.9999856
test_02884,0.27326798
test_02885,0.88950336
test_02886,0.0048719053
test_02887,0.00072347425
test_02888,0.004644464
test_02889,0.08208104
test_02890,0.0011903743
test_02891,0.0067142285
test_02892,0.056667347
test_02893,0.0025732045
test_02894,0.0010275816
test_02895,0.08351314
test_02896,0.8283317
test_02897,0.02227906
test_02898,0.9768957
test_02899,0.99546057
test_02900,0.9991818
test_02901,0.9914243
test_02902,0.0015311204
test_02903,0.0011819095
test_02904,0.02822338
test_02905,0.98954016
test_02906,0.9815692
test_02907,0.92804396
test_02908,0.0016355818
test_02909,0.00033778808
test_02910,0.00016833738
test_02911,0.005019254
test_02912,0.99751365
test_02913,0.00068842765
test_02914,0.9986889
test_02915,0.99925023
test_02916,0.93894935
test_02917,0.0011279258
test_02918,0.0041132295
test_02919,0.0034180766
test_02920,0.0041220384
test_02921,0.43882248
test_02922,0.9993168
test_02923,0.0034660527
test_02924,0.656041
test_02925,0.064693786
test_02926,0.999571
test_02927,0.8905202
test_02928,0.9957229
test_02929,0.06221964
test_02930,0.9986286
test_02931,0.9911758
test_02932,0.9938444
test_02933,0.10224916
test_02934,0.25902873
test_02935,0.792091
test_02936,0.9964192
test_02937,0.0054986356
test_02938,0.16151519
test_02939,0.9986412
test_02940,0.0024891577
test_02941,0.93177074
test_02942,0.00015276355
test_02943,0.59843063
test_02944,0.027876148
test_02945,0.9984875
test_02946,0.00072308263
test_02947,0.45466
test_02948,0.2548232
test_02949,0.3366347
test_02950,0.11470816
test_02951,0.004790218
test_02952,0.48943982
test_02953,0.9897063
test_02954,0.99393433
test_02955,0.110184245
test_02956,0.011946185
test_02957,0.000112326285
test_02958,0.9815693
test_02959,4.8653626e-05
test_02960,0.13974057
test_02961,0.1786135
test_02962,0.9997713
test_02963,0.0003349948
test_02964,0.9813107
test_02965,0.00041542703
test_02966,0.011820109
test_02967,0.0023131315
test_02968,0.9998971
test_02969,0.9997527
test_02970,0.2284146
test_02971,0.9986595
test_02972,0.9999163
test_02973,0.013425298
test_02974,0.24268425
test_02975,0.00028885945
test_02976,0.9473253
test_02977,0.90345484
test_02978,0.99337125
test_02979,0.99810743
test_02980,0.01321465
test_02981,0.95349884
test_02982,0.6991057
test_02983,0.97602737
test_02984,0.99978703
test_02985,0.000446757
test_02986,0.65318954
test_02987,0.077446595
test_02988,0.0012945591
test_02989,0.5906186
test_02990,0.9990902
test_02991,0.9963129
test_02992,0.0017062431
test_02993,0.0076672486
test_02994,0.97560877
test_02995,0.0002201107
test_02996,0.260323
test_02997,0.92224544
test_02998,0.010181536
test_02999,0.9970476
test_03000,0.9989153
test_03001,0.97123635
test_03002,0.99814045
test_03003,0.8389791
test_03004,0.04661466
test_03005,0.00069424027
test_03006,0.6464384
test_03007,0.118449755
test_03008,0.009829263
test_03009,0.6398877
test_03010,0.92811996
test_03011,0.99993896
test_03012,0.009087992
test_03013,0.30492327
test_03014,0.99875295
test_03015,0.0037120094
test_03016,0.002915947
test_03017,0.9734119
test_03018,0.011780308
test_03019,0.010444495
test_03020,0.97674197
test_03021,0.00509179
test_03022,0.99968827
test_03023,0.028013105
test_03024,0.99069935
test_03025,0.0047587147
test_03026,0.00021110373
test_03027,0.0009800474
test_03028,0.028998181
test_03029,0.00492953
test_03030,0.06358099
test_03031,0.02599879
test_03032,0.024173459
test_03033,0.9086351
test_03034,0.15473549
test_03035,0.047563206
test_03036,0.553559
test_03037,0.026414463
test_03038,0.0047899564
test_03039,0.019003969
test_03040,0.99948835
test_03041,0.9982181
test_03042,0.9996501
test_03043,0.9994148
test_03044,0.99863213
test_03045,0.8990107
test_03046,0.9052621
test_03047,0.9970463
test_03048,0.0014171143
test_03049,0.99635017
test_03050,0.00721227
test_03051,0.0004344764
test_03052,0.027356364
test_03053,0.015317029
test_03054,0.29671887
test_03055,0.9938705
test_03056,0.95752966
test_03057,0.0041691754
test_03058,0.1297255
test_03059,0.9998683
test_03060,0.9673543
test_03061,0.9992586
test_03062,0.9976895
test_03063,0.25251657
test_03064,0.99993026
test_03065,0.06563633
test_03066,0.9966168
test_03067,0.9721399
test_03068,0.78354776
test_03069,0.9991455
test_03070,0.9417942
test_03071,0.9996464
test_03072,0.1145343
test_03073,0.004840997
test_03074,0.99081624
test_03075,0.9880983
test_03076,0.00898808
test_03077,0.269274
test_03078,0.00023470487
test_03079,0.011849396
test_03080,0.00085551705
test_03081,0.093910374
test_03082,0.9985298
test_03083,0.995271
test_03084,0.12208836
test_03085,0.26266596
test_03086,0.19095805
test_03087,0.3336423
test_03088,0.77545226
test_03089,0.027215308
test_03090,0.9648743
test_03091,0.986876
test_03092,0.00021830013
test_03093,0.79445297
test_03094,0.9973149
test_03095,0.88998824
test_03096,0.9833665
test_03097,0.007849161
test_03098,0.0058437358
test_03099,0.99961996
test_03100,0.99912184
test_03101,0.55332357
test_03102,0.9989919
test_03103,0.47885448
test_03104,0.06367723
test_03105,0.004715305
test_03106,0.05911618
test_03107,0.000291227
test_03108,0.0015827972
test_03109,0.00045899756
test_03110,5.5376382e-05
test_03111,0.0048284065
test_03112,0.0006005072
test_03113,0.062184047
test_03114,0.0028301817
test_03115,0.5804626
test_03116,0.99491006
test_03117,0.00678953
test_03118,0.59677947
test_03119,0.99741226
test_03120,0.041928496
test_03121,0.0030472642
test_03122,0.6197928
test_03123,0.9980509
test_03124,0.9912567
test_03125,0.26034027
test_03126,0.82934886
test_03127,0.51074827
test_03128,0.00031827405
test_03129,0.0005784172
test_03130,0.9998627
test_03131,0.10330592
test_03132,0.9985104
test_03133,0.076492004
test_03134,0.910902
test_03135,0.9954471
test_03136,0.016824163
test_03137,0.23268612
test_03138,0.00796872
test_03139,0.007121108
test_03140,0.022784997
test_03141,0.90613556
test_03142,0.99999154
test_03143,0.030872164
test_03144,0.90710276
test_03145,0.9976808
test_03146,0.0029337462
test_03147,0.0019040591
test_03148,0.005880865
test_03149,0.29448816
test_03150,0.999765
test_03151,0.0023633996
test_03152,0.9344134
test_03153,0.0005942862
test_03154,0.9984053
test_03155,0.0002524232
test_03156,0.9965553
test_03157,0.0003590351
test_03158,0.99945027
test_03159,0.98607117
test_03160,0.002448872
test_03161,0.0025266043
test_03162,0.9895573
test_03163,0.006181839
test_03164,0.9942819
test_03165,0.0008835016
test_03166,0.008131698
test_03167,0.001237453
test_03168,0.0028090535
test_03169,0.00033886055
test_03170,0.001160408
test_03171,0.97925586
test_03172,0.9977998
test_03173,0.92272955
test_03174,0.99583226
test_03175,0.9780889
test_03176,0.99772984
test_03177,0.00826868
test_03178,0.98772067
test_03179,0.24557367
test_03180,0.9998789
test_03181,0.9939361
test_03182,0.0023768302
test_03183,0.98249245
test_03184,0.99546474
test_03185,0.95462114
test_03186,0.008374483
test_03187,0.99795914
test_03188,0.05885656
test_03189,0.9987074
test_03190,0.38579032
test_03191,0.0035439413
test_03192,0.9328274
test_03193,0.5751373
test_03194,0.9880845
test_03195,0.008279542
test_03196,0.9997303
test_03197,0.0075880378
test_03198,0.00055470807
test_03199,0.5273122
test_03200,0.0030650585
test_03201,0.044574205
test_03202,0.09824334
test_03203,0.0027880946
test_03204,0.9803074
test_03205,0.02609548
test_03206,0.00027267847
test_03207,0.9977047
test_03208,0.0047007743
test_03209,0.40338367
test_03210,0.8142897
test_03211,4.517063e-05
test_03212,0.9987675
test_03213,0.9998745
test_03214,0.00033714753
test_03215,0.996258
test_03216,0.560212
test_03217,0.0010531107
test_03218,0.0005160917
test_03219,0.99029386
test_03220,0.5641654
test_03221,0.95859104
test_03222,0.060502958
test_03223,0.06751669
test_03224,0.99985147
test_03225,0.99807173
test_03226,0.00032225426
test_03227,0.9973955
test_03228,0.9973876
test_03229,0.0062848195
test_03230,0.9699649
test_03231,0.9182187
test_03232,0.99267817
test_03233,0.012017198
test_03234,0.106324784
test_03235,0.2775583
test_03236,8.824256e-05
test_03237,0.9405917
test_03238,0.14963318
test_03239,0.002465594
test_03240,0.009590565
test_03241,0.96100533
test_03242,0.07738539
test_03243,8.522841e-05
test_03244,0.22870244
test_03245,0.96264625
test_03246,0.9778672
test_03247,0.28221798
test_03248,0.16728018
test_03249,0.998911
test_03250,0.010851545
test_03251,0.00032357933
test_03252,0.9920109
test_03253,0.9923332
test_03254,0.012573909
test_03255,0.009055726
test_03256,0.8187407
test_03257,0.999086
test_03258,0.021586496
test_03259,0.94200474
test_03260,0.0010363152
test_03261,0.0033461635
test_03262,0.9764484
test_03263,0.92130995
test_03264,0.63596535
test_03265,0.005805262
test_03266,0.9996562
test_03267,0.99899715
test_03268,0.5380313
test_03269,0.9988244
test_03270,0.004144985
test_03271,0.021353552
test_03272,0.93812054
test_03273,0.002600986
test_03274,0.00069722394
test_03275,0.009535037
test_03276,0.0022993423
test_03277,0.027193245
test_03278,0.97322154
test_03279,0.92337024
test_03280,0.98864055
test_03281,0.99779284
test_03282,0.64979076
test_03283,0.2638076
test_03284,0.0002531168
test_03285,0.9970446
test_03286,0.9996885
test_03287,0.999858
test_03288,0.4539906
test_03289,0.9729049
test_03290,0.3005422
test_03291,0.7969054
test_03292,0.73639786
test_03293,0.9939422
test_03294,0.98455936
test_03295,0.00086078135
test_03296,0.0010944605
test_03297,0.99991834
test_03298,0.004417137
test_03299,0.9996613
test_03300,0.9912512
test_03301,0.074359536
test_03302,0.99883443
test_03303,0.011147876
test_03304,8.195863e-05
test_03305,0.98232883
test_03306,0.81400573
test_03307,0.99229395
test_03308,0.999887
test_03309,0.023108859
test_03310,0.9962178
test_03311,0.046397682
test_03312,0.71690094
test_03313,0.00010888081
test_03314,0.00083135784
test_03315,0.38470203
test_03316,0.894335
test_03317,0.83751893
test_03318,0.9974903
test_03319,0.0019230099
test_03320,0.99735475
test_03321,0.99840885
test_03322,0.99614835
test_03323,0.9810585
test_03324,0.060816254
test_03325,0.00045316629
test_03326,0.9842195
test_03327,0.9870581
test_03328,0.93671054
test_03329,0.01231101
test_03330,0.97773325
test_03331,0.0030473047
test_03332,0.99995744
test_03333,0.87428916
test_03334,0.985984
test_03335,0.99908936
test_03336,0.0015935405
test_03337,0.011524168
test_03338,0.18931738
test_03339,0.95067555
test_03340,0.8864727
test_03341,0.0005670659
test_03342,0.051305156
test_03343,0.006901426
test_03344,0.933502
test_03345,0.00047572685
test_03346,0.008790365
test_03347,0.47805005
test_03348,5.691383e-05
test_03349,0.9631884
test_03350,0.9043318
test_03351,0.22959486
test_03352,0.99833894
test_03353,0.14183198
test_03354,0.0021446652
test_03355,0.95260835
test_03356,0.87986875
test_03357,0.99979454
test_03358,0.0016460896
test_03359,0.99869055
test_03360,0.33667767
test_03361,0.01604921
test_03362,0.99157727
test_03363,0.9998722
test_03364,0.045772627
test_03365,0.39671922
test_03366,0.0057604024
test_03367,0.9417039
test_03368,0.99223435
test_03369,0.07770179
test_03370,0.99773955
test_03371,0.99843293
test_03372,0.32284448
test_03373,0.24531198
test_03374,0.95531666
test_03375,0.007789675
test_03376,0.9998117
test_03377,0.02338898
test_03378,0.018692458
test_03379,0.99890614
test_03380,0.99920315
test_03381,0.9993777
test_03382,0.98659235
test_03383,0.022103423
test_03384,0.88306576
test_03385,0.99145716
test_03386,0.22303925
test_03387,0.99990475
test_03388,0.06896077
test_03389,0.99655765
test_03390,0.7336297
test_03391,0.9948173
test_03392,0.5753102
test_03393,0.0011116967
test_03394,0.34523788
test_03395,0.43350446
test_03396,0.011324533
test_03397,0.018311927
test_03398,0.98630875
test_03399,0.99737453
test_03400,0.028248392
test_03401,0.13682762
test_03402,0.9775948
test_03403,0.001772719
test_03404,0.0029349127
test_03405,0.99978095
test_03406,0.0038131336
test_03407,0.0023798065
test_03408,0.04163635
test_03409,0.017307028
test_03410,0.03607987
test_03411,0.9775825
test_03412,0.99934834
test_03413,0.008241385
test_03414,0.0021566767
test_03415,0.9894099
test_03416,0.002051744
test_03417,0.2926531
test_03418,0.059844393
test_03419,0.0015393749
test_03420,0.96167344
test_03421,0.025979767
test_03422,0.99742293
test_03423,0.039751455
test_03424,0.0019964979
test_03425,1.3926188e-05
test_03426,0.99604577
test_03427,0.99773395
test_03428,0.012899284
test_03429,0.8773942
test_03430,0.9987834
test_03431,0.9940837
test_03432,0.05340575
test_03433,0.99902797
test_03434,0.000966547
test_03435,0.99935824
test_03436,0.0019177985
test_03437,0.39360768
test_03438,0.0015966318
test_03439,0.99981564
test_03440,0.2063228
test_03441,0.93408084
test_03442,0.9140253
test_03443,0.9110215
test_03444,0.537932
test_03445,0.1386373
test_03446,0.95608723
test_03447,0.98680985
test_03448,0.6785932
test_03449,0.999884
test_03450,0.45768198
test_03451,6.486466e-05
test_03452,0.0006868545
test_03453,0.013398866
test_03454,0.017649407
test_03455,0.0005684405
test_03456,7.0755494e-05
test_03457,0.053929433
test_03458,0.99910057
test_03459,0.00042786606
test_03460,0.001873142
test_03461,0.9486448
test_03462,0.9963575
test_03463,0.004215464
test_03464,0.97381985
test_03465,0.005392506
test_03466,0.0033131074
test_03467,0.4609089
test_03468,0.0068343915
test_03469,0.009894615
test_03470,0.00059760245
test_03471,0.2811577
test_03472,0.99579537
test_03473,0.95694536
test_03474,0.98076355
test_03475,0.9953236
test_03476,0.15320563
test_03477,0.023328656
test_03478,0.0010587792
test_03479,0.006352322
test_03480,0.99846774
test_03481,0.94174546
test_03482,0.99991214
test_03483,0.0013537557
test_03484,0.46471724
test_03485,0.18123002
test_03486,0.9929952
test_03487,0.9831045
test_03488,0.9921726
test_03489,0.008457607
test_03490,0.89041543
test_03491,0.9779505
test_03492,0.9989893
test_03493,0.99981433
test_03494,0.0009496839
test_03495,0.23757778
test_03496,0.06868462
test_03497,0.99689376
test_03498,0.9978108
test_03499,0.98133284
test_03500,0.8629639
test_03501,0.0011979453
test_03502,0.3316527
test_03503,0.0031847642
test_03504,0.0011059568
test_03505,0.0019758653
test_03506,0.26404333
test_03507,0.00051201653
test_03508,0.006701317
test_03509,0.410896
test_03510,0.91231406
test_03511,0.001038449
test_03512,0.9941229
test_03513,0.0010581369
test_03514,0.99862707
test_03515,0.75380623
test_03516,0.009946716
test_03517,0.99591607
test_03518,0.016769694
test_03519,0.45701846
test_03520,0.9994985
test_03521,0.98830354
test_03522,0.46400627
test_03523,0.99977165
test_03524,0.12405289
test_03525,0.99856263
test_03526,0.99993575
test_03527,0.48632318
test_03528,0.012620873
test_03529,0.001484496
test_03530,0.0007123021
test_03531,0.0067748316
test_03532,0.99617285
test_03533,0.007525956
test_03534,0.87491125
test_03535,0.007482833
test_03536,0.9906816
test_03537,0.057412624
test_03538,0.011070386
test_03539,0.1835611
test_03540,0.981911
test_03541,0.32486263
test_03542,0.4219626
test_03543,0.9924353
test_03544,0.0028049108
test_03545,0.0013980622
test_03546,0.41796917
test_03547,0.9997905
test_03548,0.9917561
test_03549,0.029648462
test_03550,0.7212179
test_03551,0.9999161
test_03552,0.81560475
test_03553,0.9993799
test_03554,0.6201497
test_03555,0.00031887632
test_03556,0.027290037
test_03557,0.99871385
test_03558,0.7955394
test_03559,4.9248333e-06
test_03560,0.98216677
test_03561,0.9998884
test_03562,0.9927884
test_03563,0.37811127
test_03564,0.99426717
test_03565,0.9998597
test_03566,0.0013677654
test_03567,0.3040944
test_03568,0.002452735
test_03569,0.028863419
test_03570,0.9910026
test_03571,0.00038980503
test_03572,0.99176484
test_03573,0.77986634
test_03574,0.75994307
test_03575,0.99807465
test_03576,0.99844533
test_03577,0.0015333485
test_03578,0.00012526152
test_03579,0.0005911683
test_03580,0.9682998
test_03581,0.0011873664
test_03582,0.92016685
test_03583,0.99970883
test_03584,9.347827e-05
test_03585,0.9997222
test_03586,0.0019623113
test_03587,0.2100709
test_03588,0.0077037797
test_03589,0.21759737
test_03590,0.015036512
test_03591,0.019339884
test_03592,0.99979883
test_03593,0.9672163
test_03594,0.002193839
test_03595,0.99074227
test_03596,0.9935493
test_03597,0.018518802
test_03598,0.7269102
test_03599,0.968508
test_03600,0.04311862
test_03601,0.9993899
test_03602,0.0006590987
test_03603,0.99484456
test_03604,0.9997074
test_03605,0.99944717
test_03606,0.075978994
test_03607,0.010812204
test_03608,0.9964625
test_03609,0.0034198542
test_03610,0.007456111
test_03611,0.36235574
test_03612,0.97179854
test_03613,0.9985802
test_03614,0.006659171
test_03615,0.22118352
test_03616,0.0026482895
test_03617,0.00013515816
test_03618,0.99987674
test_03619,0.003774836
test_03620,0.02508419
test_03621,0.005183538
test_03622,0.05917294
test_03623,0.0037048059
test_03624,0.057962354
test_03625,0.99977773
test_03626,0.8229016
test_03627,0.0009381165
test_03628,0.0027749224
test_03629,0.9992403
test_03630,0.24928735
test_03631,0.00048575577
test_03632,0.63952905
test_03633,0.004260223
test_03634,0.00033984307
test_03635,0.97072595
test_03636,0.64240736
test_03637,0.00016296234
test_03638,0.99718994
test_03639,0.005306572
test_03640,0.0064448593
test_03641,0.9538503
test_03642,0.5435729
test_03643,0.9451941
test_03644,0.011700159
test_03645,0.999204
test_03646,0.9110343
test_03647,0.14793941
test_03648,0.031251904
test_03649,0.9988147
test_03650,0.99683326
test_03651,0.025271228
test_03652,0.0004155597
test_03653,0.94673437
test_03654,0.8937482
test_03655,0.99730754
test_03656,0.77695286
test_03657,0.50015116
test_03658,0.30547675
test_03659,0.99918884
test_03660,0.9928514
test_03661,0.03550171
test_03662,0.9998684
test_03663,0.99255365
test_03664,0.9969117
test_03665,0.9992568
test_03666,0.028551469
test_03667,0.0131501565
test_03668,0.99713147
test_03669,0.9952325
test_03670,0.001327693
test_03671,0.0001724158
test_03672,0.62646145
test_03673,0.92137134
test_03674,0.13122386
test_03675,0.9933674
test_03676,0.9648445
test_03677,0.98176056
test_03678,0.97410834
test_03679,0.0055296323
test_03680,0.9934662
test_03681,0.08054818
test_03682,0.90740037
test_03683,0.9998733
test_03684,0.9996074
test_03685,0.99908864
test_03686,0.99841845
test_03687,0.41313955
test_03688,0.99974805
test_03689,0.0011127044
test_03690,0.99006677
test_03691,0.99922276
test_03692,0.006887168
test_03693,0.69994885
test_03694,0.9798238
test_03695,0.0014212534
test_03696,3.9323157e-05
test_03697,0.7310915
test_03698,0.9984675
test_03699,0.89476204
test_03700,0.99602544
test_03701,0.049612742
test_03702,0.9936273
test_03703,0.9985576
test_03704,0.0012387998
test_03705,0.074025355
test_03706,0.00015163707
test_03707,0.9993129
test_03708,0.019412054
test_03709,0.99967265
test_03710,0.002225275
test_03711,0.0043501905
test_03712,0.987658
test_03713,0.022194356
test_03714,0.028629348
test_03715,0.99997187
test_03716,0.99989486
test_03717,0.0006927971
test_03718,0.0014172737
test_03719,0.99977213
test_03720,0.0007194791
test_03721,0.01170028
test_03722,0.002947607
test_03723,0.04653534
test_03724,0.90569437
test_03725,0.0013886654
test_03726,0.998594
test_03727,0.0016228318
test_03728,0.03439126
test_03729,0.000545755
test_03730,0.99814475
test_03731,0.35360992
test_03732,0.4554174
test_03733,0.9138217
test_03734,0.99875605
test_03735,0.099526756
test_03736,0.009255605
test_03737,0.99986887
test_03738,0.9115925
test_03739,0.9981207
test_03740,0.030979708
test_03741,0.009532057
test_03742,0.17698567
test_03743,0.9863448
test_03744,0.9782161
test_03745,0.9964805
test_03746,0.008313455
test_03747,0.65326345
test_03748,0.015908385
test_03749,0.7130467
test_03750,0.9997211
test_03751,0.999476
test_03752,0.96523684
test_03753,0.98419905
test_03754,0.99847084
test_03755,0.99966705
test_03756,0.9991099
test_03757,0.0004938581
test_03758,0.99977285
test_03759,0.0011688087
test_03760,0.23709497
test_03761,0.00065396575
test_03762,0.9978677
test_03763,0.23566157
test_03764,0.98927736
test_03765,0.042744454
test_03766,0.99962366
test_03767,0.95525587
test_03768,0.00647868
test_03769,0.00023350045
test_03770,0.7894952
test_03771,0.9905503
test_03772,0.98570794
test_03773,0.031784482
test_03774,0.974759
test_03775,0.9998783
test_03776,0.00023598524
test_03777,0.0064726556
test_03778,0.99949825
test_03779,0.0011544268
test_03780,0.0006152983
test_03781,0.01962773
test_03782,0.019059911
test_03783,0.005432552
test_03784,0.0007507689
test_03785,0.99997663
test_03786,0.011456871
test_03787,0.00016714165
test_03788,0.00011669379
test_03789,0.041347697
test_03790,0.4197804
test_03791,0.58220726
test_03792,0.99580437
test_03793,0.0043860185
test_03794,0.983188
test_03795,0.98351556
test_03796,0.98885506
test_03797,0.020421393
test_03798,0.9908523
test_03799,0.033215396
test_03800,0.9897013
test_03801,0.022512449
test_03802,0.6521236
test_03803,0.00021412384
test_03804,0.012796656
test_03805,0.952365
test_03806,0.0056259152
test_03807,0.09481054
test_03808,0.9482831
test_03809,0.0037013467
test_03810,0.00022977426
test_03811,0.04133463
test_03812,0.008114367
test_03813,0.9969085
test_03814,0.0037083202
test_03815,0.42566848
test_03816,0.0011015979
test_03817,0.63971525
test_03818,0.0020977305
test_03819,0.17344002
test_03820,0.973476
test_03821,0.992819
test_03822,0.7978241
test_03823,0.0080608325
test_03824,0.7302481
test_03825,0.7975731
test_03826,0.9993259
test_03827,0.001405652
test_03828,0.9923785
test_03829,0.005052394
test_03830,0.95692396
test_03831,0.00427982
test_03832,0.0022609667
test_03833,0.0012350015
test_03834,0.99477154
test_03835,0.98369956
test_03836,0.0027133783
test_03837,0.053702567
test_03838,6.406971e-05
test_03839,0.049027015
test_03840,0.9378885
test_03841,0.9963826
test_03842,0.010267648
test_03843,0.80459934
test_03844,0.005573854
test_03845,0.9965089
test_03846,0.98782337
test_03847,0.00014597931
test_03848,0.99960405
test_03849,0.9956215
test_03850,0.0038223767
test_03851,0.013868962
test_03852,0.23950852
test_03853,0.9999782
test_03854,0.99845934
test_03855,0.11613562
test_03856,0.25285757
test_03857,0.0011096739
test_03858,7.0454735e-05
test_03859,0.0055645714
test_03860,0.00047248072
test_03861,0.67897457
test_03862,0.9994797
test_03863,0.46410045
test_03864,0.9993229
test_03865,0.043624647
test_03866,0.9976313
test_03867,0.008264137
test_03868,0.006904387
test_03869,0.99510384
test_03870,0.9888898
test_03871,0.00039274074
test_03872,0.0032039965
test_03873,0.3545003
test_03874,0.00027798855
test_03875,0.010982487
test_03876,0.9998807
test_03877,0.08004743
test_03878,0.9828667
test_03879,0.9974675
test_03880,0.9932201
test_03881,0.00020319049
test_03882,0.99941885
test_03883,0.23384914
test_03884,0.96159303
test_03885,0.002292786
test_03886,0.0014436994
test_03887,0.0037646894
test_03888,0.99958116
test_03889,5.728382e-05
test_03890,0.8838986
test_03891,0.00045665205
test_03892,0.039014142
test_03893,0.0069044367
test_03894,0.00023031118
test_03895,0.08145403
test_03896,0.9025974
test_03897,0.9931865
test_03898,0.33832085
test_03899,0.91541415
test_03900,0.1610558
test_03901,0.00030283452
test_03902,0.0014353939
test_03903,0.5133255
test_03904,0.00018189389
test_03905,0.9077484
test_03906,0.033913676
test_03907,0.9997956
test_03908,0.95763916
test_03909,0.9816067
test_03910,0.00027873297
test_03911,0.87890595
test_03912,0.9993711
test_03913,0.056879595
test_03914,0.057385676
test_03915,0.0020871486
test_03916,0.9986582
test_03917,0.97916895
test_03918,0.98971015
test_03919,0.9999826
test_03920,0.75739866
test_03921,0.020647041
test_03922,0.008483085
test_03923,0.98342496
test_03924,0.21236324
test_03925,0.0011362149
test_03926,0.99836
test_03927,0.011536454
test_03928,0.00031231047
test_03929,0.9999645
test_03930,0.93661076
test_03931,0.99857926
test_03932,0.00065557664
test_03933,0.0016881163
test_03934,0.9443203
test_03935,0.0009155741
test_03936,0.0144071765
test_03937,0.00081094424
test_03938,0.9852342
test_03939,0.007924285
test_03940,0.008118855
test_03941,0.29298028
test_03942,0.10750462
test_03943,0.03960744
test_03944,0.9937926
test_03945,0.98713034
test_03946,0.47275633
test_03947,0.9883753
test_03948,0.96275735
test_03949,0.98303545
test_03950,0.8835747
test_03951,0.007636968
test_03952,0.4298854
test_03953,0.9988009
test_03954,0.9963887
test_03955,0.0011246477
test_03956,4.662048e-05
test_03957,0.9989586
test_03958,0.9998356
test_03959,0.56153965
test_03960,0.018196864
test_03961,0.99988115
test_03962,0.9995522
test_03963,0.0017952851
test_03964,0.9830434
test_03965,0.0006949029
test_03966,0.0036421714
test_03967,0.0018248213
test_03968,0.97783613
test_03969,0.92444783
test_03970,0.69721377
test_03971,0.011712119
test_03972,0.022947637
test_03973,0.9916666
test_03974,0.02524666
test_03975,0.9985879
test_03976,0.99950814
test_03977,0.9944073
test_03978,0.21382278
test_03979,0.9889255
test_03980,0.83281815
test_03981,0.99795747
test_03982,0.7925031
test_03983,0.97991496
test_03984,0.63194346
test_03985,0.0011870012
test_03986,0.03762299
test_03987,0.97560215
test_03988,0.9984653
test_03989,0.0021596989
test_03990,4.503055e-05
test_03991,0.00031548867
test_03992,0.8292468
test_03993,0.1760447
test_03994,0.042047445
test_03995,0.0041042515
test_03996,0.99995947
test_03997,0.80901957
test_03998,0.9998292
test_03999,0.99555886
test_04000,0.99620193
test_04001,0.4506011
test_04002,0.9964742
test_04003,0.6513104
test_04004,0.7886482
test_04005,0.010921004
test_04006,0.45575964
test_04007,0.0011072282
test_04008,0.99983823
test_04009,0.0014459547
test_04010,0.0035563563
test_04011,0.034651704
test_04012,0.0038574336
test_04013,3.6403195e-05
test_04014,0.9955141
test_04015,0.9767776
test_04016,0.9462971
test_04017,0.0039599617
test_04018,0.99863845
test_04019,0.21884438
test_04020,0.9998363
test_04021,0.0046408987
test_04022,0.025577862
test_04023,0.89745206
test_04024,0.050615788
test_04025,0.0073316265
test_04026,0.9993741
test_04027,0.07806741
test_04028,0.3411122
test_04029,0.35509
test_04030,0.9994948
test_04031,0.0020414828
test_04032,0.5047864
test_04033,0.9816258
test_04034,0.9998679
test_04035,0.7931556
test_04036,0.9983382
test_04037,0.9996933
test_04038,0.028793298
test_04039,0.0028786846
test_04040,0.9991387
test_04041,0.9324694
test_04042,0.99862623
test_04043,0.027837532
test_04044,0.010770141
test_04045,0.013419377
test_04046,0.0115397675
test_04047,0.9853007
test_04048,0.9837406
test_04049,0.97788036
test_04050,0.0017089613
test_04051,0.99876237
test_04052,0.9953892
test_04053,0.9607276
test_04054,0.001115866
test_04055,0.9996958
test_04056,0.99723464
test_04057,0.9979844
test_04058,0.9967553
test_04059,0.35467258
test_04060,0.999985
test_04061,0.16129114
test_04062,0.013743057
test_04063,0.022427348
test_04064,0.9996997
test_04065,0.65655005
test_04066,0.9867771
test_04067,4.4184893e-05
test_04068,0.14525189
test_04069,0.030141816
test_04070,0.002659583
test_04071,0.50932884
test_04072,0.00268974
test_04073,0.0075101326
test_04074,0.0032836085
test_04075,0.9686327
test_04076,0.95105654
test_04077,0.95486015
test_04078,0.999899
test_04079,0.002339451
test_04080,0.15496631
test_04081,0.9437218
test_04082,0.0021188406
test_04083,0.057817623
test_04084,0.98224306
test_04085,0.036034983
test_04086,0.005919703
test_04087,0.90389496
test_04088,0.9986279
test_04089,0.30864775
test_04090,0.9999819
test_04091,0.999708
test_04092,0.99663585
test_04093,0.9981419
test_04094,0.016251337
test_04095,0.07900258
test_04096,0.009268525
test_04097,0.7749637
test_04098,0.0025980708
test_04099,0.9876901
test_04100,0.999647
test_04101,0.0013863101
test_04102,0.004455934
test_04103,0.0032185183
test_04104,0.9749426
test_04105,0.00037678765
test_04106,0.00023086807
test_04107,0.16601102
test_04108,0.95299023
test_04109,0.985746
test_04110,0.7041007
test_04111,0.98863494
test_04112,0.37829173
test_04113,0.996269
test_04114,0.9988096
test_04115,0.2854976
test_04116,0.9990269
test_04117,0.9994629
test_04118,0.27942535
test_04119,0.0025060975
test_04120,0.967234
test_04121,0.061102588
test_04122,0.0018964091
test_04123,0.9935813
test_04124,0.28957003
test_04125,0.0014622784
test_04126,0.009002599
test_04127,0.0016555862
test_04128,0.99857044
test_04129,0.98861164
test_04130,0.002300004
test_04131,9.820079e-06
test_04132,0.14451836
test_04133,0.0009444544
test_04134,0.99032134
test_04135,0.99840003
test_04136,0.38618028
test_04137,0.0037749957
test_04138,0.5656723
test_04139,0.54075503
test_04140,0.9927418
test_04141,0.5146729
test_04142,0.9815446
test_04143,0.90615326
test_04144,0.99498546
test_04145,0.38449472
test_04146,0.0014191996
test_04147,0.06277636
test_04148,0.76488274
test_04149,0.8483825
test_04150,0.003352862
test_04151,0.8915406
test_04152,0.22850032
test_04153,0.13774402
test_04154,0.0009957236
test_04155,0.0005245923
test_04156,0.9869832
test_04157,0.9984546
test_04158,0.86763406
test_04159,0.033402525
test_04160,0.8488388
test_04161,0.050657324
test_04162,0.99700195
test_04163,0.06431187
test_04164,0.9579855
test_04165,0.9998486
test_04166,0.019574584
test_04167,0.061465327
test_04168,0.010281604
test_04169,0.96674013
test_04170,0.9992747
test_04171,0.96490145
test_04172,0.0017410758
test_04173,0.9923133
test_04174,0.026063899
test_04175,0.974264
test_04176,0.8287728
test_04177,0.00091791456
test_04178,0.9879246
test_04179,0.014846922
test_04180,0.0047260113
test_04181,0.910368
test_04182,0.95497847
test_04183,0.27120286
test_04184,0.9853609
test_04185,0.8598192
test_04186,0.78064746
test_04187,0.99885845
test_04188,0.116423815
test_04189,0.000263073
test_04190,0.99805045
test_04191,0.9058328
test_04192,0.0076255137
test_04193,0.008243872
test_04194,0.0821876
test_04195,0.008132762
test_04196,0.9376449
test_04197,0.0113288
test_04198,0.999424
test_04199,0.04461038
test_04200,0.047470935
test_04201,0.9593123
test_04202,0.98574626
test_04203,0.9980102
test_04204,0.4519882
test_04205,0.0016314875
test_04206,0.00017692555
test_04207,0.9870553
test_04208,0.023780439
test_04209,0.68821216
test_04210,0.99901557
test_04211,0.5733282
test_04212,0.86333984
test_04213,0.0030448341
test_04214,0.9877708
test_04215,0.061697047
test_04216,0.0029189137
test_04217,0.99985266
test_04218,0.021308452
test_04219,0.46325764
test_04220,0.024655404
test_04221,0.99809235
test_04222,0.98476267
test_04223,0.9985398
test_04224,0.99970347
test_04225,0.49152988
test_04226,0.9789098
test_04227,0.9989497
test_04228,0.9997652
test_04229,0.94767886
test_04230,0.04305221
test_04231,0.28050047
test_04232,0.99980325
test_04233,0.99933785
test_04234,0.9955238
test_04235,0.9997801
test_04236,0.00038649407
test_04237,0.3390914
test_04238,0.00041698708
test_04239,0.9963785
test_04240,0.99417603
test_04241,0.99393505
test_04242,0.71993226
test_04243,0.016535372
test_04244,0.9999194
test_04245,0.99933416
test_04246,0.9996965
test_04247,0.93904835
test_04248,0.9998845
test_04249,0.9998275
test_04250,0.77284956
test_04251,0.9947514
test_04252,0.000113667
test_04253,0.0002512656
test_04254,0.009082942
test_04255,0.94200003
test_04256,0.99999607
test_04257,0.030778617
test_04258,0.23075299
test_04259,0.9989938
test_04260,0.44388387
test_04261,0.5197083
test_04262,0.7149568
test_04263,0.33812454
test_04264,0.9966959
test_04265,0.98349285
test_04266,0.2993147
test_04267,0.00082120305
test_04268,0.99591905
test_04269,0.982959
test_04270,0.23194808
test_04271,0.08697084
test_04272,0.012289216
test_04273,0.0007823656
test_04274,0.10714255
test_04275,0.03328459
test_04276,0.95846987
test_04277,0.011382118
test_04278,0.85175276
test_04279,0.0018630951
test_04280,0.004028167
test_04281,0.99950063
test_04282,0.71727407
test_04283,0.0009370687
test_04284,0.039398707
test_04285,0.7521572
test_04286,0.0023581267
test_04287,0.99971336
test_04288,0.0027839136
test_04289,0.99944836
test_04290,0.070377044
test_04291,0.005188379
test_04292,0.045660324
test_04293,0.9745694
test_04294,0.32499588
test_04295,0.00016004617
test_04296,0.661426
test_04297,0.91387975
test_04298,0.92636013
test_04299,0.009494906
test_04300,5.7715355e-05
test_04301,0.9748214
test_04302,0.31944305
test_04303,0.9917476
test_04304,0.9564518
test_04305,0.9368214
test_04306,0.010257273
test_04307,0.6953058
test_04308,0.0082241725
test_04309,0.98102677
test_04310,0.9990939
test_04311,0.99938583
test_04312,0.994545
test_04313,0.010849385
test_04314,0.9973877
test_04315,0.9939028
test_04316,0.003963567
test_04317,0.042967472
test_04318,0.09633893
test_04319,0.00034652307
test_04320,0.017012624
test_04321,0.9943936
test_04322,0.89434755
test_04323,0.0010729787
test_04324,0.99383223
test_04325,0.9912254
test_04326,0.59310055
test_04327,0.044263862
test_04328,0.01766629
test_04329,0.99518883
test_04330,0.9947897
test_04331,0.9994997
test_04332,0.018286068
test_04333,0.0015368931
test_04334,0.9862596
test_04335,8.929814e-05
test_04336,0.0053153206
test_04337,0.9997261
test_04338,0.9995421
test_04339,0.9761054
test_04340,0.0070981793
test_04341,0.99853873
test_04342,0.0016962707
test_04343,0.3530602
test_04344,0.012392466
test_04345,0.99546427
test_04346,0.0045981198
test_04347,0.13044605
test_04348,0.99841034
test_04349,0.9877006
test_04350,0.7915777
test_04351,0.041529603
test_04352,0.14957877
test_04353,0.27847433
test_04354,0.00011175833
test_04355,0.96187335
test_04356,0.0019965265
test_04357,0.6993253
test_04358,0.00073886145
test_04359,0.006794902
test_04360,0.26184276
test_04361,0.04457637
test_04362,0.02238319
test_04363,0.95607036
test_04364,0.78099597
test_04365,0.026844373
test_04366,0.0006920568
test_04367,0.056037154
test_04368,0.0056546484
test_04369,0.9627999
test_04370,0.011283173
test_04371,0.9992047
test_04372,0.31802866
test_04373,0.21752645
test_04374,0.023857227
test_04375,0.9968939
test_04376,0.5762491
test_04377,0.037862584
test_04378,0.99851006
test_04379,0.005615716
test_04380,0.06277656
test_04381,0.9974964
test_04382,0.0015056215
test_04383,0.9119468
test_04384,0.99579203
test_04385,0.8095588
test_04386,0.00081327325
test_04387,0.0022614026
test_04388,0.00053878716
test_04389,0.01431555
test_04390,0.9142377
test_04391,0.9936959
test_04392,0.9965475
test_04393,0.99941194
test_04394,0.99777657
test_04395,0.041355167
test_04396,0.018086048
test_04397,0.9993005
test_04398,0.0025092394
test_04399,0.00019702941
test_04400,0.0016365788
test_04401,0.037627555
test_04402,0.9880348
test_04403,0.95099384
test_04404,0.07772737
test_04405,0.99934226
test_04406,0.99788
test_04407,0.0018162791
test_04408,0.9998889
test_04409,0.9899082
test_04410,0.99984396
test_04411,0.9998073
test_04412,0.89563626
test_04413,0.9995598
test_04414,0.99597305
test_04415,0.0208138
test_04416,0.103746526
test_04417,0.009773376
test_04418,0.011133173
test_04419,0.01252309
test_04420,0.008716393
test_04421,0.9737254
test_04422,0.00090144854
test_04423,0.37251887
test_04424,0.08804602
test_04425,0.99862933
test_04426,0.7504469
test_04427,0.99306124
test_04428,0.054488327
test_04429,0.9990375
test_04430,0.8352729
test_04431,0.99313
test_04432,0.001018322
test_04433,0.033337142
test_04434,0.99935955
test_04435,0.104657985
test_04436,0.0059382645
test_04437,0.9999937
test_04438,0.9327212
test_04439,0.0035514727
test_04440,0.9833614
test_04441,0.99040484
test_04442,0.99112684
test_04443,0.0133852465
test_04444,0.33996335
test_04445,0.99942315
test_04446,0.00090068
test_04447,0.992312
test_04448,0.0016913827
test_04449,0.88777244
test_04450,0.99997556
test_04451,0.0014446547
test_04452,0.06526257
test_04453,0.9416666
test_04454,0.0008024108
test_04455,0.24964152
test_04456,0.0009887058
test_04457,0.6160062
test_04458,0.99282926
test_04459,0.23767556
test_04460,0.0018255172
test_04461,0.997482
test_04462,0.0026408352
test_04463,0.9434013
test_04464,0.9994885
test_04465,0.77122796
test_04466,0.00020193258
test_04467,0.9996855
test_04468,0.004180078
test_04469,0.06558226
test_04470,0.69094133
test_04471,0.8819556
test_04472,0.9996941
test_04473,0.0036074761
test_04474,0.007817117
test_04475,0.0015261591
test_04476,0.08964401
test_04477,0.28462052
test_04478,0.99946827
test_04479,0.8160041
test_04480,0.2500489
test_04481,0.99364376
test_04482,0.01407589
test_04483,0.9998652
test_04484,0.97642833
test_04485,0.99896276
test_04486,0.9987955
test_04487,0.0036749088
test_04488,0.97976935
test_04489,0.015485928
test_04490,0.9555814
test_04491,0.7885052
test_04492,0.014174065
test_04493,0.05489474
test_04494,0.04670082
test_04495,0.9052486
test_04496,0.0011605462
test_04497,0.004668042
test_04498,0.028829504
test_04499,0.0147662
test_04500,0.9977049
test_04501,0.0011609162
test_04502,0.9778797
test_04503,0.07822697
test_04504,0.013198087
test_04505,0.13241641
test_04506,0.99658185
test_04507,0.0075618066
test_04508,0.0058581834
test_04509,0.007854703
test_04510,0.0042127683
test_04511,0.022540733
test_04512,0.9956397
test_04513,0.40229827
test_04514,0.9515077
test_04515,0.0026803026
test_04516,0.7160511
test_04517,0.99992347
test_04518,0.0017810523
test_04519,0.02752726
test_04520,0.012525006
test_04521,0.9135119
test_04522,0.9920398
test_04523,0.001718654
test_04524,0.99865025
test_04525,0.009601309
test_04526,0.9996619
test_04527,0.15778008
test_04528,0.9604428
test_04529,2.0996007e-05
test_04530,0.011521566
test_04531,0.31890655
test_04532,0.99840313
test_04533,0.0030135107
test_04534,0.120686404
test_04535,0.9799376
test_04536,0.0013194802
test_04537,0.01477536
test_04538,0.89860547
test_04539,0.99926215
test_04540,0.94975525
test_04541,0.99991035
test_04542,0.7531518
test_04543,0.00011356787
test_04544,0.7260983
test_04545,0.9999466
test_04546,0.99898607
test_04547,0.959496
test_04548,0.98869866
test_04549,0.003338287
test_04550,0.76661915
test_04551,0.9984553
test_04552,0.45280147
test_04553,0.18557745
test_04554,0.43201688
test_04555,0.06207916
test_04556,0.18973741
test_04557,0.006400279
test_04558,0.0019723254
test_04559,0.00030297457
test_04560,0.001015839
test_04561,0.008806574
test_04562,0.7649152
test_04563,0.9929456
test_04564,0.001509622
test_04565,0.9933169
test_04566,0.0023532442
test_04567,0.77065974
test_04568,0.06131652
test_04569,0.9785386
test_04570,0.001065524
test_04571,0.00054511765
test_04572,0.9991559
test_04573,0.97214824
test_04574,0.08204024
test_04575,0.97980464
test_04576,0.9614497
test_04577,0.97729254
test_04578,0.9719505
test_04579,0.010515653
test_04580,0.0009726459
test_04581,0.0012647014
test_04582,0.00027508495
test_04583,0.91220915
test_04584,0.76275426
test_04585,0.980167
test_04586,0.0055183126
test_04587,0.92357516
test_04588,0.88787186
test_04589,0.9980642
test_04590,0.99767786
test_04591,0.98549366
test_04592,0.011594417
test_04593,0.47228494
test_04594,0.024367617
test_04595,0.9263352
test_04596,0.0016073227
test_04597,0.0057977173
test_04598,0.0007041737
test_04599,0.35118905
test_04600,0.0006366856
test_04601,0.012764023
test_04602,0.121685885
test_04603,0.9979983
test_04604,0.02037206
test_04605,0.99806124
test_04606,0.74955636
test_04607,0.49974203
test_04608,0.00033062807
test_04609,0.66791373
test_04610,0.00093674724
test_04611,0.9999821
test_04612,0.9995467
test_04613,0.978786
test_04614,0.9989286
test_04615,0.99964666
test_04616,0.9883118
test_04617,0.0031680216
test_04618,0.9975134
test_04619,0.40378952
test_04620,0.0029570884
test_04621,0.9980326
test_04622,0.74451166
test_04623,0.9506174
test_04624,0.7892654
test_04625,0.9983601
test_04626,0.00034837765
test_04627,0.00013687364
test_04628,0.9754292
test_04629,0.96395916
test_04630,0.9951893
test_04631,0.99875593
test_04632,0.00092977553
test_04633,0.0056202654
test_04634,0.9984528
test_04635,0.9923976
test_04636,0.99241734
test_04637,0.99179536
test_04638,0.9346934
test_04639,0.9997048
test_04640,0.99255705
test_04641,0.26463866
test_04642,0.011707196
test_04643,0.9049849
test_04644,0.07133624
test_04645,0.4569339
test_04646,0.00294305
test_04647,0.9971512
test_04648,0.9661559
test_04649,0.98438823
test_04650,0.0011976538
test_04651,0.9816576
test_04652,0.0009125484
test_04653,0.99765766
test_04654,0.00023622139
test_04655,0.9670287
test_04656,0.00186443
test_04657,0.8258314
test_04658,0.9452411
test_04659,0.8126352
test_04660,0.9522612
test_04661,0.008275033
test_04662,0.07741118
test_04663,0.0059089144
test_04664,0.00020744352
test_04665,0.99998057
test_04666,0.016742544
test_04667,0.9815036
test_04668,0.0006229759
test_04669,0.9921361
test_04670,0.41278872
test_04671,0.30294368
test_04672,0.24851188
test_04673,0.047143348
test_04674,0.0059135067
test_04675,0.22559424
test_04676,0.09830474
test_04677,0.9992446
test_04678,0.71794605
test_04679,0.0090381345
test_04680,0.9951598
test_04681,0.9974069
test_04682,4.4206347e-05
test_04683,0.009148959
test_04684,0.0034985242
test_04685,0.99494535
test_04686,0.9960043
test_04687,0.9873024
test_04688,0.9371292
test_04689,0.27432308
test_04690,0.99792826
test_04691,0.020514682
test_04692,0.0008151738
test_04693,0.99435765
test_04694,0.91985315
test_04695,0.0012401149
test_04696,0.9992913
test_04697,0.0038687405
test_04698,0.08791694
test_04699,0.03220388
test_04700,0.99918336
test_04701,0.0017143078
test_04702,0.23370749
test_04703,0.99860615
test_04704,0.000647551
test_04705,0.39918387
test_04706,0.020547302
test_04707,0.6220916
test_04708,0.0085380925
test_04709,0.010381694
test_04710,0.76321596
test_04711,0.90422535
test_04712,0.9991855
test_04713,0.85388845
test_04714,0.01669847
test_04715,0.9999707
test_04716,0.008188692
test_04717,0.010184861
test_04718,0.021549478
test_04719,0.002975314
test_04720,0.98281336
test_04721,0.99716777
test_04722,0.9996599
test_04723,0.9963021
test_04724,0.99985087
test_04725,0.39518586
test_04726,0.42787364
test_04727,0.9728641
test_04728,0.76828367
test_04729,0.0015085894
test_04730,0.00052881375
test_04731,0.00046318118
test_04732,0.8800121
test_04733,0.0035259272
test_04734,0.9873122
test_04735,0.9860314
test_04736,0.015417964
test_04737,0.023343472
test_04738,0.10001553
test_04739,0.00051474804
test_04740,0.9677774
test_04741,0.9461949
test_04742,0.9964295
test_04743,0.8423799
test_04744,0.7848391
test_04745,0.8930264
test_04746,0.0016620156
test_04747,0.0058214446
test_04748,0.8827711
test_04749,0.9959163
test_04750,0.29598907
test_04751,0.9997582
test_04752,0.0009461301
test_04753,0.867765
test_04754,0.0046662563
test_04755,0.085606694
test_04756,0.0024365275
test_04757,0.00020807864
test_04758,0.00025748665
test_04759,0.9960439
test_04760,0.9998946
test_04761,0.7432009
test_04762,0.00022886926
test_04763,0.047550127
test_04764,0.99732083
test_04765,0.9719011
test_04766,0.025804684
test_04767,0.99989843
test_04768,0.0022985802
test_04769,0.94979227
test_04770,0.99979776
test_04771,0.00087612483
test_04772,0.6760714
test_04773,0.99837375
test_04774,0.0004806494
test_04775,0.19685474
test_04776,0.9880895
test_04777,0.020669552
test_04778,0.0011075463
test_04779,0.9892457
test_04780,0.7776875
test_04781,0.20451815
test_04782,0.0012229042
test_04783,0.95324606
test_04784,7.682962e-06
test_04785,0.98203135
test_04786,0.0014092696
test_04787,0.7999424
test_04788,9.187467e-05
test_04789,0.0036135607
test_04790,0.99772364
test_04791,0.0038248778
test_04792,0.9890478
test_04793,0.99043334
test_04794,0.30591425
test_04795,0.0038496172
test_04796,0.23399587
test_04797,0.99957937
test_04798,0.9713298
test_04799,0.16453116
test_04800,0.9999018
test_04801,0.99639904
test_04802,0.05674873
test_04803,0.9999622
test_04804,0.9269819
test_04805,0.008988682
test_04806,0.54706836
test_04807,0.36134398
test_04808,0.9970119
test_04809,0.99681026
test_04810,0.34936213
test_04811,0.00089449284
test_04812,0.9999547
test_04813,0.99953127
test_04814,0.0007011182
test_04815,0.99086154
test_04816,0.6972458
test_04817,0.005593483
test_04818,0.11269383
test_04819,0.005873259
test_04820,0.009863109
test_04821,0.9997161
test_04822,0.94121176
test_04823,0.99983156
test_04824,0.0016939959
test_04825,0.1394291
test_04826,0.975195
test_04827,0.012099896
test_04828,0.83155584
test_04829,0.99992514
test_04830,0.058388602
test_04831,0.037927862
test_04832,0.98367935
test_04833,0.020354176
test_04834,0.031104285
test_04835,0.9955563
test_04836,0.007403799
test_04837,0.9559197
test_04838,0.0094904
test_04839,0.00061647344
test_04840,0.0021068028
test_04841,0.0002950128
test_04842,0.9989366
test_04843,0.0009806766
test_04844,0.006660092
test_04845,0.99974686
test_04846,0.0021643052
test_04847,0.981143
test_04848,0.99864596
test_04849,0.9970528
test_04850,0.99965394
test_04851,0.92833686
test_04852,0.9983815
test_04853,0.36105093
test_04854,0.006841684
test_04855,0.99706537
test_04856,0.008743908
test_04857,0.0030321162
test_04858,0.9996816
test_04859,0.5685994
test_04860,0.038931794
test_04861,0.8610125
test_04862,0.039265066
test_04863,0.13949053
test_04864,0.97778577
test_04865,0.07030375
test_04866,0.05737398
test_04867,0.026490942
test_04868,0.00094217557
test_04869,0.060577553
test_04870,0.99859375
test_04871,0.9998783
test_04872,0.75406855
test_04873,0.98716474
test_04874,0.038609162
test_04875,0.98083085
test_04876,0.0048734006
test_04877,0.5329199
test_04878,0.12614925
test_04879,0.92591494
test_04880,0.0128535
test_04881,0.0009866989
test_04882,0.99278307
test_04883,0.9990978
test_04884,0.018853838
test_04885,0.009987186
test_04886,0.9977968
test_04887,0.0029620556
test_04888,0.0050062905
test_04889,0.9363078
test_04890,0.0024882702
test_04891,0.8858544
test_04892,0.3184482
test_04893,0.7043601
test_04894,0.0031130177
test_04895,0.00017406583
test_04896,0.0018498095
test_04897,0.025239175
test_04898,0.10898708
test_04899,0.0052528232
test_04900,0.99075717
test_04901,0.8497896
test_04902,0.0023675933
test_04903,0.99973565
test_04904,0.9890844
test_04905,0.4177772
test_04906,0.9917019
test_04907,0.9951793
test_04908,0.037086476
test_04909,0.9869108
test_04910,0.9873641
test_04911,0.9812144
test_04912,0.9899951
test_04913,0.9589626
test_04914,0.00264801
test_04915,0.9995271
test_04916,0.002656294
test_04917,0.9991155
test_04918,0.9969488
test_04919,0.6136521
test_04920,0.17213818
test_04921,0.99701643
test_04922,0.005851578
test_04923,0.0015491121
test_04924,0.008094921
test_04925,0.99967504
test_04926,0.99926966
test_04927,0.0017645016
test_04928,0.00043500998
test_04929,0.997118
test_04930,0.05852526
test_04931,0.9995264
test_04932,0.9754356
test_04933,0.9819682
test_04934,0.2958202
test_04935,0.0004174433
test_04936,0.9990526
test_04937,0.0010401318
test_04938,0.00026008795
test_04939,0.99978596
test_04940,0.9988518
test_04941,0.99971586
test_04942,0.013032015
test_04943,0.99956673
test_04944,0.99985254
test_04945,0.02522446
test_04946,0.0002747356
test_04947,0.94793504
test_04948,0.9994867
test_04949,0.99902534
test_04950,0.14780986
test_04951,0.13001363
test_04952,0.9995072
test_04953,0.014566526
test_04954,0.97219175
test_04955,0.9722641
test_04956,0.92869866
test_04957,0.96810675
test_04958,0.00033851407
test_04959,0.0009864052
test_04960,0.9972338
test_04961,0.04583687
test_04962,0.9299181
test_04963,0.00062238035
test_04964,0.02680535
test_04965,0.9998652
test_04966,0.9997205
test_04967,0.2515036
test_04968,0.016331546
test_04969,0.16087665
test_04970,0.99950063
test_04971,0.99703157
test_04972,0.00029570665
test_04973,0.9842218
test_04974,0.9893014
test_04975,0.00384666
test_04976,0.019929262
test_04977,2.3387529e-05
test_04978,0.00038710894
test_04979,0.08561736
test_04980,0.9984384
test_04981,0.9995592
test_04982,0.9979996
test_04983,0.011855383
test_04984,0.92999554
test_04985,0.9727716
test_04986,0.00057440886
test_04987,0.9925
test_04988,0.010235822
test_04989,0.004209545
test_04990,0.99900925
test_04991,0.0012718544
test_04992,6.19351e-05
test_04993,0.9999771
test_04994,0.0007380964
test_04995,0.9679345
test_04996,0.40076402
test_04997,0.010073207
test_04998,0.080214396
test_04999,0.001620103
test_05000,0.9916317
test_05001,0.9994197
test_05002,0.44347093
test_05003,0.9769032
test_05004,0.0011780917
test_05005,0.99541736
test_05006,0.0014326771
test_05007,0.60132736
test_05008,0.96480125
test_05009,0.97675633
test_05010,0.00016210004
test_05011,0.083760366
test_05012,0.99915934
test_05013,0.9874128
test_05014,0.99946326
test_05015,0.998752
test_05016,0.08581438
test_05017,0.9879302
test_05018,0.010072912
test_05019,0.12386346
test_05020,0.9778936
test_05021,0.4177125
test_05022,0.99957675
test_05023,0.99554044
test_05024,0.982314
test_05025,0.047303215
test_05026,0.9772769
test_05027,0.17678279
test_05028,0.9874942
test_05029,0.9994136
test_05030,0.85186094
test_05031,0.09959125
test_05032,0.9993156
test_05033,0.99835557
test_05034,0.4135317
test_05035,0.020031927
test_05036,0.8703474
test_05037,0.9997012
test_05038,0.00028762416
test_05039,0.9996253
test_05040,0.40790948
test_05041,0.8954305
test_05042,0.9498072
test_05043,0.9989427
test_05044,0.6203943
test_05045,0.9705016
test_05046,0.00890964
test_05047,0.99994946
test_05048,0.02278077
test_05049,0.99948585
test_05050,0.06864752
test_05051,0.0074364603
test_05052,0.996088
test_05053,0.9988753
test_05054,0.0032858222
test_05055,0.008084214
test_05056,0.84716284
test_05057,0.9474764
test_05058,0.8561921
test_05059,0.0070226076
test_05060,0.9974476
test_05061,0.9998173
test_05062,0.0007040845
test_05063,0.99986327
test_05064,0.9822565
test_05065,7.292232e-05
test_05066,0.0135978805
test_05067,0.99581957
test_05068,0.94826293
test_05069,0.9247103
test_05070,0.13693552
test_05071,0.016350862
test_05072,0.061009526
test_05073,0.034782756
test_05074,0.056716155
test_05075,0.99868876
test_05076,0.98695195
test_05077,3.690433e-05
test_05078,0.75995016
test_05079,0.0030641423
test_05080,0.9997298
test_05081,0.0018321308
test_05082,0.002271814
test_05083,0.8486407
test_05084,0.99197394
test_05085,0.9967031
test_05086,0.7533052
test_05087,0.22824301
test_05088,0.9886968
test_05089,0.55920005
test_05090,0.9248313
test_05091,0.9851387
test_05092,0.008875792
test_05093,0.005043076
test_05094,0.040581465
test_05095,0.99964726
test_05096,0.013703197
test_05097,0.99993503
test_05098,0.00059605297
test_05099,0.9681807
test_05100,0.07961639
test_05101,0.020035276
test_05102,0.0004200291
test_05103,0.98652345
test_05104,0.0064052837
test_05105,0.76395893
test_05106,0.6046178
test_05107,0.00091634475
test_05108,0.12790282
test_05109,0.00018819606
test_05110,0.9950145
test_05111,0.99567395
test_05112,0.99441177
test_05113,0.46387967
test_05114,0.075853944
test_05115,0.013997452
test_05116,0.6839084
test_05117,0.9901973
test_05118,0.002975741
test_05119,0.9987288
test_05120,0.99714416
test_05121,0.0032472645
test_05122,0.1960898
test_05123,0.15715
test_05124,0.029846327
test_05125,0.9655187
test_05126,0.97991645
test_05127,0.9822379
test_05128,0.000686899
test_05129,0.39758927
test_05130,0.018100526
test_05131,0.23765308
test_05132,0.005912818
test_05133,0.036651246
test_05134,0.15654807
test_05135,0.006010626
test_05136,0.38684148
test_05137,0.99475205
test_05138,0.5847423
test_05139,0.6860558
test_05140,0.99900925
test_05141,0.5275003
test_05142,0.9115724
test_05143,0.9948484
test_05144,0.10449344
test_05145,0.9984469
test_05146,0.9998939
test_05147,0.30506957
test_05148,0.24177873
test_05149,0.027318701
test_05150,0.0014826596
test_05151,0.9921646
test_05152,0.9978027
test_05153,0.0030601404
test_05154,0.18935299
test_05155,0.6649591
test_05156,0.9895272
test_05157,0.023328196
test_05158,0.9178143
test_05159,0.043652184
test_05160,0.9341159
test_05161,0.6214645
test_05162,0.0054600853
test_05163,0.0008246589
test_05164,0.0835295
test_05165,0.007871484
test_05166,0.9800424
test_05167,0.940214
test_05168,0.9571757
test_05169,0.9864699
test_05170,0.00010826057
test_05171,0.99972063
test_05172,0.8485924
test_05173,0.01011357
test_05174,0.94337803
test_05175,0.010276227
test_05176,0.0008133426
test_05177,0.9971495
test_05178,0.88931286
test_05179,0.00312843
test_05180,0.020047605
test_05181,0.0010617393
test_05182,0.00024083773
test_05183,0.057765137
test_05184,0.99951434
test_05185,0.9981128
test_05186,0.9987153
test_05187,0.99859446
test_05188,0.9999027
test_05189,0.093425676
test_05190,0.9332283
test_05191,0.6140669
test_05192,0.0043422463
test_05193,7.3986375e-05
test_05194,0.7929579
test_05195,0.042899497
test_05196,0.00013793411
test_05197,0.011305724
test_05198,0.99907494
test_05199,0.9126677
test_05200,0.9998417
test_05201,0.9998832
test_05202,0.99693704
test_05203,0.9969529
test_05204,0.00061930367
test_05205,0.0007168835
test_05206,0.99952483
test_05207,0.0016366616
test_05208,0.9988047
test_05209,0.00050768006
test_05210,0.9999505
test_05211,0.99065745
test_05212,0.99921644
test_05213,0.00021804863
test_05214,0.15576616
test_05215,0.9738676
test_05216,0.39907965
test_05217,0.23424836
test_05218,0.99930966
test_05219,0.5441705
test_05220,0.9989598
test_05221,0.00029937195
test_05222,0.011904355
test_05223,0.9999232
test_05224,7.083516e-05
test_05225,0.9998853
test_05226,0.00020415994
test_05227,0.9980515
test_05228,0.3978373
test_05229,0.06490178
test_05230,0.2340932
test_05231,0.06355235
test_05232,0.0053345608
test_05233,0.7661745
test_05234,0.3617896
test_05235,0.9972191
test_05236,0.6965447
test_05237,0.9826801
test_05238,0.0013055683
test_05239,0.98941386
test_05240,0.99299026
test_05241,0.0059921704
test_05242,0.9991541
test_05243,0.9996113
test_05244,0.614079
test_05245,0.0022717153
test_05246,0.16384515
test_05247,0.090907276
test_05248,0.33654323
test_05249,0.13130644
test_05250,0.9379262
test_05251,0.98000586
test_05252,0.02336546
test_05253,0.0010464127
test_05254,0.9221708
test_05255,0.9443628
test_05256,0.08496398
test_05257,0.81257105
test_05258,0.02293562
test_05259,0.0008739846
test_05260,0.9980191
test_05261,0.9988802
test_05262,0.98082894
test_05263,0.9993389
test_05264,0.035592064
test_05265,0.0054456634
test_05266,0.99998534
test_05267,0.99954385
test_05268,0.8839622
test_05269,0.84869534
test_05270,0.98524994
test_05271,0.9898707
test_05272,0.99949765
test_05273,0.021547787
test_05274,0.010597959
test_05275,0.139482
test_05276,0.9642997
test_05277,0.19419916
test_05278,0.9990626
test_05279,0.00021683867
test_05280,0.30235443
test_05281,0.9971464
test_05282,0.007950463
test_05283,0.9955344
test_05284,0.5409165
test_05285,0.0021663373
test_05286,0.9959347
test_05287,0.003313438
test_05288,0.96435446
test_05289,0.99906355
test_05290,0.99915373
test_05291,3.195227e-05
test_05292,0.9999182
test_05293,0.019565824
test_05294,0.11603112
test_05295,0.99945575
test_05296,0.0174317
test_05297,0.009330877
test_05298,0.99737036
test_05299,0.9427734
test_05300,0.0028092365
test_05301,0.009965372
test_05302,0.0009218718
test_05303,0.9865079
test_05304,0.4924848
test_05305,0.999711
test_05306,0.05161607
test_05307,0.982287
test_05308,0.9996675
test_05309,0.0046751257
test_05310,0.034317873
test_05311,0.99772996
test_05312,0.99945813
test_05313,0.99990475
test_05314,0.7961888
test_05315,0.00018673304
test_05316,0.9451091
test_05317,0.9985611
test_05318,0.00265478
test_05319,0.99844414
test_05320,0.9999286
test_05321,0.9999145
test_05322,0.1422221
test_05323,0.9255273
test_05324,0.99992085
test_05325,0.9965815
test_05326,0.9993247
test_05327,0.98429906
test_05328,0.009329005
test_05329,0.9993705
test_05330,0.0027939207
test_05331,0.0021602993
test_05332,0.00070025347
test_05333,0.6542275
test_05334,0.051281314
test_05335,0.71508944
test_05336,0.99820673
test_05337,0.98899686
test_05338,0.999969
test_05339,0.00018258793
test_05340,0.9981766
test_05341,0.020823913
test_05342,0.0019260542
test_05343,0.94117016
test_05344,0.077718556
test_05345,0.00071044685
test_05346,0.99538875
test_05347,0.12000694
test_05348,0.7896921
test_05349,0.24641769
test_05350,0.06888106
test_05351,0.9965928
test_05352,0.0019057473
test_05353,0.0039210073
test_05354,0.00435637
test_05355,0.16182245
test_05356,0.0044720275
test_05357,0.8812386
test_05358,0.44133732
test_05359,0.00010996167
test_05360,0.0044184644
test_05361,0.82298994
test_05362,0.9931316
test_05363,0.00039030556
test_05364,0.99833894
test_05365,0.006464834
test_05366,0.21417663
test_05367,0.00022060888
test_05368,0.87743115
test_05369,0.016997997
test_05370,0.9996902
test_05371,0.0013667583
test_05372,0.99951684
test_05373,0.97321534
test_05374,0.14457418
test_05375,0.0010694539
test_05376,0.0023807646
test_05377,0.7906651
test_05378,0.99762136
test_05379,0.99718577
test_05380,0.0108785825
test_05381,0.99972934
test_05382,0.19009402
test_05383,0.996223
test_05384,0.0016372902
test_05385,0.8753597
test_05386,0.049426645
test_05387,0.99612194
test_05388,0.9973253
test_05389,0.0073455
test_05390,0.99824107
test_05391,0.9952625
test_05392,0.8601894
test_05393,0.96698654
test_05394,0.9995359
test_05395,0.99611294
test_05396,0.0028457672
test_05397,0.0340923
test_05398,0.989267
test_05399,0.94408065
test_05400,0.59502
test_05401,0.047159597
test_05402,0.9934863
test_05403,0.9979724
test_05404,0.9979038
test_05405,0.050243128
test_05406,0.996917
test_05407,0.93787783
test_05408,0.98363113
test_05409,0.0012037795
test_05410,0.9989662
test_05411,0.989116
test_05412,0.9980457
test_05413,0.002913027
test_05414,0.03161014
test_05415,0.016190441
test_05416,0.99454534
test_05417,0.19491784
test_05418,0.9989718
test_05419,0.9982583
test_05420,0.3047757
test_05421,0.9996946
test_05422,0.99917406
test_05423,0.14027219
test_05424,0.0010490448
test_05425,0.51824844
test_05426,0.0022633022
test_05427,0.004673726
test_05428,0.9994474
test_05429,0.9055248
test_05430,0.9976165
test_05431,0.089391254
test_05432,0.99668473
test_05433,0.9997843
test_05434,0.9995196
test_05435,0.99921477
test_05436,0.008034586
test_05437,0.9603866
test_05438,0.018214507
test_05439,0.003217154
test_05440,0.0014469065
test_05441,0.99971455
test_05442,0.9994293
test_05443,0.028070137
test_05444,0.996691
test_05445,0.16624737
test_05446,0.001864455
test_05447,0.42168254
test_05448,0.9846523
test_05449,0.00078568875
test_05450,0.99364483
test_05451,0.14886765
test_05452,0.9997198
test_05453,0.99470985
test_05454,0.0055092815
test_05455,0.007645165
test_05456,0.0105508035
test_05457,0.003333274
test_05458,0.00080482254
test_05459,0.0028530587
test_05460,0.72247595
test_05461,0.009794567
test_05462,0.99765754
test_05463,0.99975556
test_05464,0.9996276
test_05465,0.0028028067
test_05466,0.9988393
test_05467,0.06668941
test_05468,0.9604209
test_05469,0.9688375
test_05470,0.0034242477
test_05471,0.06658974
test_05472,0.87232685
test_05473,0.0025962887
test_05474,0.0003235182
test_05475,0.019197764
test_05476,0.0026754746
test_05477,0.17467926
test_05478,0.43515056
test_05479,0.92469907
test_05480,0.001225313
test_05481,0.961613
test_05482,0.0040615685
test_05483,0.9904716
test_05484,0.0050792755
test_05485,0.009551564
test_05486,0.4900191
test_05487,0.8540517
test_05488,0.99999213
test_05489,0.0046498324
test_05490,0.041345138
test_05491,0.6868536
test_05492,0.027115712
test_05493,0.0015504123
test_05494,0.99439275
test_05495,0.99355364
test_05496,0.99803096
test_05497,0.02385515
test_05498,0.02322727
test_05499,0.020728348
test_05500,0.98792833
test_05501,0.9993537
test_05502,0.0005115845
test_05503,0.021282844
test_05504,0.9993648
test_05505,0.95881444
test_05506,0.024410048
test_05507,0.004985935
test_05508,0.999108
test_05509,0.0012150991
test_05510,0.99866176
test_05511,0.99544674
test_05512,0.04694346
test_05513,0.096942894
test_05514,0.016129943
test_05515,7.561794e-05
test_05516,0.025781281
test_05517,0.011843971
test_05518,0.0037809124
test_05519,0.252873
test_05520,0.99057186
test_05521,0.94980603
test_05522,3.9595936e-05
test_05523,0.84509933
test_05524,0.99192977
test_05525,0.0035813234
test_05526,0.03386293
test_05527,0.67576414
test_05528,0.0067693437
test_05529,0.99825376
test_05530,0.021886421
test_05531,0.0011810818
test_05532,0.99984384
test_05533,0.9302777
test_05534,0.9961842
test_05535,0.93919015
test_05536,0.24038942
test_05537,0.9994209
test_05538,0.00010379579
test_05539,0.99920964
test_05540,0.95853233
test_05541,0.048679244
test_05542,0.39186558
test_05543,0.0022254454
test_05544,0.9992735
test_05545,0.048613325
test_05546,0.015035319
test_05547,0.0032168848
test_05548,0.98599434
test_05549,0.17343675
test_05550,0.012346289
test_05551,0.99984217
test_05552,0.0753696
test_05553,0.98935014
test_05554,0.984786
test_05555,0.9896774
test_05556,0.9993747
test_05557,0.53219134
test_05558,0.0024637957
test_05559,0.00027075264
test_05560,0.9989158
test_05561,0.038335305
test_05562,0.9996407
test_05563,0.5912209
test_05564,0.97966903
test_05565,0.8710303
test_05566,0.003397397
test_05567,0.9969886
test_05568,0.99321777
test_05569,0.51783913
test_05570,0.005127629
test_05571,0.9861399
test_05572,0.99803823
test_05573,0.999858
test_05574,0.038051706
test_05575,0.9884787
test_05576,0.014395414
test_05577,0.99871194
test_05578,0.9904607
test_05579,0.0018949026
test_05580,0.0063336017
test_05581,0.20847157
test_05582,0.9989297
test_05583,0.000110888395
test_05584,0.9773012
test_05585,0.0072242743
test_05586,0.26686144
test_05587,0.007170739
test_05588,0.9996356
test_05589,0.00048094118
test_05590,0.94463784
test_05591,0.33647752
test_05592,0.005983086
test_05593,0.9998129
test_05594,0.4152995
test_05595,0.99937004
test_05596,0.6891341
test_05597,0.00047161762
test_05598,0.99983823
test_05599,0.110149
test_05600,0.9959292
test_05601,0.9998435
test_05602,0.20749332
test_05603,0.24910747
test_05604,0.97739726
test_05605,0.46942753
test_05606,0.024997106
test_05607,0.0857824
test_05608,0.0036007948
test_05609,0.02690497
test_05610,0.99988985
test_05611,0.018263312
test_05612,0.989097
test_05613,0.003706307
test_05614,0.18463883
test_05615,0.9967428
test_05616,0.1228613
test_05617,0.0022229406
test_05618,0.0001220819
test_05619,0.17229618
test_05620,0.05242966
test_05621,0.026177354
test_05622,0.91510504
test_05623,0.00011252355
test_05624,0.83954763
test_05625,0.0051224097
test_05626,0.9970415
test_05627,0.01166958
test_05628,0.91258985
test_05629,0.045636438
test_05630,0.004841597
test_05631,0.0008032859
test_05632,0.9986714
test_05633,0.9990885
test_05634,0.99516666
test_05635,0.0012633874
test_05636,0.9914528
test_05637,0.6942829
test_05638,0.97335356
test_05639,0.89451677
test_05640,0.99959534
test_05641,0.27951667
test_05642,0.9869775
test_05643,0.12608469
test_05644,0.26973662
test_05645,0.99885535
test_05646,0.48833507
test_05647,0.0052654613
test_05648,0.0035270315
test_05649,0.0038974
test_05650,0.99856514
test_05651,0.0034055386
test_05652,0.99983835
test_05653,0.022562569
test_05654,0.9271976
test_05655,0.9603595
test_05656,0.053109415
test_05657,0.07335638
test_05658,0.0036807205
test_05659,0.9998259
test_05660,0.99963164
test_05661,0.02073061
test_05662,0.98920536
test_05663,0.9759586
test_05664,0.9850456
test_05665,0.054263346
test_05666,0.00012889461
test_05667,0.006610944
test_05668,0.29906964
test_05669,0.9967122
test_05670,0.92175275
test_05671,0.21483871
test_05672,0.9986272
test_05673,0.0031147255
test_05674,0.008589419
test_05675,0.99952257
test_05676,0.00018784952
test_05677,0.00031829253
test_05678,0.0005489712
test_05679,0.9695616
test_05680,0.00031225986
test_05681,0.0021849547
test_05682,0.99758554
test_05683,0.010379509
test_05684,0.097494796
test_05685,0.023034092
test_05686,0.99744344
test_05687,0.04552443
test_05688,0.3043014
test_05689,0.9975485
test_05690,0.16044669
test_05691,0.99724174
test_05692,0.07977696
test_05693,0.97914714
test_05694,0.7094437
test_05695,0.0015608231
test_05696,0.998288
test_05697,0.9885455
test_05698,0.005337152
test_05699,0.9400942
test_05700,0.99877733
test_05701,0.982496
test_05702,0.028083572
test_05703,0.99208474
test_05704,0.9992768
test_05705,0.00636942
test_05706,0.0019320383
test_05707,0.99240935
test_05708,0.0021733122
test_05709,0.014362753
test_05710,0.8287467
test_05711,0.009159075
test_05712,0.9817778
test_05713,0.0057502766
test_05714,0.9671601
test_05715,0.6640644
test_05716,0.98538774
test_05717,0.7658083
test_05718,0.9998981
test_05719,6.121633e-05
test_05720,0.00024353384
test_05721,0.9993981
test_05722,0.9786346
test_05723,0.008575171
test_05724,0.99869186
test_05725,0.0085988855
test_05726,0.0010333296
test_05727,0.9986467
test_05728,0.9996112
test_05729,0.021647323
test_05730,0.999622
test_05731,0.9996247
test_05732,0.00022202669
test_05733,0.9857986
test_05734,0.2927641
test_05735,0.07241571
test_05736,0.036465183
test_05737,0.0032842173
test_05738,0.27983356
test_05739,0.0002847261
test_05740,0.73712426
test_05741,0.022872722
test_05742,0.00078417565
test_05743,0.0035628963
test_05744,0.4574999
test_05745,0.3330475
test_05746,0.011872852
test_05747,0.7771192
test_05748,0.032232687
test_05749,0.9994838
test_05750,0.015914544
test_05751,0.00030396637
test_05752,0.0022084191
test_05753,0.0071484996
test_05754,0.9975078
test_05755,0.9898115
test_05756,0.02248263
test_05757,0.36172318
test_05758,0.016138352
test_05759,0.054656666
test_05760,0.99010766
test_05761,0.8935968
test_05762,0.0055295113
test_05763,0.9034241
test_05764,0.9928965
test_05765,0.9950399
test_05766,0.04634111
test_05767,0.00011533046
test_05768,0.0017903389
test_05769,0.002278902
test_05770,0.9985241
test_05771,0.24406509
test_05772,0.45095697
test_05773,0.99650913
test_05774,0.5180779
test_05775,0.7827838
test_05776,0.0010999753
test_05777,0.467621
test_05778,0.98616856
test_05779,0.7931725
test_05780,0.17707022
test_05781,0.88581055
test_05782,0.97535056
test_05783,0.9990575
test_05784,0.9797188
test_05785,0.99761814
test_05786,0.9620016
test_05787,0.9353841
test_05788,0.7095264
test_05789,0.99516195
test_05790,0.9510893
test_05791,0.045782875
test_05792,0.17516936
test_05793,0.9978669
test_05794,0.99982077
test_05795,0.98867816
test_05796,0.99942327
test_05797,0.9580479
test_05798,0.9989568
test_05799,0.999166
test_05800,0.9745924
test_05801,0.37048876
test_05802,0.0011387261
test_05803,0.9999249
test_05804,0.9953922
test_05805,0.9989667
test_05806,0.009954358
test_05807,0.0036135712
test_05808,0.9865768
test_05809,0.60620415
test_05810,0.9987399
test_05811,0.008756271
test_05812,0.99784684
test_05813,0.98903126
test_05814,0.98771745
test_05815,0.92625326
test_05816,0.04264821
test_05817,0.99545777
test_05818,0.9994716
test_05819,0.99602807
test_05820,0.060152743
test_05821,0.9965798
test_05822,0.0036755288
test_05823,0.019357687
test_05824,0.012404055
test_05825,0.03176423
test_05826,0.97445655
test_05827,0.0012847993
test_05828,0.01647179
test_05829,0.0027960034
test_05830,0.0056240535
test_05831,0.0049747936
test_05832,0.89865786
test_05833,0.1914291
test_05834,0.09964083
test_05835,0.9998091
test_05836,0.99845564
test_05837,0.0005679392
test_05838,9.847731e-05
test_05839,0.99953985
test_05840,0.9996942
test_05841,0.042346604
test_05842,0.025802195
test_05843,0.93932444
test_05844,0.0029220479
test_05845,0.005564732
test_05846,0.50187355
test_05847,0.99885654
test_05848,0.07900709
test_05849,0.0013603774
test_05850,0.086432286
test_05851,0.21299104
test_05852,0.935328
test_05853,0.7019283
test_05854,0.7971439
test_05855,0.98703814
test_05856,0.9951774
test_05857,0.99401796
test_05858,0.018851236
test_05859,0.06427384
test_05860,3.4123015e-05
test_05861,0.021047628
test_05862,0.032956522
test_05863,1.3867412e-05
test_05864,0.352508
test_05865,0.008802622
test_05866,0.87956876
test_05867,0.9946325
test_05868,0.06913735
test_05869,0.9889925
test_05870,0.0064687342
test_05871,0.99006444
test_05872,0.69238216
test_05873,0.014283464
test_05874,0.010627915
test_05875,0.0032930328
test_05876,5.4327895e-05
test_05877,0.98288834
test_05878,0.99975914
test_05879,0.9980414
test_05880,0.9825806
test_05881,0.9993254
test_05882,0.999549
test_05883,0.9996954
test_05884,0.99951506
test_05885,0.16910815
test_05886,0.39959985
test_05887,0.00051762315
test_05888,0.00010380016
test_05889,0.060821187
test_05890,0.0017013677
test_05891,0.0046544517
test_05892,0.9804059
test_05893,0.0010406313
test_05894,0.9998109
test_05895,0.0074640694
test_05896,0.9042964
test_05897,0.9995314
test_05898,0.00046897007
test_05899,0.99922884
test_05900,0.5924285
test_05901,0.64252937
test_05902,0.95988005
test_05903,0.007962646
test_05904,0.037463367
test_05905,0.00045495213
test_05906,0.005063576
test_05907,0.3226096
test_05908,0.0020766282
test_05909,0.694258
test_05910,0.9869069
test_05911,0.010347369
test_05912,0.00080701703
test_05913,0.21686047
test_05914,0.01891186
test_05915,0.99992394
test_05916,0.009144932
test_05917,0.004451508
test_05918,0.16752227
test_05919,0.9204385
test_05920,0.1297636
test_05921,0.99965715
test_05922,0.97407985
test_05923,0.9989202
test_05924,0.0020861817
test_05925,0.0015717999
test_05926,0.00065840594
test_05927,0.0089676855
test_05928,0.9986634
test_05929,0.0015742539
test_05930,0.22488712
test_05931,0.98639756
test_05932,0.0036362372
test_05933,0.35498166
test_05934,0.0017620365
test_05935,0.008916035
test_05936,0.99959713
test_05937,0.41117057
test_05938,0.9987941
test_05939,0.00028776735
test_05940,0.0018269522
test_05941,0.99828476
test_05942,0.0007567926
test_05943,0.98897666
test_05944,0.9999609
test_05945,0.0023243565
test_05946,0.051932707
test_05947,0.9838321
test_05948,0.9987828
test_05949,0.9870313
test_05950,0.0054482003
test_05951,0.0019753547
test_05952,0.00028416957
test_05953,0.99709797
test_05954,0.35472932
test_05955,0.99852115
test_05956,0.23630899
test_05957,0.00056322024
test_05958,0.0010513508
test_05959,0.9996426
test_05960,0.0058574113
test_05961,0.2625403
test_05962,0.9998951
test_05963,0.9998437
test_05964,0.12704849
test_05965,0.0019238942
test_05966,0.020485422
test_05967,0.6789617
test_05968,0.98646706
test_05969,0.002173528
test_05970,0.9935162
test_05971,0.015770707
test_05972,0.6417987
test_05973,0.0012775194
test_05974,0.00048851984
test_05975,0.9806964
test_05976,8.8596615e-05
test_05977,0.9960089
test_05978,0.99943465
test_05979,0.018612899
test_05980,0.00023365256
test_05981,0.1266804
test_05982,0.9955591
test_05983,0.0014676548
test_05984,0.026392924
test_05985,0.020264776
test_05986,0.92579436
test_05987,0.9966461
test_05988,0.9996582
test_05989,0.9891887
test_05990,0.9956494
test_05991,0.9933115
test_05992,0.9997943
test_05993,0.9975278
test_05994,0.0075068497
test_05995,0.16795611
test_05996,0.68832666
test_05997,0.99682426
test_05998,0.29402825
test_05999,0.26541814
test_06000,0.99737
test_06001,0.9929128
test_06002,0.99820423
test_06003,0.9976331
test_06004,0.0037322612
test_06005,0.98045164
test_06006,0.99933213
test_06007,0.00016969498
test_06008,0.0021099325
test_06009,0.019626183
test_06010,0.9819217
test_06011,0.45363796
test_06012,0.9465266
test_06013,0.63035345
test_06014,0.00040258863
test_06015,0.0038709485
test_06016,0.077027544
test_06017,0.0027533628
test_06018,0.0031701366
test_06019,0.9811183
test_06020,0.0022813287
test_06021,0.02481931
test_06022,0.0016620933
test_06023,0.012889561
test_06024,0.9919939
test_06025,0.9970373
test_06026,0.052917596
test_06027,0.9342253
test_06028,0.00172311
test_06029,0.2717986
test_06030,0.97587204
test_06031,0.001353889
test_06032,0.0023326867
test_06033,0.02601674
test_06034,0.95899856
test_06035,0.0011582695
test_06036,0.98454833
test_06037,0.0005618139
test_06038,0.92536175
test_06039,0.0010198497
test_06040,0.62466115
test_06041,0.6686933
test_06042,0.88694876
test_06043,0.05027704
test_06044,0.9991021
test_06045,0.702587
test_06046,0.0004223023
test_06047,0.007831213
test_06048,0.9770712
test_06049,0.024578407
test_06050,0.21742901
test_06051,6.562652e-05
test_06052,0.9993962
test_06053,0.008700064
test_06054,0.0038342406
test_06055,0.004658746
test_06056,0.9994912
test_06057,0.9523032
test_06058,0.99960345
test_06059,0.9980008
test_06060,0.9637129
test_06061,0.003112717
test_06062,0.9202044
test_06063,0.895209
test_06064,0.9913544
test_06065,0.01816208
test_06066,0.0018513482
test_06067,0.27291468
test_06068,0.99913824
test_06069,0.9496629
test_06070,0.0012240061
test_06071,0.020039575
test_06072,0.9939469
test_06073,0.9947174
test_06074,0.015254301
test_06075,0.0101186605
test_06076,0.99922645
test_06077,0.9984157
test_06078,0.6644077
test_06079,0.99971527
test_06080,0.9998419
test_06081,0.828698
test_06082,0.89218783
test_06083,0.0015326987
test_06084,0.0046316413
test_06085,0.98294246
test_06086,0.011279237
test_06087,0.9988733
test_06088,0.10649514
test_06089,0.90767264
test_06090,0.9980446
test_06091,0.998909
test_06092,0.0012010622
test_06093,0.6251381
test_06094,0.98478574
test_06095,0.87819535
test_06096,0.99707294
test_06097,0.0018177251
test_06098,0.00030420526
test_06099,0.018536057
test_06100,0.0067744176
test_06101,0.007420772
test_06102,0.99471927
test_06103,0.9960601
test_06104,0.99915063
test_06105,0.999984
test_06106,0.974412
test_06107,0.9638357
test_06108,0.9821568
test_06109,0.056152634
test_06110,0.9215665
test_06111,0.0010368703
test_06112,0.00053042255
test_06113,0.035400905
test_06114,0.001856679
test_06115,0.9996289
test_06116,0.996015
test_06117,0.01265007
test_06118,0.06475576
test_06119,0.9445331
test_06120,0.66102886
test_06121,0.9731653
test_06122,0.028917855
test_06123,0.00094947586
test_06124,0.4085034
test_06125,0.9983346
test_06126,0.6414943
test_06127,0.00040159607
test_06128,0.904756
test_06129,0.8291511
test_06130,0.9804919
test_06131,0.022642788
test_06132,0.99966455
test_06133,0.21591218
test_06134,0.011980752
test_06135,0.00012815156
test_06136,0.9999987
test_06137,0.9748678
test_06138,0.9879155
test_06139,0.98904663
test_06140,0.9618773
test_06141,0.9928799
test_06142,0.9988426
test_06143,0.0005571948
test_06144,0.99377245
test_06145,0.17812866
test_06146,0.00017216921
test_06147,0.9557686
test_06148,0.0010581581
test_06149,5.64041e-05
test_06150,0.019938435
test_06151,0.9625224
test_06152,0.00090575975
test_06153,0.9938263
test_06154,0.1531443
test_06155,0.99509
test_06156,0.012683841
test_06157,0.00014207106
test_06158,0.26284167
test_06159,0.22228737
test_06160,0.9999043
test_06161,0.001461448
test_06162,0.8459229
test_06163,0.98313934
test_06164,0.99916196
test_06165,0.12362621
test_06166,0.3290238
test_06167,0.89860356
test_06168,0.1592617
test_06169,0.99923015
test_06170,0.99598545
test_06171,0.00034675936
test_06172,0.9999268
test_06173,0.9955629
test_06174,0.0013913512
test_06175,0.00034785102
test_06176,0.99721056
test_06177,0.99989057
test_06178,0.9991309
test_06179,0.9946239
test_06180,0.9955989
test_06181,0.00046935552
test_06182,0.003941215
test_06183,0.9998627
test_06184,0.523511
test_06185,0.6835454
test_06186,0.99992585
test_06187,0.00036720742
test_06188,0.8975813
test_06189,0.0060079317
test_06190,0.8451258
test_06191,0.009094465
test_06192,0.010477433
test_06193,0.9992767
test_06194,0.9641965
test_06195,0.050827213
test_06196,0.00010135256
test_06197,0.99472964
test_06198,0.00032826612
test_06199,0.9991425
test_06200,0.9998677
test_06201,0.93794537
test_06202,0.11096962
test_06203,0.0326806
test_06204,0.97857463
test_06205,0.9707061
test_06206,0.004101941
test_06207,0.890504
test_06208,0.0007465695
test_06209,0.06768677
test_06210,0.99781454
test_06211,0.00019125233
test_06212,0.9998306
test_06213,5.1809868e-05
test_06214,0.08525586
test_06215,0.9417512
test_06216,0.9861611
test_06217,0.99921596
test_06218,0.45543212
test_06219,0.7475466
test_06220,0.039606985
test_06221,0.00021790667
test_06222,0.033373877
test_06223,0.0033962312
test_06224,0.79242605
test_06225,0.9929295
test_06226,0.99980336
test_06227,0.0027982232
test_06228,0.99308985
test_06229,0.00095570553
test_06230,0.037117556
test_06231,0.1833841
test_06232,0.015867626
test_06233,0.007053051
test_06234,0.9838951
test_06235,0.005238252
test_06236,0.005194375
test_06237,0.5892166
test_06238,0.033926472
test_06239,0.9995912
test_06240,0.87860054
test_06241,0.9716722
test_06242,0.01343269
test_06243,0.9998229
test_06244,0.91650647
test_06245,0.9506298
test_06246,0.9831601
test_06247,0.9851659
test_06248,0.9987822
test_06249,0.9134281
test_06250,0.9970605
test_06251,0.023771368
test_06252,0.89868397
test_06253,0.52522564
test_06254,0.87722224
test_06255,0.0013363742
test_06256,0.9997247
test_06257,0.9997538
test_06258,0.99734855
test_06259,0.8629828
test_06260,0.9692592
test_06261,0.0099852905
test_06262,0.99515945
test_06263,0.85576236
test_06264,0.97337
test_06265,0.1158908
test_06266,0.97372705
test_06267,0.99956447
test_06268,0.999908
test_06269,0.0006020758
test_06270,0.22317365
test_06271,0.99825364
test_06272,0.9991301
test_06273,0.9937302
test_06274,0.9586483
test_06275,0.71353453
test_06276,0.00055020873
test_06277,0.9979886
test_06278,0.061803143
test_06279,0.0003848567
test_06280,0.029898629
test_06281,0.9922517
test_06282,0.9999218
test_06283,0.22840041
test_06284,0.86534226
test_06285,0.24630713
test_06286,0.9994413
test_06287,0.027853312
test_06288,0.7962639
test_06289,0.34227726
test_06290,0.027994405
test_06291,0.00054537336
test_06292,0.00047465763
test_06293,0.00045890914
test_06294,0.69892204
test_06295,0.0031711946
test_06296,0.008750475
test_06297,0.75600237
test_06298,0.9999368
test_06299,0.9903564
test_06300,0.99979526
test_06301,0.0012053681
test_06302,0.9862082
test_06303,0.006729195
test_06304,0.9614479
test_06305,0.20496
test_06306,0.19881585
test_06307,0.73054063
test_06308,0.99847645
test_06309,0.963299
test_06310,0.021790205
test_06311,0.00022166522
test_06312,0.17316774
test_06313,0.13214444
test_06314,0.019953746
test_06315,0.46171775
test_06316,0.5430975
test_06317,0.74259865
test_06318,0.9988556
test_06319,0.13837568
test_06320,0.9978021
test_06321,0.07809666
test_06322,0.99942505
test_06323,0.39856988
test_06324,0.0010377315
test_06325,0.9886077
test_06326,0.9771492
test_06327,0.047077212
test_06328,0.9946819
test_06329,0.1641314
test_06330,0.00030354992
test_06331,0.00020633588
test_06332,0.09392083
test_06333,0.051758762
test_06334,0.1733598
test_06335,0.968758
test_06336,0.05602776
test_06337,0.05270938
test_06338,0.89295924
test_06339,0.99948287
test_06340,0.99333197
test_06341,0.025178516
test_06342,0.92518806
test_06343,0.19121529
test_06344,0.0503103
test_06345,0.35311913
test_06346,0.9900187
test_06347,0.008548933
test_06348,0.9998529
test_06349,0.09312737
test_06350,0.00027148833
test_06351,0.9990633
test_06352,0.0068654227
test_06353,0.001906359
test_06354,0.6156583
test_06355,0.27855256
test_06356,0.9989519
test_06357,0.008305866
test_06358,0.9959857
test_06359,0.9562964
test_06360,0.9996897
test_06361,0.25473517
test_06362,0.0030722355
test_06363,0.8751401
test_06364,0.5829907
test_06365,0.0086606
test_06366,0.2354863
test_06367,0.99037945
test_06368,0.9996903
test_06369,0.9976427
test_06370,0.99571145
test_06371,0.051996805
test_06372,0.91024595
test_06373,0.9939387
test_06374,0.9972561
test_06375,0.08494154
test_06376,0.016005956
test_06377,0.99487704
test_06378,0.93785393
test_06379,0.0012714046
test_06380,0.029171234
test_06381,0.0010664139
test_06382,0.99886537
test_06383,0.99819773
test_06384,0.98814875
test_06385,0.00068053626
test_06386,0.99570775
test_06387,0.96483797
test_06388,0.9481023
test_06389,0.33841395
test_06390,0.99104697
test_06391,0.04534491
test_06392,0.010401952
test_06393,0.069509156
test_06394,0.99726164
test_06395,0.3300872
test_06396,0.14215668
test_06397,0.0011087466
test_06398,0.99541426
test_06399,0.006302767
test_06400,0.012029245
test_06401,0.56499666
test_06402,0.99331194
test_06403,0.0019379375
test_06404,0.034064244
test_06405,0.0016882769
test_06406,0.00037376335
test_06407,0.42662293
test_06408,0.004463432
test_06409,0.97744477
test_06410,0.9799876
test_06411,0.9994529
test_06412,0.046329074
test_06413,0.017405447
test_06414,0.8424888
test_06415,0.20597945
test_06416,0.82537526
test_06417,0.5286116
test_06418,0.3181685
test_06419,0.9985417
test_06420,0.001177121
test_06421,0.9974498
test_06422,0.99829024
test_06423,0.6208828
test_06424,0.9800117
test_06425,0.69066167
test_06426,0.0027953363
test_06427,0.001334385
test_06428,0.9350511
test_06429,4.2886993e-05
test_06430,0.5809085
test_06431,0.9978327
test_06432,0.00019892254
test_06433,0.05175471
test_06434,0.99691296
test_06435,0.99955004
test_06436,0.20596783
test_06437,0.036471933
test_06438,0.0030799198
test_06439,0.99993
test_06440,0.09874188
test_06441,0.8661899
test_06442,0.2227669
test_06443,0.22756955
test_06444,0.0006309785
test_06445,0.0014186456
test_06446,0.890845
test_06447,0.9958183
test_06448,0.962484
test_06449,0.00147967
test_06450,0.9989749
test_06451,0.9987923
test_06452,0.981635
test_06453,0.011658932
test_06454,0.99719197
test_06455,0.98924726
test_06456,0.028024035
test_06457,0.683966
test_06458,0.015050346
test_06459,0.99990475
test_06460,0.00073112594
test_06461,0.00048871146
test_06462,0.9997788
test_06463,0.9634097
test_06464,0.05539206
test_06465,0.02686104
test_06466,0.03555186
test_06467,0.60839885
test_06468,0.0035481686
test_06469,0.99731195
test_06470,0.99106735
test_06471,0.00012038384
test_06472,0.07463491
test_06473,0.9931345
test_06474,0.0015069277
test_06475,0.9449686
test_06476,0.0017820165
test_06477,0.0032910078
test_06478,0.9946814
test_06479,0.95730114
test_06480,0.97887224
test_06481,0.09135814
test_06482,0.9997981
test_06483,0.051123533
test_06484,0.0003724676
test_06485,0.9942472
test_06486,0.99889565
test_06487,0.0038049698
test_06488,0.99851495
test_06489,0.00086264114
test_06490,0.99787784
test_06491,0.06597409
test_06492,0.950705
test_06493,0.0067779445
test_06494,0.7644974
test_06495,2.4387671e-05
test_06496,0.00023402445
test_06497,0.9629026
test_06498,0.99246347
test_06499,0.08363448
test_06500,0.11730535
test_06501,0.013486661
test_06502,0.98250014
test_06503,0.0007120978
test_06504,0.0029206933
test_06505,2.9428136e-05
test_06506,0.7307632
test_06507,0.9897396
test_06508,0.99906284
test_06509,0.0010590708
test_06510,0.99915254
test_06511,0.11263706
test_06512,0.9991285
test_06513,0.99081916
test_06514,0.019400293
test_06515,0.93573624
test_06516,0.99951756
test_06517,0.98995423
test_06518,0.85305625
test_06519,0.0012750481
test_06520,0.019147165
test_06521,0.9916637
test_06522,0.9996371
test_06523,0.999257
test_06524,0.020266687
test_06525,0.0014788666
test_06526,0.9028288
test_06527,0.00030673403
test_06528,0.9840582
test_06529,0.62423795
test_06530,0.0019591649
test_06531,0.9997141
test_06532,0.98436743
test_06533,0.9498757
test_06534,0.96650434
test_06535,0.9849295
test_06536,0.16561182
test_06537,0.00069515296
test_06538,0.9404355
test_06539,0.021166703
test_06540,0.000464897
test_06541,0.0018140519
test_06542,0.0020842568
test_06543,0.10040864
test_06544,0.9948985
test_06545,0.92877585
test_06546,0.0014834483
test_06547,0.27959397
test_06548,0.9985862
test_06549,0.008718276
test_06550,0.99887985
test_06551,0.019570941
test_06552,0.49329555
test_06553,0.9990583
test_06554,0.9770544
test_06555,0.057165954
test_06556,0.99977547
test_06557,0.5467993
test_06558,0.84785944
test_06559,0.33159396
test_06560,0.013403199
test_06561,0.9998863
test_06562,0.022150036
test_06563,0.0023431524
test_06564,0.9847958
test_06565,0.9909025
test_06566,0.73260903
test_06567,0.5957348
test_06568,0.015774911
test_06569,0.07933743
test_06570,0.00099712
test_06571,0.013659977
test_06572,0.0027388716
test_06573,0.017219216
test_06574,0.48455307
test_06575,0.0011236651
test_06576,0.025434114
test_06577,0.004374058
test_06578,0.9971258
test_06579,0.008115043
test_06580,0.9993969
test_06581,0.00039107577
test_06582,0.9973605
test_06583,0.051638663
test_06584,0.64210504
test_06585,0.0034336664
test_06586,0.119863614
test_06587,0.9925525
test_06588,0.0143376095
test_06589,0.92059946
test_06590,0.013886901
test_06591,0.00011112487
test_06592,0.99183357
test_06593,0.99399143
test_06594,0.9998362
test_06595,0.104995176
test_06596,0.08352839
test_06597,0.14457275
test_06598,0.005195023
test_06599,0.0025031643
test_06600,0.02821079
test_06601,0.00089354394
test_06602,0.042872276
test_06603,0.02016008
test_06604,0.033643655
test_06605,2.6211705e-05
test_06606,0.99913543
test_06607,0.00096016895
test_06608,0.99912804
test_06609,0.88237727
test_06610,0.0006457757
test_06611,0.8069923
test_06612,0.0027237092
test_06613,0.0001906684
test_06614,0.0002679982
test_06615,0.008424509
test_06616,0.80808246
test_06617,0.99610305
test_06618,0.002265172
test_06619,0.008692209
test_06620,0.61652535
test_06621,7.1890834e-05
test_06622,0.33151394
test_06623,0.023723451
test_06624,0.9943118
test_06625,0.9925046
test_06626,0.0011370124
test_06627,0.00071036496
test_06628,0.7692677
test_06629,0.0004649544
test_06630,0.0068686097
test_06631,0.028039541
test_06632,0.00016700896
test_06633,0.0071725235
test_06634,0.9818094
test_06635,0.06653128
test_06636,0.040378306
test_06637,0.00017132274
test_06638,0.09617445
test_06639,0.713823
test_06640,0.99509996
test_06641,0.014645149
test_06642,0.42211816
test_06643,0.99943155
test_06644,0.9991615
test_06645,0.96190965
test_06646,0.97716546
test_06647,0.99314404
test_06648,0.025834242
test_06649,0.17705442
test_06650,0.0012678263
test_06651,0.11683636
test_06652,0.00037122934
test_06653,0.99536765
test_06654,0.0034869153
test_06655,0.002108688
test_06656,0.9987025
test_06657,0.99901664
test_06658,0.00047262845
test_06659,0.9766287
test_06660,0.5961657
test_06661,0.0009912268
test_06662,0.46455592
test_06663,0.0025117693
test_06664,0.0005821693
test_06665,0.0112590855
test_06666,0.019547284
test_06667,0.99561834
test_06668,0.95795083
test_06669,0.006918854
test_06670,0.14192466
test_06671,0.99639446
test_06672,0.505883
test_06673,0.0023309581
test_06674,0.9994455
test_06675,0.44968373
test_06676,0.9346329
test_06677,0.993054
test_06678,0.9995523
test_06679,0.0023295449
test_06680,0.004681907
test_06681,0.98360175
test_06682,0.00032851443
test_06683,0.9791764
test_06684,0.040051416
test_06685,0.9958801
test_06686,0.9895355
test_06687,0.009428226
test_06688,0.54473
test_06689,0.6832763
test_06690,0.9278751
test_06691,0.000389377
test_06692,0.6944412
test_06693,0.5765137
test_06694,0.9999428
test_06695,0.0034365603
test_06696,0.99645895
test_06697,0.99749786
test_06698,0.022029793
test_06699,0.48670805
test_06700,0.9998826
test_06701,0.9968502
test_06702,0.9987878
test_06703,0.10527174
test_06704,0.9843003
test_06705,0.99997747
test_06706,0.7625453
test_06707,0.00066809246
test_06708,0.9964856
test_06709,0.34333315
test_06710,0.9757169
test_06711,0.99621165
test_06712,0.27258056
test_06713,0.99986684
test_06714,0.57102084
test_06715,0.0028852483
test_06716,0.99356973
test_06717,0.9991966
test_06718,0.93570745
test_06719,0.99783427
test_06720,0.96087873
test_06721,0.01063149
test_06722,0.9958638
test_06723,0.9999598
test_06724,0.00047332273
test_06725,0.03103279
test_06726,0.9991301
test_06727,0.9964121
test_06728,0.0025710491
test_06729,0.001857708
test_06730,0.00033691878
test_06731,0.8384619
test_06732,0.043926507
test_06733,0.96599925
test_06734,0.00033995716
test_06735,0.9997209
test_06736,0.97056437
test_06737,0.9996414
test_06738,0.9998074
test_06739,0.99930346
test_06740,0.99953806
test_06741,0.87185925
test_06742,0.9997147
test_06743,0.99983287
test_06744,0.0778658
test_06745,0.00046368784
test_06746,0.9830913
test_06747,0.9999896
test_06748,0.06865522
test_06749,0.99506783
test_06750,0.98015517
test_06751,0.698825
test_06752,0.0024431718
test_06753,0.002368728
test_06754,0.0003113746
test_06755,0.99500495
test_06756,0.014919721
test_06757,0.99995697
test_06758,0.0038802393
test_06759,0.008047141
test_06760,0.0026223839
test_06761,0.99518424
test_06762,0.99972194
test_06763,0.9644271
test_06764,0.6363243
test_06765,0.9999746
test_06766,0.0054955157
test_06767,0.0004534584
test_06768,0.9998192
test_06769,0.0010239098
test_06770,0.0054258653
test_06771,0.99134326
test_06772,0.000534805
test_06773,0.9960819
test_06774,0.106687
test_06775,0.047602378
test_06776,0.99996495
test_06777,0.9916659
test_06778,0.00042234096
test_06779,0.029015189
test_06780,0.99945384
test_06781,0.96900785
test_06782,0.9706542
test_06783,0.42497823
test_06784,0.029566586
test_06785,0.99691224
test_06786,0.93993807
test_06787,0.00083316833
test_06788,0.01203916
test_06789,0.34817448
test_06790,0.9939752
test_06791,0.9535152
test_06792,0.99944645
test_06793,0.034587216
test_06794,0.9987889
test_06795,0.0011702374
test_06796,0.9996427
test_06797,0.9325918
test_06798,0.99934715
test_06799,0.011342578
test_06800,0.0019165267
test_06801,0.5849014
test_06802,0.012143445
test_06803,0.008721067
test_06804,0.170585
test_06805,0.0055707013
test_06806,0.9658817
test_06807,0.9969681
test_06808,0.9968929
test_06809,0.9580892
test_06810,0.9738633
test_06811,0.9998553
test_06812,0.00096831954
test_06813,0.9439037
test_06814,0.99965405
test_06815,0.9938949
test_06816,0.9985884
test_06817,0.0098085385
test_06818,0.9975454
test_06819,0.9717594
test_06820,0.013831005
test_06821,0.9464953
test_06822,0.18469143
test_06823,0.13491471
test_06824,0.85651076
test_06825,0.0006796327
test_06826,0.005923915
test_06827,0.025646755
test_06828,0.9946785
test_06829,0.9976634
test_06830,0.0013787394
test_06831,0.999087
test_06832,0.00021838235
test_06833,0.0010639799
test_06834,0.013221372
test_06835,0.00027672958
test_06836,0.024658523
test_06837,0.0067426804
test_06838,0.0014628342
test_06839,0.4296512
test_06840,0.99568814
test_06841,0.035219837
test_06842,0.98497736
test_06843,0.015718862
test_06844,0.00024104383
test_06845,0.0006685574
test_06846,0.92841446
test_06847,0.9985605
test_06848,0.00032500268
test_06849,0.99816567
test_06850,0.0042461976
test_06851,0.020056663
test_06852,0.035661206
test_06853,0.0010317026
test_06854,0.11764904
test_06855,0.00014028054
test_06856,9.571719e-05
test_06857,0.33859357
test_06858,0.0054369643
test_06859,0.7469742
test_06860,0.980456
test_06861,3.376948e-05
test_06862,0.9993625
test_06863,0.4377195
test_06864,0.9995659
test_06865,0.0016230034
test_06866,0.02286078
test_06867,0.10373908
test_06868,0.93786657
test_06869,0.5325301
test_06870,0.9983193
test_06871,0.9912143
test_06872,0.5167252
test_06873,0.00951549
test_06874,0.9942135
test_06875,0.12383391
test_06876,0.001989242
test_06877,0.99944943
test_06878,0.00010060228
test_06879,0.9528122
test_06880,0.019350886
test_06881,0.920866
test_06882,0.0015395604
test_06883,0.64546424
test_06884,0.0031533751
test_06885,0.08402028
test_06886,0.00070650043
test_06887,0.9552431
test_06888,0.014587636
test_06889,0.9675203
test_06890,0.43767634
test_06891,0.0005186695
test_06892,0.0024189455
test_06893,0.31204024
test_06894,0.0014329822
test_06895,0.00040300182
test_06896,0.99971074
test_06897,0.37686104
test_06898,0.010791733
test_06899,9.9572084e-05
test_06900,0.00080250454
test_06901,0.9413143
test_06902,0.44906548
test_06903,0.99947053
test_06904,0.99986374
test_06905,0.9995778
test_06906,0.001015822
test_06907,0.99625224
test_06908,0.9995585
test_06909,9.37206e-05
test_06910,0.9983552
test_06911,0.98611695
test_06912,0.0006195765
test_06913,0.1151162
test_06914,0.7802542
test_06915,0.2342659
test_06916,0.9999298
test_06917,3.2468648e-05
test_06918,0.98285896
test_06919,0.991918
test_06920,0.0034109289
test_06921,0.97184193
test_06922,0.99992776
test_06923,0.61559117
test_06924,0.99754363
test_06925,0.13114758
test_06926,0.015487178
test_06927,0.124729834
test_06928,0.0039918423
test_06929,0.9503452
test_06930,0.0020327873
test_06931,0.005484373
test_06932,0.996479
test_06933,0.99928766
test_06934,0.00012009295
test_06935,0.002916966
test_06936,0.8059869
test_06937,0.9450429
test_06938,0.022239085
test_06939,0.020834483
test_06940,0.9689923
test_06941,0.9977241
test_06942,0.0023880012
test_06943,0.0009384892
test_06944,0.021843547
test_06945,0.024393005
test_06946,0.2695563
test_06947,0.57438374
test_06948,0.9158463
test_06949,0.99995375
test_06950,0.07541374
test_06951,0.0027795632
test_06952,0.9747317
test_06953,0.010281031
test_06954,0.20757654
test_06955,0.9995906
test_06956,0.9712669
test_06957,0.4668781
test_06958,0.99784124
test_06959,0.06304648
test_06960,0.00011215857
test_06961,0.9243146
test_06962,0.004462402
test_06963,0.5434206
test_06964,0.99877554
test_06965,0.033167653
test_06966,0.00440492
test_06967,0.013850356
test_06968,0.001065766
test_06969,0.0029257094
test_06970,0.99942136
test_06971,0.99816823
test_06972,0.014408863
test_06973,0.997538
test_06974,0.11142621
test_06975,0.99351186
test_06976,0.9993173
test_06977,0.92972744
test_06978,0.0025535647
test_06979,0.02973043
test_06980,0.5273259
test_06981,0.99927026
test_06982,0.9992347
test_06983,0.0066800024
test_06984,0.00089375634
test_06985,0.00584162
test_06986,0.00096584705
test_06987,0.00021720205
test_06988,0.0034940157
test_06989,0.0072517907
test_06990,0.99908245
test_06991,0.9299204
test_06992,0.72987854
test_06993,0.00037719807
test_06994,0.00079508714
test_06995,0.044792682
test_06996,0.045739286
test_06997,0.96603364
test_06998,0.0034306603
test_06999,0.9922655
test_07000,0.35977504
test_07001,0.7470356
test_07002,0.9985246
test_07003,0.8158129
test_07004,0.4008728
test_07005,0.6305912
test_07006,0.014969428
test_07007,0.0019624403
test_07008,0.00320217
test_07009,0.9963744
test_07010,0.8441196
test_07011,0.99952376
test_07012,0.8821771
test_07013,0.36178592
test_07014,0.9999517
test_07015,0.9984681
test_07016,0.9930265
test_07017,0.00039439436
test_07018,0.9940084
test_07019,0.953752
test_07020,0.008301571
test_07021,0.9984675
test_07022,8.735684e-05
test_07023,0.96499336
test_07024,0.059919514
test_07025,0.99835724
test_07026,0.99982077
test_07027,0.017420761
test_07028,0.491132
test_07029,0.77225345
test_07030,0.58454496
test_07031,0.001776
test_07032,0.72919977
test_07033,0.999866
test_07034,0.0017135204
test_07035,0.00072126335
test_07036,0.006750294
test_07037,0.0017585694
test_07038,0.99239504
test_07039,0.0015379427
test_07040,0.007872699
test_07041,0.97726965
test_07042,0.9965252
test_07043,0.68896073
test_07044,0.999423
test_07045,0.03378132
test_07046,0.92506665
test_07047,0.99931943
test_07048,0.0012482003
test_07049,0.85164666
test_07050,0.99779356
test_07051,0.004051934
test_07052,0.800825
test_07053,0.0020266166
test_07054,0.68069416
test_07055,0.99927825
test_07056,0.95725584
test_07057,0.0005980874
test_07058,0.858201
test_07059,0.343558
test_07060,0.99999094
test_07061,0.99349034
test_07062,0.0032989741
test_07063,0.004437865
test_07064,0.0005004403
test_07065,0.18502441
test_07066,0.22674419
test_07067,0.9998178
test_07068,0.96405554
test_07069,0.99773324
test_07070,0.005499269
test_07071,0.010543802
test_07072,0.99925405
test_07073,0.95786256
test_07074,0.9986312
test_07075,0.9979777
test_07076,0.9996816
test_07077,0.035520457
test_07078,0.98931247
test_07079,0.9997081
test_07080,0.30142695
test_07081,0.025787463
test_07082,0.989164
test_07083,0.017392714
test_07084,0.15027735
test_07085,0.4171052
test_07086,0.9141812
test_07087,0.0042417725
test_07088,0.78144693
test_07089,0.25206313
test_07090,0.99878865
test_07091,0.00020730807
test_07092,0.92493457
test_07093,0.49068698
test_07094,0.9852254
test_07095,0.005812041
test_07096,0.9947442
test_07097,0.03257083
test_07098,0.026431892
test_07099,0.0018210029
test_07100,0.96249646
test_07101,0.9996636
test_07102,0.99817264
test_07103,0.9995276
test_07104,0.88889766
test_07105,6.1844557e-06
test_07106,0.88940394
test_07107,0.0034689133
test_07108,0.40482387
test_07109,0.26602393
test_07110,0.4409435
test_07111,0.19516145
test_07112,0.9968887
test_07113,0.008766081
test_07114,0.43009028
test_07115,0.6856438
test_07116,0.5384879
test_07117,0.121091574
test_07118,0.003643521
test_07119,0.0038501443
test_07120,0.0024285573
test_07121,0.09447947
test_07122,0.98569113
test_07123,0.3853905
test_07124,0.9655384
test_07125,0.9988852
test_07126,0.99193317
test_07127,0.99600005
test_07128,0.0025924093
test_07129,0.0003095926
test_07130,0.9816892
test_07131,0.9978745
test_07132,0.0012687421
test_07133,0.011046772
test_07134,0.007739082
test_07135,0.0012351497
test_07136,0.99945873
test_07137,0.94643164
test_07138,0.0040029753
test_07139,0.01199633
test_07140,0.111301534
test_07141,0.018956166
test_07142,0.0042024134
test_07143,0.030105462
test_07144,0.0019198111
test_07145,6.7832385e-05
test_07146,0.99891376
test_07147,0.7867106
test_07148,0.995793
test_07149,0.0011970967
test_07150,0.09036623
test_07151,0.35724604
test_07152,0.98666555
test_07153,0.74427724
test_07154,0.87147516
test_07155,0.000161519
test_07156,0.544224
test_07157,0.99250656
test_07158,0.9914015
test_07159,0.036982335
test_07160,0.065751486
test_07161,0.003219799
test_07162,0.7797637
test_07163,0.9796958
test_07164,0.98963064
test_07165,0.25148275
test_07166,0.99952245
test_07167,0.00056249404
test_07168,0.99089557
test_07169,0.0009609332
test_07170,0.9997037
test_07171,0.999913
test_07172,0.99462944
test_07173,0.9923579
test_07174,0.9685966
test_07175,0.9986166
test_07176,0.008603879
test_07177,0.004527261
test_07178,0.95735884
test_07179,0.7819048
test_07180,0.005853697
test_07181,0.5182336
test_07182,0.00031414613
test_07183,0.012162412
test_07184,0.0001064106
test_07185,0.9660858
test_07186,0.99724567
test_07187,0.039441083
test_07188,0.4120466
test_07189,0.007984252
test_07190,0.9876056
test_07191,0.011050185
test_07192,2.8144153e-05
test_07193,0.00077185495
test_07194,0.42016292
test_07195,0.9862153
test_07196,0.94592524
test_07197,0.0013044627
test_07198,0.0008769797
test_07199,0.0006928982
test_07200,0.99185574
test_07201,0.012634862
test_07202,0.033710178
test_07203,0.9663096
test_07204,0.9429478
test_07205,0.0010321426
test_07206,0.3925308
test_07207,0.98914623
test_07208,0.0017656771
test_07209,0.19986637
test_07210,0.02942633
test_07211,0.009052258
test_07212,0.31803536
test_07213,0.10643935
test_07214,0.99422413
test_07215,0.81721514
test_07216,0.037724346
test_07217,0.0009450544
test_07218,0.1571281
test_07219,0.9996792
test_07220,0.004512287
test_07221,0.88220876
test_07222,0.11235529
test_07223,0.02920997
test_07224,0.76036966
test_07225,0.27791756
test_07226,0.60552275
test_07227,0.9995721
test_07228,0.0036372826
test_07229,0.01564566
test_07230,0.045407116
test_07231,0.010986616
test_07232,0.9063159
test_07233,0.981307
test_07234,0.99909747
test_07235,0.98680556
test_07236,0.002193377
test_07237,0.9993304
test_07238,0.00032577763
test_07239,0.9212917
test_07240,0.20416889
test_07241,0.0037455002
test_07242,0.05239424
test_07243,0.016342612
test_07244,0.9995504
test_07245,0.002224968
test_07246,0.045757428
test_07247,0.90085995
test_07248,0.99805546
test_07249,3.804748e-05
test_07250,0.00089949137
test_07251,0.011994708
test_07252,0.937393
test_07253,0.000206051
test_07254,0.7834398
test_07255,0.98795855
test_07256,0.016288595
test_07257,0.99567527
test_07258,0.053955
test_07259,0.9909582
test_07260,0.92411757
test_07261,0.00024807797
test_07262,0.0007385253
test_07263,0.9998319
test_07264,0.015033307
test_07265,0.9848877
test_07266,0.0013732257
test_07267,0.022484021
test_07268,0.9992588
test_07269,0.9741387
test_07270,0.25182515
test_07271,0.9932632
test_07272,0.85435337
test_07273,0.85860926
test_07274,0.9860263
test_07275,0.17273767
test_07276,0.008050121
test_07277,0.9994511
test_07278,0.9754505
test_07279,0.001200552
test_07280,0.012649301
test_07281,0.00032058026
test_07282,0.9885825
test_07283,0.04223886
test_07284,0.003982694
test_07285,0.9942984
test_07286,0.049146805
test_07287,0.9966453
test_07288,9.352553e-05
test_07289,0.0004438209
test_07290,0.013120154
test_07291,0.6261217
test_07292,0.24410313
test_07293,0.0004992256
test_07294,0.999067
test_07295,0.5126099
test_07296,0.9829715
test_07297,0.9999521
test_07298,0.44549933
test_07299,0.9821284
test_07300,0.04044233
test_07301,0.98821753
test_07302,0.0022474483
test_07303,0.99831355
test_07304,0.00029847765
test_07305,0.16705886
test_07306,0.21576352
test_07307,0.0015442998
test_07308,0.00063844654
test_07309,0.00048142963
test_07310,0.05971384
test_07311,0.008579894
test_07312,0.99511176
test_07313,0.0073421877
test_07314,0.9961838
test_07315,0.7784363
test_07316,0.2996236
test_07317,0.9954364
test_07318,0.06661932
test_07319,0.9114913
test_07320,0.99883753
test_07321,0.07386425
test_07322,0.013865989
test_07323,0.050119035
test_07324,0.2232857
test_07325,0.5607623
test_07326,0.9678362
test_07327,0.97945887
test_07328,0.9978879
test_07329,0.0064610797
test_07330,0.17275354
test_07331,0.01333059
test_07332,0.017089667
test_07333,0.6661657
test_07334,0.68762857
test_07335,0.5536179
test_07336,0.0046461243
test_07337,0.13157582
test_07338,0.9269861
test_07339,9.596689e-05
test_07340,0.992469
test_07341,0.25100908
test_07342,0.0017630634
test_07343,0.9978962
test_07344,0.98989373
test_07345,0.0023305689
test_07346,0.027186979
test_07347,0.010054457
test_07348,0.94182104
test_07349,0.000911484
test_07350,0.99991035
test_07351,0.00064705865
test_07352,0.5064569
test_07353,0.995229
test_07354,0.8638058
test_07355,0.97929484
test_07356,0.9991737
test_07357,0.99795866
test_07358,0.99699605
test_07359,0.7327507
test_07360,0.9973425
test_07361,0.32573417
test_07362,0.0013230969
test_07363,0.99622655
test_07364,0.12923741
test_07365,0.845029
test_07366,0.99991024
test_07367,0.9960675
test_07368,0.07046048
test_07369,0.006158888
test_07370,0.9977931
test_07371,0.011842173
test_07372,0.013573427
test_07373,0.99766564
test_07374,0.010328357
test_07375,0.54661953
test_07376,0.806452
test_07377,0.0017331673
test_07378,0.99480456
test_07379,0.08260535
test_07380,0.008793657
test_07381,0.3909697
test_07382,0.8968929
test_07383,0.85042936
test_07384,0.99968076
test_07385,0.03705628
test_07386,0.010340741
test_07387,0.001978261
test_07388,0.8940327
test_07389,0.0043223114
test_07390,0.0038574259
test_07391,0.999757
test_07392,0.54364264
test_07393,0.8539881
test_07394,0.98355687
test_07395,0.9996282
test_07396,0.00021070697
test_07397,0.99793005
test_07398,0.9846021
test_07399,0.9739381
test_07400,0.9280645
test_07401,0.10578288
test_07402,0.9998222
test_07403,0.05508226
test_07404,0.0024384928
test_07405,0.98431396
test_07406,0.1351136
test_07407,0.001349
test_07408,0.40653983
test_07409,0.9968629
test_07410,0.9925177
test_07411,0.00783278
test_07412,0.003122841
test_07413,0.9891506
test_07414,0.0011285853
test_07415,0.99508154
test_07416,0.059971012
test_07417,0.0070575303
test_07418,0.98311734
test_07419,0.0023853488
test_07420,0.0022174625
test_07421,0.26876426
test_07422,0.99782556
test_07423,0.9994136
test_07424,0.014778352
test_07425,0.003498453
test_07426,0.040938262
test_07427,0.025850315
test_07428,0.063924134
test_07429,0.5079747
test_07430,0.0001353187
test_07431,0.9986786
test_07432,0.0022709041
test_07433,0.4558189
test_07434,0.005073277
test_07435,0.0010911858
test_07436,0.0050230273
test_07437,0.99710554
test_07438,0.9991072
test_07439,0.0055695656
test_07440,0.0005391887
test_07441,0.0034988937
test_07442,0.033866294
test_07443,0.99117625
test_07444,1.6920365e-05
test_07445,0.014251503
test_07446,0.010913637
test_07447,0.025552202
test_07448,0.00035077616
test_07449,0.99773574
test_07450,0.99881196
test_07451,0.96051973
test_07452,0.089443415
test_07453,0.014730337
test_07454,0.9987871
test_07455,0.03569259
test_07456,0.9943236
test_07457,0.9102967
test_07458,0.99992573
test_07459,0.99988055
test_07460,0.011902449
test_07461,0.38434455
test_07462,0.50223523
test_07463,0.010641606
test_07464,0.0030302887
test_07465,0.9943771
test_07466,0.13171421
test_07467,0.9804436
test_07468,0.99478817
test_07469,0.054895986
test_07470,0.9988469
test_07471,0.09759401
test_07472,0.93617976
test_07473,0.0061706174
test_07474,0.0014162813
test_07475,0.3964854
test_07476,0.029098138
test_07477,5.3776468e-05
test_07478,0.9999049
test_07479,0.99455345
test_07480,0.3230831
test_07481,0.1607955
test_07482,0.0038694495
test_07483,0.17745984
test_07484,0.0067620315
test_07485,0.83697826
test_07486,0.9991271
test_07487,0.008025452
test_07488,0.007875548
test_07489,0.9750855
test_07490,0.22830573
test_07491,0.033982564
test_07492,0.010628327
test_07493,0.8385344
test_07494,0.9298872
test_07495,0.9289935
test_07496,0.32315886
test_07497,0.01840266
test_07498,0.64954805
test_07499,0.00013150093
test_07500,0.07197514
test_07501,0.0008535733
test_07502,0.99931705
test_07503,0.002850148
test_07504,0.0023645577
test_07505,0.9142825
test_07506,0.99972063
test_07507,0.018440787
test_07508,0.033283047
test_07509,0.9990477
test_07510,0.6162266
test_07511,0.9942614
test_07512,0.0058263587
test_07513,0.9913169
test_07514,0.9849513
test_07515,0.99833184
test_07516,0.99651176
test_07517,0.99986744
test_07518,0.0003284571
test_07519,0.032730177
test_07520,0.008030221
test_07521,0.021155737
test_07522,0.9941696
test_07523,0.010894592
test_07524,0.851743
test_07525,0.5493188
test_07526,0.0025245838
test_07527,0.04313625
test_07528,0.9983719
test_07529,0.0010026462
test_07530,0.9845707
test_07531,0.64421517
test_07532,0.9976972
test_07533,0.010144484
test_07534,0.03888345
test_07535,0.18533948
test_07536,0.030439641
test_07537,0.00062408776
test_07538,0.2903635
test_07539,0.99917126
test_07540,0.0009442704
test_07541,0.9185116
test_07542,0.989228
test_07543,0.008827895
test_07544,0.9436189
test_07545,0.11416226
test_07546,0.99293727
test_07547,0.9788158
test_07548,0.82042265
test_07549,0.99841166
test_07550,0.9830103
test_07551,0.9998511
test_07552,0.020552574
test_07553,0.99592954
test_07554,0.9989981
test_07555,0.015189042
test_07556,0.00021597145
test_07557,0.9999622
test_07558,0.9275798
test_07559,0.8544553
test_07560,0.66223073
test_07561,0.0026187657
test_07562,0.27191013
test_07563,0.99355435
test_07564,0.99429107
test_07565,0.009416008
test_07566,0.6527698
test_07567,0.0010062231
test_07568,0.004924006
test_07569,0.49072722
test_07570,0.99919814
test_07571,0.21437933
test_07572,0.99907124
test_07573,0.9995845
test_07574,0.9591729
test_07575,0.0027488638
test_07576,0.011264772
test_07577,0.008110688
test_07578,0.0006393039
test_07579,0.0015482332
test_07580,0.98448217
test_07581,0.0010042188
test_07582,0.0003109225
test_07583,0.9422931
test_07584,0.9803662
test_07585,0.71781313
test_07586,0.9998734
test_07587,0.35844818
test_07588,0.94834507
test_07589,0.99933004
test_07590,0.39632422
test_07591,0.9950323
test_07592,0.0022640743
test_07593,0.9968376
test_07594,0.7142709
test_07595,0.0008677813
test_07596,0.0035843144
test_07597,0.9990953
test_07598,0.15521657
test_07599,0.665248
test_07600,0.00053598615
test_07601,0.00055208174
test_07602,0.000992339
test_07603,0.9989761
test_07604,0.04566058
test_07605,0.0007102993
test_07606,0.0071267947
test_07607,0.044983122
test_07608,0.013792024
test_07609,0.99190676
test_07610,0.0003030884
test_07611,0.001554848
test_07612,0.0050316905
test_07613,0.104091115
test_07614,0.9795455
test_07615,0.9916009
test_07616,0.99515593
test_07617,0.32088992
test_07618,0.99708337
test_07619,0.007287259
test_07620,0.6571416
test_07621,0.0017494156
test_07622,0.030194858
test_07623,0.9986828
test_07624,0.013127002
test_07625,0.00030682524
test_07626,0.9807162
test_07627,0.9873081
test_07628,0.9978327
test_07629,0.016850388
test_07630,0.9740087
test_07631,0.010413876
test_07632,0.0050601736
test_07633,0.010688241
test_07634,0.9991264
test_07635,0.9993235
test_07636,0.002148211
test_07637,0.97958595
test_07638,0.9999114
test_07639,0.011800881
test_07640,0.5203912
test_07641,0.9763647
test_07642,0.0926024
test_07643,0.95062006
test_07644,0.99978644
test_07645,0.0017347273
test_07646,0.2474417
test_07647,0.9973335
test_07648,0.0053996793
test_07649,0.97228897
test_07650,0.99414355
test_07651,0.049653135
test_07652,0.48247814
test_07653,0.99988794
test_07654,0.9815075
test_07655,0.8559905
test_07656,0.00021734374
test_07657,0.9985875
test_07658,0.0023254978
test_07659,0.99814785
test_07660,0.15363082
test_07661,0.9887467
test_07662,0.04944288
test_07663,0.0071021123
test_07664,0.0047531426
test_07665,0.002715298
test_07666,0.964774
test_07667,0.017791828
test_07668,0.0001585018
test_07669,0.99979204
test_07670,0.00059258
test_07671,0.007860205
test_07672,0.00026080362
test_07673,0.0053240326
test_07674,0.1376543
test_07675,0.00042042029
test_07676,0.0019432849
test_07677,0.001711639
test_07678,0.25684136
test_07679,0.06115668
test_07680,0.95990723
test_07681,0.00028483197
test_07682,0.0019341755
test_07683,0.997389
test_07684,0.59709173
test_07685,0.029887205
test_07686,0.066346295
test_07687,0.2162391
test_07688,0.8954933
test_07689,0.9981201
test_07690,0.9985424
test_07691,0.018109698
test_07692,0.9999715
test_07693,0.9934987
test_07694,0.34754434
test_07695,0.23120846
test_07696,0.15483214
test_07697,0.99979466
test_07698,0.9998223
test_07699,0.007885031
test_07700,0.77150375
test_07701,0.0026147868
test_07702,0.007742228
test_07703,0.9993611
test_07704,0.99993575
test_07705,0.022838635
test_07706,0.9982109
test_07707,0.6648466
test_07708,0.99942905
test_07709,0.9983576
test_07710,0.99985874
test_07711,0.9829238
test_07712,0.0011321731
test_07713,0.0005259329
test_07714,0.0007635539
test_07715,0.9963259
test_07716,0.99910384
test_07717,0.0011070288
test_07718,0.00376362
test_07719,0.0016425148
test_07720,0.0105554
test_07721,0.056926623
test_07722,0.020010034
test_07723,0.007295343
test_07724,0.9998423
test_07725,0.9955937
test_07726,0.42450273
test_07727,0.0062732995
test_07728,0.05437548
test_07729,0.9995104
test_07730,0.5350634
test_07731,0.00016874862
test_07732,0.18169552
test_07733,0.99961686
test_07734,0.0018477819
test_07735,0.16553737
test_07736,0.0033924922
test_07737,0.99852127
test_07738,0.17588337
test_07739,0.5666868
test_07740,0.010606366
test_07741,0.17025883
test_07742,0.5550724
test_07743,0.96630746
test_07744,0.14426374
test_07745,0.42869326
test_07746,0.0005993993
test_07747,0.18641824
test_07748,0.0043522394
test_07749,0.99623954
test_07750,0.9924109
test_07751,0.3244215
test_07752,0.0014006924
test_07753,0.42891008
test_07754,0.018652342
test_07755,0.004528339
test_07756,0.96635634
test_07757,0.0019219778
test_07758,0.0718853
test_07759,0.775719
test_07760,0.001574982
test_07761,0.9948549
test_07762,0.9419871
test_07763,0.99864346
test_07764,0.9994862
test_07765,0.057812884
test_07766,0.9999144
test_07767,0.0019055913
test_07768,0.708041
test_07769,0.0018904554
test_07770,0.017132051
test_07771,0.9539167
test_07772,0.99857044
test_07773,0.94342357
test_07774,0.00045611607
test_07775,0.23815335
test_07776,0.74115664
test_07777,0.99870884
test_07778,0.99878234
test_07779,0.9966888
test_07780,0.9987363
test_07781,0.012556461
test_07782,0.018133404
test_07783,0.02578672
test_07784,0.9359475
test_07785,0.20642182
test_07786,0.44560942
test_07787,0.9753593
test_07788,0.99760747
test_07789,0.40348998
test_07790,0.005708399
test_07791,0.59829235
test_07792,0.0061696735
test_07793,0.006937741
test_07794,0.114189036
test_07795,0.9683663
test_07796,0.09508776
test_07797,0.0014858836
test_07798,0.99967027
test_07799,0.9991035
test_07800,0.9750115
test_07801,8.576472e-05
test_07802,0.72103184
test_07803,0.84844774
test_07804,0.9996666
test_07805,0.12454482
test_07806,0.00074022723
test_07807,0.010197045
test_07808,0.0011510382
test_07809,0.003386859
test_07810,0.00046025368
test_07811,0.926661
test_07812,0.355627
test_07813,0.986405
test_07814,0.09136511
test_07815,0.00010120287
test_07816,0.002159781
test_07817,0.9797204
test_07818,0.0025322046
test_07819,0.78055024
test_07820,0.00023144821
test_07821,0.9887524
test_07822,0.0039870823
test_07823,0.0010667543
test_07824,0.9985505
test_07825,0.9839572
test_07826,0.020545378
test_07827,0.99970585
test_07828,0.013478739
test_07829,0.44990426
test_07830,0.015264555
test_07831,0.97858846
test_07832,0.95353174
test_07833,0.5459425
test_07834,0.99875665
test_07835,0.9790654
test_07836,0.034152713
test_07837,0.0019172417
test_07838,0.9994734
test_07839,0.96858317
test_07840,0.98744166
test_07841,0.001358033
test_07842,0.04543469
test_07843,0.0009567574
test_07844,0.76625645
test_07845,0.99801135
test_07846,0.0041177203
test_07847,0.9989442
test_07848,0.0007965254
test_07849,0.9877672
test_07850,0.99185365
test_07851,0.06751297
test_07852,0.83794475
test_07853,0.000546528
test_07854,0.999572
test_07855,0.032761354
test_07856,0.044883035
test_07857,0.0005783053
test_07858,0.0049986904
test_07859,0.9345946
test_07860,0.004932644
test_07861,0.30359483
test_07862,0.024947822
test_07863,0.3845747
test_07864,0.13717656
test_07865,0.96338826
test_07866,0.7905023
test_07867,0.0006567061
test_07868,0.9989982
test_07869,0.8856304
test_07870,0.058782626
test_07871,0.9971795
test_07872,0.008020211
test_07873,0.0045357114
test_07874,0.006624251
test_07875,0.0009984481
test_07876,0.00032987024
test_07877,0.0018230642
test_07878,0.00017000867
test_07879,0.00020779076
test_07880,0.97048336
test_07881,0.2288868
test_07882,0.9487143
test_07883,0.9631106
test_07884,0.15296513
test_07885,0.9745156
test_07886,0.029379567
test_07887,0.9701577
test_07888,0.009716875
test_07889,0.99047184
test_07890,0.99442035
test_07891,0.8700148
test_07892,0.8394717
test_07893,0.9970585
test_07894,0.00070342683
test_07895,0.9121935
test_07896,0.99852234
test_07897,0.002075303
test_07898,0.9759611
test_07899,0.99991345
test_07900,0.9994861
test_07901,0.9980678
test_07902,0.00062244345
test_07903,0.21478732
test_07904,8.6884465e-05
test_07905,0.50450605
test_07906,0.016807942
test_07907,0.14988896
test_07908,0.033268604
test_07909,0.95533234
test_07910,0.9211842
test_07911,0.99973685
test_07912,0.0018189517
test_07913,0.00043118428
test_07914,0.0029809123
test_07915,0.0016162114
test_07916,0.9893227
test_07917,0.00016269732
test_07918,0.014319481
test_07919,0.019244803
test_07920,0.0036708957
test_07921,0.99718225
test_07922,0.4584953
test_07923,0.9918098
test_07924,0.11035825
test_07925,2.7671575e-05
test_07926,0.68279874
test_07927,0.99623895
test_07928,0.00024728169
test_07929,0.0011500502
test_07930,0.034451272
test_07931,0.017577732
test_07932,0.98387074
test_07933,0.9998702
test_07934,0.015697608
test_07935,0.07629947
test_07936,0.001993218
test_07937,0.42825857
test_07938,0.9989176
test_07939,0.0011798717
test_07940,0.0014841139
test_07941,0.9063447
test_07942,0.008479135
test_07943,0.96886605
test_07944,0.003843391
test_07945,0.0059225317
test_07946,6.001919e-05
test_07947,0.9980404
test_07948,0.02953684
test_07949,0.98783225
test_07950,0.9943532
test_07951,0.0005794471
test_07952,0.2517722
test_07953,0.00043316092
test_07954,0.023041341
test_07955,0.007279264
test_07956,0.025537835
test_07957,0.03651997
test_07958,0.6625406
test_07959,0.99596125
test_07960,0.0065080393
test_07961,0.9525509
test_07962,0.016010853
test_07963,0.97859895
test_07964,0.0016792773
test_07965,0.00046063247
test_07966,0.9994179
test_07967,0.9998035
test_07968,0.000770494
test_07969,0.021708839
test_07970,0.019736271
test_07971,5.922272e-05
test_07972,0.99827623
test_07973,0.0016384388
test_07974,0.6218811
test_07975,0.0059830067
test_07976,0.59588915
test_07977,0.0039129276
test_07978,0.94009924
test_07979,0.011507857
test_07980,0.17325076
test_07981,0.030072438
test_07982,0.0065202625
test_07983,8.876701e-05
test_07984,0.99832064
test_07985,0.9980227
test_07986,0.013800658
test_07987,0.004220751
test_07988,0.034620367
test_07989,0.00031434206
test_07990,0.99060446
test_07991,0.90072984
test_07992,0.004824865
test_07993,0.99985766
test_07994,0.36647108
test_07995,0.96234465
test_07996,0.9981863
test_07997,0.91336775
test_07998,0.99791795
test_07999,0.9909444
test_08000,0.24526986
test_08001,0.008459983
test_08002,0.001531469
test_08003,0.9974854
test_08004,0.05353495
test_08005,0.9997011
test_08006,0.9471629
test_08007,0.00074003823
test_08008,0.9115187
test_08009,0.00031363856
test_08010,0.9757801
test_08011,0.99810636
test_08012,0.9998048
test_08013,0.0013186447
test_08014,0.75014794
test_08015,4.854448e-05
test_08016,0.34650236
test_08017,0.011111209
test_08018,0.9811841
test_08019,0.9987546
test_08020,0.99535674
test_08021,0.32197347
test_08022,0.0014418782
test_08023,0.0015442367
test_08024,0.011468705
test_08025,0.43837425
test_08026,0.9712426
test_08027,0.9945437
test_08028,3.0126157e-05
test_08029,0.982789
test_08030,0.63382435
test_08031,0.029854951
test_08032,0.99791545
test_08033,0.00031927298
test_08034,0.9991448
test_08035,0.00065105385
test_08036,0.48535264
test_08037,0.00052387005
test_08038,0.67322934
test_08039,0.9869314
test_08040,0.95794165
test_08041,0.9841942
test_08042,0.893582
test_08043,0.00046125284
test_08044,0.0141292615
test_08045,0.7408326
test_08046,0.03271702
test_08047,0.0008467072
test_08048,0.9660985
test_08049,0.9967894
test_08050,0.0040763724
test_08051,0.19311033
test_08052,0.99801123
test_08053,0.17103395
test_08054,0.015384529
test_08055,0.9994941
test_08056,0.9998883
test_08057,0.002236247
test_08058,0.063059315
test_08059,0.3468047
test_08060,0.9990846
test_08061,0.24314098
test_08062,0.9997042
test_08063,0.18469839
test_08064,0.0035454417
test_08065,0.9993374
test_08066,0.0029979625
test_08067,0.9992779
test_08068,0.9452386
test_08069,0.63761044
test_08070,0.0019152517
test_08071,0.99900514
test_08072,0.025871096
test_08073,0.9920563
test_08074,0.4995658
test_08075,0.42578992
test_08076,0.0016041382
test_08077,0.008275291
test_08078,0.9675502
test_08079,3.7192203e-05
test_08080,0.8208955
test_08081,0.0006107739
test_08082,0.11296009
test_08083,0.999948
test_08084,0.0034332303
test_08085,0.0013999175
test_08086,0.011799635
test_08087,0.99551195
test_08088,0.88267875
test_08089,0.10946464
test_08090,0.0044126688
test_08091,0.99994373
test_08092,0.96576625
test_08093,0.37138656
test_08094,0.024310173
test_08095,0.8611322
test_08096,0.0015875961
test_08097,0.97622913
test_08098,0.0064842813
test_08099,0.016487308
test_08100,0.9916181
test_08101,1.4955224e-06
test_08102,0.0006072631
test_08103,0.9983931
test_08104,0.00029057474
test_08105,0.99978775
test_08106,0.9973137
test_08107,0.4436537
test_08108,0.006551453
test_08109,0.9894183
test_08110,0.9986821
test_08111,0.0054623545
test_08112,0.9892013
test_08113,0.002812558
test_08114,0.0002607437
test_08115,0.010106356
test_08116,0.9524173
test_08117,0.021071991
test_08118,0.023634387
test_08119,0.07313482
test_08120,0.0021126212
test_08121,0.71715605
test_08122,0.97460055
test_08123,0.058133762
test_08124,0.5102727
test_08125,0.9976852
test_08126,0.064228
test_08127,0.0006403038
test_08128,0.31664953
test_08129,0.011832021
test_08130,0.20006052
test_08131,0.9998746
test_08132,0.0009923105
test_08133,0.3201747
test_08134,0.06394925
test_08135,0.00013913885
test_08136,0.9596717
test_08137,0.02339795
test_08138,0.00012562779
test_08139,0.9991297
test_08140,0.9788971
test_08141,0.95246285
test_08142,0.99990773
test_08143,0.99326587
test_08144,0.999571
test_08145,0.00019043565
test_08146,0.85205054
test_08147,0.037038047
test_08148,0.0068816487
test_08149,0.0003138725
test_08150,0.97984076
test_08151,0.95456797
test_08152,0.05629699
test_08153,0.021781405
test_08154,0.0033083635
test_08155,0.046354506
test_08156,0.00060838176
test_08157,0.0058628027
test_08158,0.008310107
test_08159,0.99931395
test_08160,0.99920875
test_08161,0.9912374
test_08162,0.0016665626
test_08163,0.88395077
test_08164,0.0041366527
test_08165,0.03751603
test_08166,0.22592007
test_08167,0.0008680033
test_08168,0.98277813
test_08169,0.92118204
test_08170,0.0019290182
test_08171,0.97800046
test_08172,0.53988886
test_08173,0.032698385
test_08174,0.0051862965
test_08175,0.9543038
test_08176,0.90940666
test_08177,0.9818703
test_08178,0.9993556
test_08179,0.98663086
test_08180,0.0011624963
test_08181,0.007191292
test_08182,0.74881035
test_08183,0.99720925
test_08184,0.99926955
test_08185,0.99674076
test_08186,0.9916855
test_08187,0.9763266
test_08188,0.0009441161
test_08189,0.008499569
test_08190,0.004594679
test_08191,0.09042637
test_08192,0.83986026
test_08193,0.9992279
test_08194,0.044101033
test_08195,0.00069466745
test_08196,0.03028668
test_08197,0.9999931
test_08198,0.9955462
test_08199,0.017813198
test_08200,0.9228178
test_08201,0.0027564897
test_08202,0.9977597
test_08203,0.8662428
test_08204,0.8675656
test_08205,0.97751427
test_08206,0.24375324
test_08207,0.9778617
test_08208,0.021205278
test_08209,0.018950677
test_08210,0.055151757
test_08211,0.0057227667
test_08212,0.9997427
test_08213,0.9367354
test_08214,0.00012213591
test_08215,0.021144262
test_08216,0.0029292752
test_08217,0.9997224
test_08218,0.841165
test_08219,0.0152637
test_08220,0.0013652283
test_08221,0.012765604
test_08222,0.99876404
test_08223,0.0001308354
test_08224,0.0003596065
test_08225,0.001702134
test_08226,0.5788078
test_08227,0.9992124
test_08228,0.9898178
test_08229,0.00034369298
test_08230,0.28731468
test_08231,0.008762701
test_08232,0.013894635
test_08233,0.00043054824
test_08234,0.014813815
test_08235,3.4643867e-06
test_08236,0.2006975
test_08237,0.9781578
test_08238,0.9971929
test_08239,0.99934906
test_08240,0.9556158
test_08241,0.8368206
test_08242,0.99853885
test_08243,0.00041599476
test_08244,0.9938637
test_08245,0.40489817
test_08246,0.8937978
test_08247,0.0007338917
test_08248,0.21968043
test_08249,0.9930814
test_08250,0.1340553
test_08251,0.9965952
test_08252,0.9966378
test_08253,0.0028599042
test_08254,0.501083
test_08255,0.027899008
test_08256,0.0044415346
test_08257,0.0054831733
test_08258,0.41225174
test_08259,0.9903902
test_08260,0.44824585
test_08261,0.99965847
test_08262,0.99209374
test_08263,0.9966102
test_08264,0.97405237
test_08265,0.94937307
test_08266,0.99913883
test_08267,0.026358986
test_08268,0.009275722
test_08269,0.99995494
test_08270,0.027754195
test_08271,0.82288253
test_08272,0.9988342
test_08273,0.89205843
test_08274,0.9687664
test_08275,0.0417303
test_08276,0.9997503
test_08277,0.002809799
test_08278,0.024848498
test_08279,0.17799461
test_08280,0.0009192422
test_08281,0.5919791
test_08282,0.98916966
test_08283,0.98211825
test_08284,0.73969054
test_08285,0.9996152
test_08286,0.058263946
test_08287,0.07848053
test_08288,0.00091377745
test_08289,0.004581798
test_08290,0.004827465
test_08291,0.42079714
test_08292,0.0011191976
test_08293,0.9623769
test_08294,0.42122585
test_08295,0.9911283
test_08296,0.97589123
test_08297,0.9997392
test_08298,0.017719833
test_08299,0.005034776
test_08300,0.999458
test_08301,0.98658365
test_08302,0.9978491
test_08303,0.9977986
test_08304,0.93073064
test_08305,0.058558825
test_08306,0.0007151414
test_08307,0.99847513
test_08308,0.6263639
test_08309,0.007441738
test_08310,0.92735434
test_08311,0.28518552
test_08312,0.9922241
test_08313,0.99830925
test_08314,0.0150648365
test_08315,0.98141205
test_08316,0.99947613
test_08317,0.8792175
test_08318,0.015652925
test_08319,0.99793965
test_08320,0.28173873
test_08321,0.92331934
test_08322,0.9748479
test_08323,0.9992188
test_08324,0.6270915
test_08325,0.9998629
test_08326,0.015689055
test_08327,0.0367514
test_08328,0.0093356315
test_08329,0.9781411
test_08330,0.9750532
test_08331,0.80637175
test_08332,0.02096204
test_08333,0.33951497
test_08334,0.9837642
test_08335,0.80025035
test_08336,0.41458526
test_08337,0.98734194
test_08338,0.98979515
test_08339,0.0006850995
test_08340,0.0017675286
test_08341,0.9993693
test_08342,0.00035488416
test_08343,0.56341887
test_08344,0.9582125
test_08345,0.97886926
test_08346,0.022610793
test_08347,0.0071642916
test_08348,0.99648416
test_08349,0.0041473093
test_08350,0.9672937
test_08351,0.9999099
test_08352,0.0007984678
test_08353,0.9790162
test_08354,0.008145944
test_08355,0.23461404
test_08356,0.7348497
test_08357,0.00042378073
test_08358,0.97733647
test_08359,0.99869424
test_08360,0.99566334
test_08361,0.9943633
test_08362,0.0051786588
test_08363,0.9979036
test_08364,0.17967851
test_08365,0.027477035
test_08366,0.43471205
test_08367,0.9995308
test_08368,0.99180084
test_08369,0.0017270392
test_08370,0.9752364
test_08371,0.008019368
test_08372,0.0013611206
test_08373,0.9777189
test_08374,0.99744946
test_08375,0.022956323
test_08376,0.9589715
test_08377,0.60075927
test_08378,0.9646986
test_08379,0.9984163
test_08380,0.9861966
test_08381,0.9269715
test_08382,0.9705564
test_08383,0.27644652
test_08384,0.004018665
test_08385,0.0031776512
test_08386,0.00033720155
test_08387,0.0011074435
test_08388,0.00038711412
test_08389,0.67290616
test_08390,0.0008803826
test_08391,0.8090083
test_08392,0.820088
test_08393,0.999711
test_08394,0.00083639513
test_08395,0.029429661
test_08396,0.20723288
test_08397,0.019424217
test_08398,0.99962616
test_08399,0.00026170956
test_08400,0.00054192636
test_08401,0.35690385
test_08402,0.8855818
test_08403,0.05844377
test_08404,0.99824226
test_08405,0.0034403198
test_08406,0.00052068196
test_08407,0.9980108
test_08408,0.68950063
test_08409,0.0068472167
test_08410,0.863527
test_08411,0.99704283
test_08412,0.9997613
test_08413,0.00017206681
test_08414,0.04102813
test_08415,0.011821395
test_08416,0.9947988
test_08417,0.99991155
test_08418,0.933737
test_08419,0.043362513
test_08420,0.043941773
test_08421,0.45100665
test_08422,0.99891734
test_08423,0.99837756
test_08424,0.011038514
test_08425,0.00031542158
test_08426,0.0011122714
test_08427,0.99994814
test_08428,0.9993598
test_08429,0.007020004
test_08430,0.98207456
test_08431,0.22450784
test_08432,0.65413266
test_08433,0.81364095
test_08434,0.93694186
test_08435,0.006725811
test_08436,0.9987651
test_08437,0.00042039625
test_08438,0.6539624
test_08439,0.005304486
test_08440,0.99547935
test_08441,0.10090574
test_08442,0.66500425
test_08443,0.011144198
test_08444,0.003902635
test_08445,0.9888608
test_08446,0.0029948982
test_08447,0.015576362
test_08448,0.52056396
test_08449,0.99824905
test_08450,0.32072416
test_08451,0.05228634
test_08452,0.325487
test_08453,0.007733464
test_08454,0.006471631
test_08455,0.44533506
test_08456,0.9995815
test_08457,0.9978415
test_08458,0.04660154
test_08459,0.99430287
test_08460,0.99689543
test_08461,0.000116957264
test_08462,0.005283712
test_08463,0.99404067
test_08464,0.0028131222
test_08465,0.9920087
test_08466,0.058034234
test_08467,0.0034957824
test_08468,0.9989988
test_08469,0.054198157
test_08470,0.007981242
test_08471,0.036662046
test_08472,0.9987159
test_08473,0.0025764974
test_08474,0.98604786
test_08475,0.00020497895
test_08476,0.99000216
test_08477,0.98924506
test_08478,0.99586993
test_08479,0.0004658856
test_08480,0.00423991
test_08481,0.35298115
test_08482,0.99938846
test_08483,0.1065001
test_08484,0.9996006
test_08485,0.22722453
test_08486,0.8419467
test_08487,0.00010954754
test_08488,0.23997235
test_08489,0.17976658
test_08490,0.8116556
test_08491,0.991046
test_08492,0.99931467
test_08493,0.97201353
test_08494,0.06506001
test_08495,0.09323796
test_08496,0.04133797
test_08497,0.990299
test_08498,0.0013908354
test_08499,0.5863775
test_08500,0.83059084
test_08501,0.0077616633
test_08502,0.99945384
test_08503,0.010297677
test_08504,0.83927447
test_08505,8.554933e-06
test_08506,0.10225734
test_08507,0.00028605934
test_08508,0.9794341
test_08509,0.4012531
test_08510,0.9951568
test_08511,0.07129449
test_08512,0.9699592
test_08513,0.9997812
test_08514,0.004352436
test_08515,0.9985298
test_08516,0.99944526
test_08517,0.9979296
test_08518,0.93125767
test_08519,0.9995592
test_08520,0.33769116
test_08521,0.00057333626
test_08522,0.00014277846
test_08523,0.011085916
test_08524,0.019024799
test_08525,0.99820495
test_08526,0.00039891107
test_08527,0.008495853
test_08528,0.012873481
test_08529,0.8732339
test_08530,0.00011102414
test_08531,0.95918345
test_08532,0.80235016
test_08533,0.7327487
test_08534,0.017976131
test_08535,0.99979514
test_08536,0.002342932
test_08537,0.9965551
test_08538,0.13967216
test_08539,0.9867797
test_08540,0.99987996
test_08541,0.00022247744
test_08542,0.9250999
test_08543,0.006917419
test_08544,0.9358576
test_08545,0.8147233
test_08546,0.93603665
test_08547,0.9998938
test_08548,0.07749989
test_08549,0.009754405
test_08550,0.9751405
test_08551,0.9914198
test_08552,0.9939668
test_08553,0.51641536
test_08554,0.0004389535
test_08555,0.9941121
test_08556,0.0021635478
test_08557,0.011766599
test_08558,0.0014733745
test_08559,0.99744934
test_08560,0.5041684
test_08561,0.9998764
test_08562,0.8032693
test_08563,0.0011546826
test_08564,0.0006167817
test_08565,0.964224
test_08566,0.8412282
test_08567,0.0020129355
test_08568,0.9806055
test_08569,0.007450925
test_08570,0.11079909
test_08571,0.38714984
test_08572,0.9987645
test_08573,0.84567004
test_08574,0.0015298417
test_08575,0.7661988
test_08576,0.25436303
test_08577,0.8333474
test_08578,0.00055127277
test_08579,0.56050265
test_08580,0.99391276
test_08581,0.99894005
test_08582,0.067266196
test_08583,0.18321514
test_08584,0.013005289
test_08585,0.0096899
test_08586,0.9325334
test_08587,0.024035541
test_08588,0.37220177
test_08589,0.870385
test_08590,0.9944675
test_08591,0.0014245957
test_08592,0.9729172
test_08593,0.00012727098
test_08594,0.03621236
test_08595,0.9193359
test_08596,0.79017925
test_08597,0.9826675
test_08598,0.94692963
test_08599,0.015513885
test_08600,0.9992931
test_08601,0.9961928
test_08602,0.97277606
test_08603,0.96157783
test_08604,0.997012
test_08605,0.0052443063
test_08606,0.9999906
test_08607,0.9903681
test_08608,0.999041
test_08609,0.0010960095
test_08610,0.6294897
test_08611,0.004125375
test_08612,0.99854386
test_08613,0.5384496
test_08614,0.8695642
test_08615,0.099072
test_08616,0.99650806
test_08617,0.0012871901
test_08618,0.00012381535
test_08619,0.9980793
test_08620,0.99990857
test_08621,0.9958702
test_08622,0.99977595
test_08623,0.0027113212
test_08624,0.9889628
test_08625,0.9973955
test_08626,0.020537548
test_08627,0.019916471
test_08628,0.9902732
test_08629,0.056440238
test_08630,0.99853706
test_08631,0.016832529
test_08632,0.00016897323
test_08633,0.9998772
test_08634,0.97729164
test_08635,0.039271396
test_08636,0.009467022
test_08637,0.9907195
test_08638,0.98145604
test_08639,0.014695546
test_08640,0.02258763
test_08641,0.23684135
test_08642,0.99719787
test_08643,7.632735e-05
test_08644,0.98342174
test_08645,0.010711024
test_08646,0.00011049637
test_08647,0.04116917
test_08648,0.0005417702
test_08649,0.9908132
test_08650,0.99895084
test_08651,0.7174505
test_08652,0.2876184
test_08653,0.9725301
test_08654,0.0037869883
test_08655,0.62912
test_08656,0.027553758
test_08657,0.9207765
test_08658,0.9965534
test_08659,0.0067685293
test_08660,0.86039466
test_08661,0.00058228197
test_08662,0.005769991
test_08663,0.00021222119
test_08664,0.013896387
test_08665,0.043326598
test_08666,0.99949384
test_08667,0.99669707
test_08668,0.9938886
test_08669,0.98598236
test_08670,0.96965986
test_08671,0.92863303
test_08672,0.99928766
test_08673,0.99951434
test_08674,0.9993612
test_08675,0.00987945
test_08676,0.9700161
test_08677,0.35052338
test_08678,0.48751488
test_08679,0.9766285
test_08680,0.9999294
test_08681,0.0050559356
test_08682,0.10425951
test_08683,0.6931311
test_08684,0.43369058
test_08685,0.99999344
test_08686,0.99997234
test_08687,0.015279181
test_08688,0.9963415
test_08689,0.9916272
test_08690,0.0076087494
test_08691,0.999627
test_08692,0.9997968
test_08693,0.0006213798
test_08694,0.016824631
test_08695,0.9097492
test_08696,0.001319788
test_08697,0.005330663
test_08698,0.88448864
test_08699,0.9908731
test_08700,0.99956924
test_08701,0.9996458
test_08702,8.120078e-06
test_08703,0.0015685435
test_08704,0.0050628055
test_08705,0.060658593
test_08706,0.0036405588
test_08707,0.9476888
test_08708,0.8406469
test_08709,0.98441285
test_08710,0.0067956587
test_08711,0.989228
test_08712,0.0044976906
test_08713,0.9972811
test_08714,0.9615018
test_08715,0.0016429182
test_08716,0.9995981
test_08717,0.18613923
test_08718,0.0021106517
test_08719,0.9718185
test_08720,0.99201304
test_08721,0.99227786
test_08722,0.99989915
test_08723,0.9912107
test_08724,0.0010836978
test_08725,0.99960893
test_08726,0.9875194
test_08727,0.72104406
test_08728,0.00012001877
test_08729,0.19043554
test_08730,0.111995056
test_08731,0.99893194
test_08732,0.73602736
test_08733,0.015651677
test_08734,0.9713272
test_08735,0.0026449538
test_08736,0.99982125
test_08737,0.00065637444
test_08738,0.50164706
test_08739,0.0031723934
test_08740,0.0042395694
test_08741,0.5859
test_08742,0.9993563
test_08743,0.0020163388
test_08744,0.37011606
test_08745,0.9688329
test_08746,0.9140094
test_08747,0.99973816
test_08748,0.0013085229
test_08749,0.0027138623
test_08750,0.9271377
test_08751,0.00094342284
test_08752,0.048413016
test_08753,0.9647973
test_08754,0.0017458168
test_08755,0.93975866
test_08756,0.9485723
test_08757,0.9958639
test_08758,0.038220987
test_08759,0.007773016
test_08760,0.0026398343
test_08761,0.0071646273
test_08762,0.6967379
test_08763,0.21385977
test_08764,0.9641725
test_08765,0.0062632514
test_08766,0.9995627
test_08767,0.0036695057
test_08768,0.999169
test_08769,0.019089434
test_08770,0.99975485
test_08771,0.00084741105
test_08772,0.025518643
test_08773,0.034564856
test_08774,0.00815815
test_08775,0.9966158
test_08776,0.9985916
test_08777,0.15590344
test_08778,0.99942684
test_08779,0.072521344
test_08780,0.022609567
test_08781,0.97438747
test_08782,0.008238298
test_08783,0.99800354
test_08784,0.64300203
test_08785,0.3964265
test_08786,0.11593181
test_08787,0.0153764775
test_08788,0.4736959
test_08789,0.965154
test_08790,0.0004398859
test_08791,0.0061217225
test_08792,0.00017552619
test_08793,0.012204045
test_08794,0.00024814208
test_08795,0.99536693
test_08796,0.999997
test_08797,0.984784
test_08798,0.7258355
test_08799,0.99994636
test_08800,0.8974992
test_08801,0.9965455
test_08802,0.90307426
test_08803,0.9997142
test_08804,0.03245597
test_08805,0.99532264
test_08806,0.98214424
test_08807,0.057360765
test_08808,0.99954504
test_08809,0.9997956
test_08810,0.017526867
test_08811,0.99913764
test_08812,0.05438086
test_08813,0.9995745
test_08814,0.004838526
test_08815,5.226208e-05
test_08816,0.0011453643
test_08817,0.997497
test_08818,0.3560673
test_08819,0.99877936
test_08820,0.9999007
test_08821,0.16230719
test_08822,0.99256915
test_08823,0.5101845
test_08824,0.04153216
test_08825,0.9932668
test_08826,0.0034369407
test_08827,0.9998343
test_08828,0.9970426
test_08829,0.06567113
test_08830,0.9890742
test_08831,0.73611885
test_08832,0.00080430706
test_08833,0.9996934
test_08834,0.99474066
test_08835,0.9939302
test_08836,0.07165585
test_08837,0.6796618
test_08838,0.98038393
test_08839,0.9989391
test_08840,0.86852735
test_08841,0.9996019
test_08842,0.0012223917
test_08843,0.9458355
test_08844,0.0006700398
test_08845,0.0006902049
test_08846,0.99423945
test_08847,0.95076036
test_08848,0.030320121
test_08849,0.0013619525
test_08850,0.9682219
test_08851,0.06024334
test_08852,0.076181866
test_08853,0.95302284
test_08854,0.87985295
test_08855,0.49820682
test_08856,0.9990952
test_08857,0.908511
test_08858,0.9869486
test_08859,0.0012874153
test_08860,0.9975313
test_08861,0.9884539
test_08862,0.005136825
test_08863,0.6753164
test_08864,0.012787804
test_08865,0.080590196
test_08866,0.91494036
test_08867,0.99710804
test_08868,0.06074439
test_08869,0.8487848
test_08870,0.99746585
test_08871,0.99951565
test_08872,0.22800642
test_08873,0.998896
test_08874,0.0017038592
test_08875,0.99955374
test_08876,0.9985764
test_08877,0.92355263
test_08878,0.9948007
test_08879,0.967437
test_08880,0.6244127
test_08881,0.9995559
test_08882,0.40339124
test_08883,0.10089069
test_08884,0.9997539
test_08885,0.0027996737
test_08886,0.00049854896
test_08887,0.00058170897
test_08888,0.2033835
test_08889,0.9999721
test_08890,0.04559656
test_08891,0.571052
test_08892,0.63344866
test_08893,0.012892985
test_08894,0.99870086
test_08895,0.080781795
test_08896,0.99908185
test_08897,7.882359e-05
test_08898,0.5258983
test_08899,0.008935154
test_08900,0.98006904
test_08901,0.9948218
test_08902,0.93494624
test_08903,0.972421
test_08904,0.60393983
test_08905,0.99693155
test_08906,0.99925345
test_08907,0.99897766
test_08908,0.9993895
test_08909,0.5810389
test_08910,0.00076510274
test_08911,0.99977356
test_08912,0.0071391547
test_08913,0.05616363
test_08914,0.0012049141
test_08915,0.68663245
test_08916,0.9349452
test_08917,0.8399295
test_08918,0.9948007
test_08919,0.97294724
test_08920,2.7519573e-05
test_08921,0.19813766
test_08922,0.031535026
test_08923,0.98409986
test_08924,0.9999292
test_08925,0.8963523
test_08926,0.0018601001
test_08927,0.001720697
test_08928,0.0061529423
test_08929,0.99983096
test_08930,0.9999864
test_08931,0.63442785
test_08932,0.0120391315
test_08933,0.7176331
test_08934,0.9691523
test_08935,0.99504745
test_08936,0.8561685
test_08937,0.904281
test_08938,0.06670382
test_08939,0.0010180833
test_08940,0.0399398
test_08941,0.08581967
test_08942,0.21902668
test_08943,0.99169195
test_08944,0.9998436
test_08945,0.99968445
test_08946,0.00015654425
test_08947,0.31941214
test_08948,0.9991229
test_08949,0.022351736
test_08950,0.00033160503
test_08951,0.9941308
test_08952,0.9896724
test_08953,0.9910579
test_08954,0.9971902
test_08955,0.98429316
test_08956,0.9992567
test_08957,0.00085208425
test_08958,0.016164806
test_08959,0.00041724692
test_08960,0.96477205
test_08961,0.0036852697
test_08962,0.0035678009
test_08963,0.0005817714
test_08964,0.007846469
test_08965,0.0012004314
test_08966,0.80288637
test_08967,0.0006949979
test_08968,0.9976451
test_08969,0.00070435833
test_08970,0.99717426
test_08971,0.0015018842
test_08972,0.003550511
test_08973,0.998958
test_08974,0.071283855
test_08975,0.7688821
test_08976,0.053664066
test_08977,0.9916004
test_08978,0.24945177
test_08979,0.9848868
test_08980,0.8952361
test_08981,0.9999645
test_08982,0.84591985
test_08983,0.8915417
test_08984,0.45235556
test_08985,0.001196228
test_08986,0.9865893
test_08987,0.001373271
test_08988,0.01649901
test_08989,0.995106
test_08990,0.009268465
test_08991,0.00012342058
test_08992,0.016637683
test_08993,0.70841724
test_08994,0.9998871
test_08995,0.0042592357
test_08996,0.9999721
test_08997,0.6636097
test_08998,0.9992507
test_08999,0.99704474
test_09000,0.9988494
test_09001,0.9799652
test_09002,0.054672915
test_09003,0.8588588
test_09004,0.0028100903
test_09005,0.99998975
test_09006,0.9902886
test_09007,0.9495096
test_09008,0.7439123
test_09009,0.47096974
test_09010,0.799276
test_09011,0.0005904735
test_09012,0.99797326
test_09013,0.9976756
test_09014,0.0039029615
test_09015,0.5106591
test_09016,0.9896353
test_09017,0.9996624
test_09018,0.9997366
test_09019,0.97884846
test_09020,0.0040995227
test_09021,0.966418
test_09022,0.99927324
test_09023,0.01039182
test_09024,0.47496834
test_09025,0.97712505
test_09026,0.99793756
test_09027,0.9292986
test_09028,0.23042314
test_09029,0.00047296306
test_09030,0.99590164
test_09031,0.010908866
test_09032,0.992316
test_09033,0.99828535
test_09034,0.0027130228
test_09035,0.012448124
test_09036,0.006924059
test_09037,0.0004656139
test_09038,0.0004976082
test_09039,0.0025574141
test_09040,0.72878826
test_09041,3.7193022e-05
test_09042,0.9999219
test_09043,0.06442711
test_09044,0.8220583
test_09045,0.0029633583
test_09046,0.9301817
test_09047,0.9172082
test_09048,0.003771468
test_09049,0.9966272
test_09050,0.009910001
test_09051,0.937711
test_09052,0.99964774
test_09053,0.99772793
test_09054,0.64029986
test_09055,0.32789302
test_09056,0.015898013
test_09057,0.0032614805
test_09058,0.8661501
test_09059,0.06281274
test_09060,0.99680567
test_09061,0.00062585593
test_09062,0.9889791
test_09063,0.93680286
test_09064,0.08760508
test_09065,0.99741745
test_09066,0.34206232
test_09067,0.9996069
test_09068,0.0025399511
test_09069,0.07076164
test_09070,0.009880429
test_09071,0.98339635
test_09072,0.999033
test_09073,0.9974964
test_09074,0.8647248
test_09075,0.976598
test_09076,0.0009837376
test_09077,0.99966466
test_09078,0.99764097
test_09079,0.82674754
test_09080,0.9946661
test_09081,0.58638
test_09082,0.05711318
test_09083,0.99983346
test_09084,0.01909257
test_09085,0.99176085
test_09086,0.9593585
test_09087,0.00049535814
test_09088,0.012376585
test_09089,0.9959429
test_09090,0.5412753
test_09091,0.0012501434
test_09092,0.0012259551
test_09093,0.038158186
test_09094,0.9594998
test_09095,0.98950046
test_09096,0.00027156575
test_09097,0.017797487
test_09098,0.9438678
test_09099,0.023139335
test_09100,0.17040208
test_09101,0.9925075
test_09102,0.015959421
test_09103,0.0012367193
test_09104,0.9995346
test_09105,0.008464175
test_09106,0.9978587
test_09107,7.00676e-05
test_09108,0.5841904
test_09109,0.0027482521
test_09110,0.95587945
test_09111,0.99874145
test_09112,0.9321993
test_09113,0.9964222
test_09114,0.00541016
test_09115,0.0020033142
test_09116,0.968362
test_09117,0.006825823
test_09118,0.99124616
test_09119,0.076537944
test_09120,0.99817765
test_09121,0.92070496
test_09122,0.9933961
test_09123,0.001156192
test_09124,0.99795365
test_09125,0.993425
test_09126,0.0008179753
test_09127,0.98777944
test_09128,0.0006806455
test_09129,0.0042900224
test_09130,0.002808403
test_09131,0.13201165
test_09132,0.031591717
test_09133,0.0072341673
test_09134,0.16786616
test_09135,0.99996483
test_09136,0.99551857
test_09137,0.99953663
test_09138,0.88784593
test_09139,0.06149142
test_09140,0.9819577
test_09141,0.025271028
test_09142,0.00021865216
test_09143,0.024178175
test_09144,0.995327
test_09145,0.99990344
test_09146,0.029237662
test_09147,0.92388916
test_09148,9.305723e-05
test_09149,0.9777631
test_09150,0.0033160357
test_09151,0.002253338
test_09152,0.0012152676
test_09153,0.14233314
test_09154,0.9580617
test_09155,0.66055834
test_09156,0.31442103
test_09157,0.0010609264
test_09158,0.90112454
test_09159,0.018503578
test_09160,0.9966635
test_09161,0.99962664
test_09162,0.00057639857
test_09163,0.99894136
test_09164,0.18215843
test_09165,0.0009352656
test_09166,0.9708779
test_09167,0.011483711
test_09168,0.99977463
test_09169,0.99972755
test_09170,0.29841924
test_09171,0.03981819
test_09172,0.98246264
test_09173,0.99710184
test_09174,0.14326786
test_09175,0.0047138883
test_09176,0.0011023044
test_09177,0.9984628
test_09178,0.98313737
test_09179,0.005672312
test_09180,0.0026303867
test_09181,0.03204379
test_09182,0.9857019
test_09183,0.006467867
test_09184,9.507877e-05
test_09185,0.07035065
test_09186,0.9234972
test_09187,0.99638474
test_09188,0.048699807
test_09189,0.03117935
test_09190,0.98883164
test_09191,0.24438232
test_09192,6.0488404e-05
test_09193,0.9999424
test_09194,0.032408405
test_09195,0.99145496
test_09196,0.9998944
test_09197,0.1282554
test_09198,0.0014783356
test_09199,0.99525696
test_09200,3.8272337e-05
test_09201,0.10838628
test_09202,0.01689065
test_09203,0.997914
test_09204,0.9932013
test_09205,0.8255394
test_09206,0.5292215
test_09207,0.004767804
test_09208,0.21659982
test_09209,1.3647772e-05
test_09210,0.5306627
test_09211,0.88547504
test_09212,0.019143779
test_09213,0.99868006
test_09214,0.8694233
test_09215,0.250812
test_09216,0.0071698595
test_09217,0.89808905
test_09218,0.9998147
test_09219,0.9994349
test_09220,0.9956487
test_09221,0.96801746
test_09222,3.104899e-05
test_09223,0.8812302
test_09224,0.99661
test_09225,0.9996325
test_09226,0.99795425
test_09227,0.00048080776
test_09228,0.002445516
test_09229,0.015164575
test_09230,0.9841801
test_09231,0.982431
test_09232,0.0007085321
test_09233,0.004677263
test_09234,0.9907782
test_09235,0.0014891012
test_09236,2.6982887e-05
test_09237,0.92453814
test_09238,0.9997627
test_09239,0.56174713
test_09240,0.023917897
test_09241,0.37800398
test_09242,0.9760389
test_09243,0.0009408228
test_09244,0.50937724
test_09245,0.99973804
test_09246,0.96217495
test_09247,0.056218367
test_09248,0.999696
test_09249,0.99981517
test_09250,0.024564814
test_09251,0.0014010699
test_09252,0.000743779
test_09253,0.9994011
test_09254,0.33345148
test_09255,0.9986058
test_09256,0.99921465
test_09257,0.05804528
test_09258,0.81651413
test_09259,0.995961
test_09260,0.004370094
test_09261,0.001539616
test_09262,0.98848236
test_09263,0.26919585
test_09264,0.00639715
test_09265,0.5939365
test_09266,0.9238506
test_09267,0.93564034
test_09268,0.99669254
test_09269,0.0743093
test_09270,0.010278658
test_09271,0.99692816
test_09272,0.97736233
test_09273,0.99848664
test_09274,0.39110342
test_09275,0.0002066771
test_09276,0.01321904
test_09277,0.9980666
test_09278,0.016561111
test_09279,0.0003546961
test_09280,0.009851666
test_09281,0.014851378
test_09282,0.006080651
test_09283,0.0009567309
test_09284,0.99990666
test_09285,0.05659797
test_09286,0.027198192
test_09287,0.9147237
test_09288,0.005779277
test_09289,0.97743136
test_09290,0.0025434534
test_09291,0.9972199
test_09292,0.98579365
test_09293,0.06631088
test_09294,0.021410765
test_09295,0.0074243057
test_09296,8.118745e-05
test_09297,0.5712033
test_09298,0.32495427
test_09299,0.0012440106
test_09300,0.011481892
test_09301,0.0010204737
test_09302,0.0064104996
test_09303,0.13438141
test_09304,0.87482446
test_09305,0.91794306
test_09306,0.0016521914
test_09307,0.1502494
test_09308,0.0017959867
test_09309,0.99574417
test_09310,0.9986796
test_09311,0.36293662
test_09312,0.9985207
test_09313,0.6168699
test_09314,0.0022209657
test_09315,0.11847041
test_09316,0.37874022
test_09317,0.9995555
test_09318,0.90009767
test_09319,0.98223776
test_09320,0.98898894
test_09321,0.83282745
test_09322,0.95053476
test_09323,0.99950624
test_09324,0.6246881
test_09325,0.99976367
test_09326,0.4631077
test_09327,0.059306744
test_09328,0.6055727
test_09329,0.07127532
test_09330,0.0070737554
test_09331,0.99999464
test_09332,0.0026637628
test_09333,0.92914087
test_09334,0.9888953
test_09335,0.04776834
test_09336,0.0034097543
test_09337,0.77808654
test_09338,0.002045647
test_09339,0.16667113
test_09340,0.28293237
test_09341,2.138715e-05
test_09342,0.16443455
test_09343,0.0014220725
test_09344,0.99826306
test_09345,0.9996618
test_09346,0.98300546
test_09347,0.000470524
test_09348,0.5867237
test_09349,0.00040346463
test_09350,0.99419665
test_09351,0.95065355
test_09352,0.02036896
test_09353,0.00022536908
test_09354,0.99529266
test_09355,0.99982846
test_09356,0.9972772
test_09357,0.9627216
test_09358,0.0001852563
test_09359,0.018604998
test_09360,0.3371646
test_09361,0.0017947725
test_09362,0.0008820771
test_09363,0.4319927
test_09364,0.0022203266
test_09365,0.0005765555
test_09366,0.99133474
test_09367,0.66039014
test_09368,0.1983441
test_09369,0.014945498
test_09370,0.001420897
test_09371,0.003807566
test_09372,0.99605787
test_09373,0.0010543016
test_09374,0.98815084
test_09375,0.0074749114
test_09376,0.00010051588
test_09377,0.4459514
test_09378,0.7878453
test_09379,0.9997898
test_09380,0.013443419
test_09381,0.9870309
test_09382,0.9860436
test_09383,0.94009185
test_09384,0.31478637
test_09385,0.999959
test_09386,0.883151
test_09387,0.9985839
test_09388,0.84597284
test_09389,0.8338961
test_09390,0.9954781
test_09391,0.04553561
test_09392,2.6559107e-06
test_09393,0.041528553
test_09394,0.9467759
test_09395,0.16098554
test_09396,0.99823207
test_09397,0.10414195
test_09398,0.960432
test_09399,0.018419318
test_09400,0.7217946
test_09401,0.66992295
test_09402,0.9173167
test_09403,0.008526091
test_09404,0.9356278
test_09405,0.0068894294
test_09406,0.9925565
test_09407,0.647326
test_09408,0.038988665
test_09409,0.94828933
test_09410,0.99600273
test_09411,0.99994016
test_09412,0.9976292
test_09413,0.99191624
test_09414,0.00071234826
test_09415,0.99975103
test_09416,0.9987453
test_09417,0.00050538837
test_09418,0.99750596
test_09419,0.0074589485
test_09420,0.99884194
test_09421,0.0110546565
test_09422,0.03505904
test_09423,0.020862788
test_09424,0.9782366
test_09425,0.008659274
test_09426,0.1385276
test_09427,0.002298545
test_09428,0.003504211
test_09429,0.99824166
test_09430,0.9976146
test_09431,0.99868757
test_09432,0.010968921
test_09433,0.81521136
test_09434,0.9982438
test_09435,0.9478136
test_09436,0.60920817
test_09437,0.074863076
test_09438,0.7663164
test_09439,0.031682406
test_09440,0.9967816
test_09441,0.03619641
test_09442,0.02073238
test_09443,0.96420085
test_09444,0.9999051
test_09445,0.58937365
test_09446,0.28131112
test_09447,0.136644
test_09448,0.98762137
test_09449,0.97822684
test_09450,0.99958843
test_09451,0.0005650976
test_09452,0.9999441
test_09453,0.99906486
test_09454,0.70713776
test_09455,0.9999708
test_09456,0.9781464
test_09457,0.010024847
test_09458,0.045931894
test_09459,0.9933061
test_09460,0.9944299
test_09461,0.9868593
test_09462,0.03574684
test_09463,0.015709126
test_09464,0.51032686
test_09465,0.99351305
test_09466,0.001162941
test_09467,0.9845499
test_09468,0.6853198
test_09469,0.027809417
test_09470,0.991905
test_09471,0.2589148
test_09472,0.9991339
test_09473,7.059974e-05
test_09474,0.27157626
test_09475,0.99930966
test_09476,0.99955446
test_09477,0.5727263
test_09478,0.0022414527
test_09479,0.9989685
test_09480,0.045631215
test_09481,0.00096042786
test_09482,0.031457644
test_09483,0.99985456
test_09484,0.06480957
test_09485,0.011741241
test_09486,0.99938583
test_09487,0.9962818
test_09488,0.010116067
test_09489,0.9846352
test_09490,0.00031794407
test_09491,0.27365646
test_09492,0.99799675
test_09493,0.004673007
test_09494,0.0050823176
test_09495,0.17765239
test_09496,0.0037850817
test_09497,0.0026881325
test_09498,0.9981862
test_09499,0.2690338
test_09500,0.9993389
test_09501,0.9940408
test_09502,0.013164403
test_09503,0.9987184
test_09504,0.05241939
test_09505,0.99849415
test_09506,0.9691008
test_09507,0.9997292
test_09508,0.9998479
test_09509,0.0020423916
test_09510,0.5267706
test_09511,0.00018372378
test_09512,0.0021263375
test_09513,0.66711044
test_09514,0.999877
test_09515,0.01038828
test_09516,0.7605469
test_09517,0.975695
test_09518,0.017850202
test_09519,0.9994375
test_09520,0.85461915
test_09521,0.9982956
test_09522,0.7433878
test_09523,0.00020603923
test_09524,0.7679618
test_09525,0.99923015
test_09526,0.99914765
test_09527,0.13965876
test_09528,0.026779035
test_09529,0.9995296
test_09530,0.014515245
test_09531,0.019023562
test_09532,0.000358559
test_09533,0.8912615
test_09534,0.9892014
test_09535,0.7112812
test_09536,0.0021263184
test_09537,0.99989593
test_09538,0.08097718
test_09539,0.9918474
test_09540,0.038189307
test_09541,0.006826437
test_09542,0.010348414
test_09543,0.99716884
test_09544,0.9997316
test_09545,0.92651814
test_09546,0.00042516776
test_09547,0.00053155323
test_09548,0.001639028
test_09549,0.9994356
test_09550,0.0014603769
test_09551,0.0126951495
test_09552,0.9845999
test_09553,0.0033839664
test_09554,0.04990747
test_09555,0.0006938441
test_09556,0.20915441
test_09557,0.00022273723
test_09558,0.0694828
test_09559,0.98656356
test_09560,0.28193936
test_09561,0.013969858
test_09562,0.9974016
test_09563,0.051631574
test_09564,0.984502
test_09565,0.9993104
test_09566,0.026225092
test_09567,0.99499595
test_09568,0.9925822
test_09569,0.00024895062
test_09570,0.015042742
test_09571,0.004467218
test_09572,0.0072614467
test_09573,0.9392347
test_09574,0.9992847
test_09575,0.086415984
test_09576,0.003987401
test_09577,0.00044987793
test_09578,0.00093274715
test_09579,0.94484746
test_09580,0.07850605
test_09581,0.27536824
test_09582,0.99681276
test_09583,0.01648077
test_09584,0.99982435
test_09585,0.3415541
test_09586,0.52806556
test_09587,0.00022970287
test_09588,0.9981219
test_09589,0.99917835
test_09590,0.99949014
test_09591,0.9640249
test_09592,0.8281048
test_09593,0.032556895
test_09594,0.9994702
test_09595,0.9853436
test_09596,0.99914896
test_09597,0.98201275
test_09598,0.6374517
test_09599,0.0005931864
test_09600,0.019958736
test_09601,0.9870335
test_09602,0.05948066
test_09603,0.024702664
test_09604,0.000808557
test_09605,0.84277594
test_09606,0.92253655
test_09607,0.07979162
test_09608,0.21836953
test_09609,0.9703132
test_09610,0.9952173
test_09611,0.19778332
test_09612,0.9988944
test_09613,0.16999586
test_09614,0.35089388
test_09615,0.006031995
test_09616,0.013201666
test_09617,0.93952256
test_09618,0.017483778
test_09619,0.007055415
test_09620,0.9991634
test_09621,0.99933165
test_09622,0.003722101
test_09623,0.99785477
test_09624,0.01025646
test_09625,0.99966526
test_09626,0.993537
test_09627,0.43982473
test_09628,0.004483089
test_09629,0.9942273
test_09630,0.99929976
test_09631,0.0004910144
test_09632,0.12077436
test_09633,0.99989676
test_09634,0.99930453
test_09635,0.9923746
test_09636,0.004985557
test_09637,0.33205447
test_09638,0.011601414
test_09639,0.9992347
test_09640,0.0842639
test_09641,0.011053135
test_09642,0.9993325
test_09643,0.6239782
test_09644,0.00010038771
test_09645,0.014728129
test_09646,0.006545674
test_09647,0.4211944
test_09648,0.46734598
test_09649,0.00053977076
test_09650,0.003509872
test_09651,0.022008654
test_09652,0.54859424
test_09653,0.93233216
test_09654,0.0013300108
test_09655,0.99997056
test_09656,0.9966426
test_09657,0.05516965
test_09658,0.053258713
test_09659,0.9667673
test_09660,0.96407574
test_09661,0.99399626
test_09662,0.016879236
test_09663,0.99097145
test_09664,0.98979354
test_09665,0.00021282198
test_09666,0.31565577
test_09667,0.018714609
test_09668,0.000271631
test_09669,0.94843674
test_09670,0.004677516
test_09671,0.0010149669
test_09672,0.91887075
test_09673,0.0005077931
test_09674,0.021485232
test_09675,0.00035248513
test_09676,0.98599374
test_09677,0.005013126
test_09678,0.9934145
test_09679,0.0029943658
test_09680,0.9850877
test_09681,0.58802843
test_09682,0.0060006855
test_09683,0.53420967
test_09684,0.96586657
test_09685,0.9113115
test_09686,0.014386575
test_09687,0.0012611408
test_09688,0.85099274
test_09689,0.0031385063
test_09690,0.99873525
test_09691,0.99156123
test_09692,0.93907464
test_09693,0.55933577
test_09694,0.99968076
test_09695,0.0017861392
test_09696,0.0005854978
test_09697,0.9912281
test_09698,0.9964791
test_09699,0.1703269
test_09700,0.9515093
test_09701,0.028961595
test_09702,0.99997306
test_09703,0.93819344
test_09704,0.9000601
test_09705,0.99900997
test_09706,0.15501036
test_09707,0.9996457
test_09708,0.80045164
test_09709,0.36869556
test_09710,0.029449826
test_09711,0.00058139826
test_09712,0.00022027173
test_09713,0.99561054
test_09714,0.4844612
test_09715,0.0018890649
test_09716,0.19294438
test_09717,0.979081
test_09718,0.98828644
test_09719,0.015234365
test_09720,0.31190184
test_09721,0.22785614
test_09722,0.007108123
test_09723,0.9224014
test_09724,0.5310011
test_09725,0.9976521
test_09726,0.058975194
test_09727,0.9949817
test_09728,0.0058021685
test_09729,0.017892081
test_09730,0.9989574
test_09731,0.11067138
test_09732,0.060378004
test_09733,0.038959526
test_09734,0.002226461
test_09735,0.02433684
test_09736,0.008118525
test_09737,0.983023
test_09738,0.00409997
test_09739,0.6354524
test_09740,0.0006121414
test_09741,0.51187867
test_09742,0.0005464009
test_09743,0.90499365
test_09744,0.9964228
test_09745,0.84909296
test_09746,0.9990408
test_09747,0.99928856
test_09748,0.6019246
test_09749,0.99999344
test_09750,0.9994955
test_09751,0.92989355
test_09752,0.5559976
test_09753,0.9853676
test_09754,0.010250842
test_09755,0.023194801
test_09756,0.79002583
test_09757,0.85624427
test_09758,0.17227183
test_09759,0.99699616
test_09760,0.026616447
test_09761,0.018708235
test_09762,0.010122779
test_09763,0.91663206
test_09764,0.007640984
test_09765,0.0019446644
test_09766,0.12183997
test_09767,0.0018381051
test_09768,0.8574399
test_09769,4.48087e-05
test_09770,0.003056529
test_09771,0.5452505
test_09772,0.98937595
test_09773,0.9999682
test_09774,0.0020483308
test_09775,0.0051163305
test_09776,0.9560685
test_09777,0.8518434
test_09778,0.005248201
test_09779,0.69788516
test_09780,0.0002579631
test_09781,0.050293412
test_09782,0.9983864
test_09783,0.9912985
test_09784,0.009401326
test_09785,0.8979181
test_09786,0.00029057916
test_09787,0.9511611
test_09788,0.11004475
test_09789,0.7412837
test_09790,0.010574963
test_09791,0.7810172
test_09792,0.01860635
test_09793,0.65831757
test_09794,0.032405965
test_09795,0.06129045
test_09796,0.0120274825
test_09797,0.019507809
test_09798,0.9978381
test_09799,0.9968184
test_09800,0.879559
test_09801,0.08585284
test_09802,0.9976145
test_09803,0.8786456
test_09804,0.98965377
test_09805,0.9980878
test_09806,0.9933803
test_09807,0.998206
test_09808,0.99889225
test_09809,0.004617556
test_09810,0.9987741
test_09811,0.2786807
test_09812,0.44048664
test_09813,0.00013663579
test_09814,0.9983699
test_09815,0.17648327
test_09816,0.33749864
test_09817,0.0021804941
test_09818,0.9957022
test_09819,0.86029375
test_09820,0.9968581
test_09821,0.003088965
test_09822,0.99991655
test_09823,0.9992047
test_09824,0.9980654
test_09825,0.92962253
test_09826,0.9983413
test_09827,0.997373
test_09828,0.99978846
test_09829,0.96002257
test_09830,0.9972306
test_09831,0.9999609
test_09832,0.9917818
test_09833,0.99575835
test_09834,0.99688333
test_09835,0.0005290227
test_09836,0.996974
test_09837,0.9986045
test_09838,0.999974
test_09839,0.9908923
test_09840,0.2668961
test_09841,0.99221087
test_09842,0.00273514
test_09843,0.0048834425
test_09844,0.09362697
test_09845,0.9985556
test_09846,0.9876045
test_09847,0.0010791956
test_09848,0.18626523
test_09849,0.9954963
test_09850,0.99971706
test_09851,0.9514925
test_09852,0.99092615
test_09853,0.8217805
test_09854,0.98590463
test_09855,0.00022027553
test_09856,0.028667243
test_09857,0.994779
test_09858,0.18460053
test_09859,0.017088728
test_09860,0.00013569626
test_09861,0.9995746
test_09862,0.48979092
test_09863,0.93508375
test_09864,0.9746148
test_09865,0.00077268394
test_09866,0.0023758463
test_09867,0.0004992445
test_09868,0.99978083
test_09869,0.99751544
test_09870,0.012953511
test_09871,0.012087493
test_09872,0.2583735
test_09873,0.9891186
test_09874,0.00046614374
test_09875,0.9984762
test_09876,0.99851245
test_09877,0.012143366
test_09878,0.001126376
test_09879,0.00017540973
test_09880,0.00038965646
test_09881,0.99995506
test_09882,0.03136482
test_09883,0.014348444
test_09884,0.9995029
test_09885,0.99798125
test_09886,0.89514464
test_09887,0.79184306
test_09888,0.00059085543
test_09889,0.9983882
test_09890,0.014735306
test_09891,0.00060759886
test_09892,0.9871141
test_09893,6.97556e-05
test_09894,0.75122356
test_09895,0.015002023
test_09896,0.013275156
test_09897,0.932306
test_09898,0.98659074
test_09899,0.9901322
test_09900,0.00067621266
test_09901,0.0046719895
test_09902,0.96093214
test_09903,0.0045098444
test_09904,0.0016136848
test_09905,0.9948289
test_09906,0.99981886
test_09907,0.5191956
test_09908,0.00075699104
test_09909,0.018450871
test_09910,0.010644208
test_09911,0.836594
test_09912,0.07776178
test_09913,0.18256545
test_09914,0.10122467
test_09915,0.0019791885
test_09916,0.851063
test_09917,0.021406291
test_09918,0.23584284
test_09919,0.0696733
test_09920,0.021575015
test_09921,0.9950355
test_09922,0.0041000755
test_09923,0.5209847
test_09924,0.95204365
test_09925,0.999895
test_09926,0.9999356
test_09927,0.009495051
test_09928,0.0066444217
test_09929,0.81784546
test_09930,0.9946753
test_09931,0.0013667758
test_09932,0.9806902
test_09933,0.008105721
test_09934,0.0010431027
test_09935,0.006675698
test_09936,0.9997162
test_09937,0.988918
test_09938,0.9818656
test_09939,0.2125604
test_09940,0.72744095
test_09941,0.9954984
test_09942,0.72361046
test_09943,0.99959487
test_09944,0.99646485
test_09945,0.99972516
test_09946,0.002206723
test_09947,0.9999354
test_09948,0.9822229
test_09949,0.3533513
test_09950,0.0129173715
test_09951,0.99887794
test_09952,0.0012315061
test_09953,0.017759606
test_09954,0.22700582
test_09955,0.00024418227
test_09956,0.9996897
test_09957,0.00031588713
test_09958,0.8427575
test_09959,0.96115047
test_09960,0.99615675
test_09961,0.014994628
test_09962,0.9994686
test_09963,0.9869042
test_09964,0.024145253
test_09965,0.002694192
test_09966,0.99940765
test_09967,0.006208225
test_09968,0.0135894865
test_09969,0.43271455
test_09970,0.008402272
test_09971,0.0029609124
test_09972,0.9988255
test_09973,0.5034725
test_09974,0.9999776
test_09975,0.0005157649
test_09976,0.9818678
test_09977,0.00072366896
test_09978,0.7665381
test_09979,0.99633324
test_09980,0.18662953
test_09981,0.9333435
test_09982,0.9999436
test_09983,0.9995715
test_09984,0.0003671334
test_09985,0.0013125764
test_09986,0.99784935
test_09987,0.02232243
test_09988,0.9927562
test_09989,0.9984212
test_09990,0.004624079
test_09991,0.9982614
test_09992,0.011881738
test_09993,0.0036151526
test_09994,0.9978108
test_09995,0.9999447
test_09996,0.99933547
test_09997,0.91229725
test_09998,0.7762223
test_09999,0.99831533
test_10000,0.9677866
test_10001,0.9940779
test_10002,0.9920467
test_10003,0.99788386
test_10004,0.99940646
test_10005,0.0008740625
test_10006,0.9895223
test_10007,0.9987618
test_10008,0.8410653
test_10009,6.578567e-05
test_10010,0.99924004
test_10011,0.16314554
test_10012,0.003324405
test_10013,0.016864043
test_10014,0.0012412652
test_10015,0.09879415
test_10016,0.3232174
test_10017,0.998024
test_10018,0.8878744
test_10019,0.046401907
test_10020,0.0029925145
test_10021,0.0022756564
test_10022,0.0032268893
test_10023,0.0002767549
test_10024,0.9945279
test_10025,0.00034620476
test_10026,0.49349287
test_10027,0.113057576
test_10028,0.0007946403
test_10029,0.99920744
test_10030,0.9309735
test_10031,0.93839
test_10032,0.0024313882
test_10033,0.0002314696
test_10034,0.43308687
test_10035,0.2740642
test_10036,0.0016122828
test_10037,0.99997175
test_10038,0.99911326
test_10039,0.005426282
test_10040,0.7999061
test_10041,0.44450662
test_10042,0.13271421
test_10043,0.8590181
test_10044,0.9993943
test_10045,0.0009416353
test_10046,0.99843496
test_10047,0.005070755
test_10048,0.53000027
test_10049,0.9290674
test_10050,0.91300744
test_10051,0.2012421
test_10052,0.97867703
test_10053,0.02879612
test_10054,0.9990582
test_10055,0.12275191
test_10056,0.93718994
test_10057,0.9958817
test_10058,0.9227279
test_10059,0.99822706
test_10060,0.980179
test_10061,0.021127677
test_10062,0.00011893351
test_10063,0.9992662
test_10064,0.0005869547
test_10065,4.9106755e-05
test_10066,0.9997656
test_10067,0.98896027
test_10068,0.9883945
test_10069,0.007985041
test_10070,0.035727873
test_10071,0.9900247
test_10072,0.00952657
test_10073,0.5297639
test_10074,0.001764872
test_10075,0.9876024
test_10076,0.0067036087
test_10077,0.9563712
test_10078,6.925148e-05
test_10079,0.99358624
test_10080,0.00570981
test_10081,0.07527962
test_10082,0.9996731
test_10083,0.9999149
test_10084,0.95315117
test_10085,0.5512036
test_10086,0.9872537
test_10087,0.95294
test_10088,0.22252762
test_10089,0.13654746
test_10090,0.9666921
test_10091,0.99989605
test_10092,0.99936765
test_10093,0.9904783
test_10094,0.00029810535
test_10095,0.9173974
test_10096,0.0005245646
test_10097,0.99973243
test_10098,0.019089986
test_10099,0.0058068554
test_10100,0.9974335
test_10101,0.9331624
test_10102,0.00028604025
test_10103,0.006928614
test_10104,0.9908255
test_10105,0.9999566
test_10106,0.0023878282
test_10107,0.0127925845
test_10108,0.9992655
test_10109,0.00052292686
test_10110,0.0019760164
test_10111,0.042899854
test_10112,0.009350075
test_10113,0.99058974
test_10114,0.28524324
test_10115,0.00083078136
test_10116,0.0017258922
test_10117,0.019409396
test_10118,0.99702114
test_10119,0.99927825
test_10120,0.010565098
test_10121,0.97608733
test_10122,0.00073461595
test_10123,0.4450813
test_10124,0.80132467
test_10125,0.12607464
test_10126,0.0046755695
test_10127,0.00012243816
test_10128,0.056044735
test_10129,0.9995957
test_10130,0.47241426
test_10131,0.001054481
test_10132,0.10374707
test_10133,1.4253878e-05
test_10134,0.4506971
test_10135,0.09855045
test_10136,0.078656614
test_10137,0.009915135
test_10138,0.9972156
test_10139,0.025916139
test_10140,0.0075203087
test_10141,0.02812318
test_10142,0.01543123
test_10143,0.0575993
test_10144,0.57620907
test_10145,0.16570914
test_10146,0.026005518
test_10147,0.99569964
test_10148,0.9941427
test_10149,0.034567427
test_10150,0.99955815
test_10151,0.0010295793
test_10152,0.021543281
test_10153,0.99633884
test_10154,0.9998776
test_10155,0.19353636
test_10156,0.9786718
test_10157,0.5173164
test_10158,0.00017995817
test_10159,0.0042924876
test_10160,0.0004922873
test_10161,0.9797935
test_10162,0.98134273
test_10163,0.9943111
test_10164,0.00277676
test_10165,0.00061682315
test_10166,0.99875736
test_10167,0.9968161
test_10168,0.9934511
test_10169,0.99917465
test_10170,9.05575e-05
test_10171,0.0054413546
test_10172,0.0001352773
test_10173,0.9970511
test_10174,0.99990547
test_10175,0.62607104
test_10176,0.00052395544
test_10177,0.018030142
test_10178,6.665967e-05
test_10179,0.0011100401
test_10180,0.47748983
test_10181,0.0044526937
test_10182,0.9217028
test_10183,3.084588e-05
test_10184,0.008482439
test_10185,0.92480904
test_10186,0.084977545
test_10187,0.81385195
test_10188,0.99943286
test_10189,0.9320725
test_10190,0.9994019
test_10191,0.9998306
test_10192,0.0027767362
test_10193,0.829937
test_10194,0.47399136
test_10195,0.8319212
test_10196,0.00035054682
test_10197,0.98686475
test_10198,0.0023443843
test_10199,0.003965275
test_10200,0.28187788
test_10201,0.0010646929
test_10202,0.9821968
test_10203,0.9939628
test_10204,0.014986762
test_10205,0.891923
test_10206,0.19567713
test_10207,0.00056268764
test_10208,0.9989135
test_10209,0.9998196
test_10210,0.98387825
test_10211,0.06356099
test_10212,0.99444973
test_10213,0.016155116
test_10214,0.8455716
test_10215,0.25161684
test_10216,0.8526982
test_10217,0.9736562
test_10218,0.9591692
test_10219,0.9086207
test_10220,0.2726447
test_10221,0.0996325
test_10222,0.9963426
test_10223,0.95309085
test_10224,0.5375174
test_10225,0.1893973
test_10226,0.0028160869
test_10227,0.0015178033
test_10228,0.004321808
test_10229,0.15530995
test_10230,0.031246603
test_10231,0.95665985
test_10232,0.9374619
test_10233,0.93123174
test_10234,0.00014573772
test_10235,0.2625511
test_10236,0.6713196
test_10237,0.99301237
test_10238,0.005505811
test_10239,0.9397401
test_10240,0.9951444
test_10241,0.000987399
test_10242,0.9932361
test_10243,0.94714826
test_10244,0.4662974
test_10245,0.36728093
test_10246,0.9953035
test_10247,0.9924817
test_10248,0.25520623
test_10249,0.070304215
test_10250,0.43001142
test_10251,0.7070619
test_10252,0.00041064122
test_10253,0.9107269
test_10254,0.0046608383
test_10255,0.032720815
test_10256,0.99918205
test_10257,0.0013872703
test_10258,0.9995278
test_10259,0.007877583
test_10260,0.9875938
test_10261,0.99778783
test_10262,0.11794738
test_10263,0.9953497
test_10264,0.9774286
test_10265,0.008297944
test_10266,0.00363077
test_10267,0.9972873
test_10268,0.99566686
test_10269,0.079641424
test_10270,0.0034526146
test_10271,0.0025641043
test_10272,0.055617515
test_10273,0.004309396
test_10274,0.8547239
test_10275,0.9991353
test_10276,0.99960655
test_10277,0.9653455
test_10278,0.9793951
test_10279,0.40221474
test_10280,0.25454476
test_10281,0.048059028
test_10282,0.008929865
test_10283,0.00022808355
test_10284,0.9996364
test_10285,0.49164048
test_10286,0.0090215495
test_10287,0.066119626
test_10288,0.9940228
test_10289,0.89987737
test_10290,0.78822964
test_10291,0.81539035
test_10292,0.36527184
test_10293,0.99719954
test_10294,0.53504884
test_10295,0.27096665
test_10296,0.9975916
test_10297,0.45247668
test_10298,0.00076297345
test_10299,0.022341203
test_10300,0.09973741
test_10301,0.27812168
test_10302,0.99986315
test_10303,0.9996333
test_10304,0.98215437
test_10305,0.97614574
test_10306,0.030776411
test_10307,0.000115676085
test_10308,0.0007025653
test_10309,0.9997631
test_10310,0.0071721002
test_10311,0.007928342
test_10312,0.004600056
test_10313,0.26284525
test_10314,0.9693364
test_10315,0.0043891803
test_10316,0.9990484
test_10317,0.00014650599
test_10318,0.9816721
test_10319,0.7969625
test_10320,0.9963721
test_10321,0.9992489
test_10322,0.0012853991
test_10323,0.021576498
test_10324,0.01924916
test_10325,0.9971257
test_10326,0.94557554
test_10327,0.9994885
test_10328,0.00031276132
test_10329,0.9998523
test_10330,0.00056970015
test_10331,0.99667203
test_10332,0.99947065
test_10333,0.9993175
test_10334,0.3362969
test_10335,0.0015909577
test_10336,0.9988772
test_10337,0.005436565
test_10338,0.86584824
test_10339,0.9743624
test_10340,0.9807585
test_10341,0.002105727
test_10342,0.29170418
test_10343,0.99967253
test_10344,0.24942495
test_10345,0.10523824
test_10346,0.9984534
test_10347,0.979736
test_10348,0.958536
test_10349,0.041338127
test_10350,0.53674936
test_10351,0.002246373
test_10352,0.0001974343
test_10353,0.00054313825
test_10354,0.9998473
test_10355,0.61360854
test_10356,0.0004898599
test_10357,0.00044541835
test_10358,0.99447256
test_10359,0.0107457675
test_10360,0.0039967215
test_10361,0.99746954
test_10362,0.8962209
test_10363,0.42254975
test_10364,0.9970475
test_10365,0.019782636
test_10366,0.0013973435
test_10367,0.74459743
test_10368,0.0869097
test_10369,0.34432906
test_10370,0.99270636
test_10371,0.9951652
test_10372,0.011738282
test_10373,0.98910576
test_10374,0.0012201908
test_10375,0.99991465
test_10376,0.77286595
test_10377,0.0010794974
test_10378,0.036651127
test_10379,0.2653387
test_10380,0.9997942
test_10381,0.662137
test_10382,0.99987614
test_10383,0.95405143
test_10384,0.00052585214
test_10385,0.0769657
test_10386,0.99739397
test_10387,0.99889106
test_10388,0.00056171214
test_10389,0.00080567785
test_10390,0.0009892998
test_10391,0.056066778
test_10392,0.008657546
test_10393,0.0005540615
test_10394,0.015602342
test_10395,0.76580507
test_10396,0.0051871287
test_10397,0.0008552733
test_10398,0.9981527
test_10399,0.0026790726
test_10400,0.9968346
test_10401,0.0007766178
test_10402,0.02817695
test_10403,0.0013105838
test_10404,0.013065095
test_10405,0.8003273
test_10406,0.9986998
test_10407,0.9985814
test_10408,0.9838193
test_10409,0.0025318712
test_10410,0.0032259675
test_10411,0.9832032
test_10412,0.00011353333
test_10413,0.120096944
test_10414,0.0035154216
test_10415,0.9941506
test_10416,0.08561552
test_10417,0.9750772
test_10418,0.90358853
test_10419,0.9991872
test_10420,0.5344266
test_10421,0.9939353
test_10422,0.00039662566
test_10423,0.9996542
test_10424,0.99951744
test_10425,0.4091593
test_10426,0.9717354
test_10427,0.99848926
test_10428,0.79119945
test_10429,0.0070751756
test_10430,0.0021791812
test_10431,0.029791674
test_10432,0.002977261
test_10433,0.99990153
test_10434,0.9968694
test_10435,0.0041901693
test_10436,0.0039551556
test_10437,0.022127725
test_10438,0.9999862
test_10439,0.030966105
test_10440,1.3699974e-05
test_10441,0.31391156
test_10442,0.0015691665
test_10443,0.9781367
test_10444,0.56036514
test_10445,0.5126393
test_10446,0.9987846
test_10447,0.9983222
test_10448,0.012755788
test_10449,0.9640181
test_10450,0.9986835
test_10451,0.9999182
test_10452,0.56983155
test_10453,0.6048908
test_10454,0.0073777726
test_10455,0.025354736
test_10456,0.003612409
test_10457,0.9994758
test_10458,0.020226803
test_10459,0.61097926
test_10460,0.8681217
test_10461,0.9719811
test_10462,0.071523085
test_10463,0.011306812
test_10464,0.7574833
test_10465,0.007368574
test_10466,0.9999863
test_10467,0.99734855
test_10468,0.99270695
test_10469,0.09954603
test_10470,0.99392986
test_10471,0.1960166
test_10472,0.99816054
test_10473,0.9996296
test_10474,0.99912363
test_10475,0.99840707
test_10476,0.0016751377
test_10477,0.6698691
test_10478,0.0075541344
test_10479,0.99849725
test_10480,0.9980361
test_10481,0.014645003
test_10482,0.060344953
test_10483,0.86909795
test_10484,0.9979038
test_10485,0.0016227384
test_10486,0.011436336
test_10487,0.99996006
test_10488,1.4301329e-05
test_10489,0.00026913357
test_10490,0.99814487
test_10491,0.009448425
test_10492,0.01589153
test_10493,0.9992392
test_10494,0.01053019
test_10495,0.9988966
test_10496,0.0012551228
test_10497,0.0011621237
test_10498,5.507845e-05
test_10499,0.7911584
test_10500,0.9968342
test_10501,0.0025730492
test_10502,0.0047685397
test_10503,0.85538846
test_10504,0.18348041
test_10505,0.9212985
test_10506,0.9997327
test_10507,0.1088997
test_10508,0.9991704
test_10509,0.9932134
test_10510,0.9609125
test_10511,0.004066392
test_10512,0.014294632
test_10513,0.99934226
test_10514,0.99982184
test_10515,0.005171208
test_10516,0.9486113
test_10517,0.99918205
test_10518,0.62523514
test_10519,0.0010993906
test_10520,0.9946031
test_10521,0.98939437
test_10522,0.33383885
test_10523,0.967744
test_10524,0.9981669
test_10525,0.97411364
test_10526,0.9987324
test_10527,0.9624278
test_10528,0.99148566
test_10529,0.9998136
test_10530,0.09056157
test_10531,0.9989856
test_10532,0.040599626
test_10533,0.99820244
test_10534,0.00041009652
test_10535,0.0045991936
test_10536,0.9856758
test_10537,0.98888075
test_10538,0.0005226279
test_10539,0.9874691
test_10540,0.0015589694
test_10541,0.0022140995
test_10542,0.9992694
test_10543,0.99958557
test_10544,0.0008023214
test_10545,0.056793623
test_10546,0.9653107
test_10547,0.99381024
test_10548,0.0066993777
test_10549,0.0019685219
test_10550,0.99962866
test_10551,1.9218312e-05
test_10552,0.9543079
test_10553,0.032732353
test_10554,0.99986744
test_10555,0.99855644
test_10556,0.001530584
test_10557,0.9087676
test_10558,0.004020715
test_10559,0.90858716
test_10560,0.99961346
test_10561,0.797136
test_10562,0.99816316
test_10563,0.9291839
test_10564,0.99751943
test_10565,0.98374635
test_10566,0.9992849
test_10567,0.013480649
test_10568,0.99801123
test_10569,0.20098455
test_10570,0.39341757
test_10571,0.9983228
test_10572,0.999213
test_10573,0.99623054
test_10574,0.67544746
test_10575,0.9999471
test_10576,0.41057712
test_10577,0.96824306
test_10578,0.0008895229
test_10579,0.0015704422
test_10580,0.7579052
test_10581,0.0029602987
test_10582,0.99769574
test_10583,0.08559976
test_10584,0.77662367
test_10585,0.002171024
test_10586,0.00045604128
test_10587,0.35432544
test_10588,0.051385123
test_10589,0.2437514
test_10590,0.10110207
test_10591,0.0075897304
test_10592,0.060402468
test_10593,0.9924663
test_10594,0.9920515
test_10595,0.008570874
test_10596,0.99761295
test_10597,0.0021282851
test_10598,0.99707806
test_10599,0.74129957
test_10600,0.0047313143
test_10601,0.010150912
test_10602,0.8272429
test_10603,0.9998735
test_10604,0.9999713
test_10605,0.9983687
test_10606,0.9901003
test_10607,0.9897966
test_10608,0.054432526
test_10609,0.9997316
test_10610,0.019028135
test_10611,0.94270897
test_10612,0.17447555
test_10613,0.003495841
test_10614,0.0028741497
test_10615,0.9998374
test_10616,0.833612
test_10617,0.4547944
test_10618,0.99833655
test_10619,0.9749401
test_10620,0.9979814
test_10621,0.9797031
test_10622,0.96740746
test_10623,0.003844514
test_10624,0.99922144
test_10625,0.43139932
test_10626,0.00021481441
test_10627,0.61072266
test_10628,0.99380773
test_10629,0.41500938
test_10630,0.99890757
test_10631,0.8159984
test_10632,0.9991253
test_10633,0.9999337
test_10634,0.9994874
test_10635,0.0028298171
test_10636,0.99541384
test_10637,0.9651205
test_10638,0.002183076
test_10639,0.99754095
test_10640,0.0013963517
test_10641,0.9998995
test_10642,0.8990594
test_10643,0.99799204
test_10644,0.8387298
test_10645,0.15564786
test_10646,0.028196713
test_10647,0.0020224797
test_10648,0.59314185
test_10649,0.98748904
test_10650,0.27043447
test_10651,0.7575716
test_10652,0.113445
test_10653,0.9981681
test_10654,0.05135129
test_10655,0.0011848593
test_10656,0.99895704
test_10657,0.012370624
test_10658,0.9991394
test_10659,0.008738736
test_10660,0.5476464
test_10661,0.96049434
test_10662,0.00014950715
test_10663,0.047661006
test_10664,0.9999349
test_10665,0.98354256
test_10666,0.9810017
test_10667,0.00028724133
test_10668,0.997603
test_10669,0.27537876
test_10670,5.366939e-05
test_10671,0.4503966
test_10672,0.03344347
test_10673,0.032198112
test_10674,0.13851629
test_10675,0.00059720647
test_10676,0.9977289
test_10677,0.99620545
test_10678,0.9899851
test_10679,0.95952237
test_10680,0.010794889
test_10681,0.99550915
test_10682,0.9998062
test_10683,0.0007610952
test_10684,0.0011897145
test_10685,0.19298247
test_10686,0.99985635
test_10687,0.017915573
test_10688,0.055178028
test_10689,0.0020374183
test_10690,0.852126
test_10691,0.24365531
test_10692,0.86549574
test_10693,6.9617505e-05
test_10694,0.98500985
test_10695,0.99612206
test_10696,0.081085764
test_10697,0.00017829034
test_10698,0.99835986
test_10699,0.9973441
test_10700,0.003941331
test_10701,0.93744755
test_10702,0.01286898
test_10703,0.16753756
test_10704,0.67352676
test_10705,0.996071
test_10706,0.00043600198
test_10707,0.9986885
test_10708,0.9965456
test_10709,0.9965663
test_10710,0.9975605
test_10711,0.99205446
test_10712,0.99753225
test_10713,0.00035809167
test_10714,0.7875971
test_10715,0.0025482506
test_10716,0.71081525
test_10717,0.99830604
test_10718,0.044557616
test_10719,0.9967637
test_10720,0.9998472
test_10721,0.0018587108
test_10722,0.992646
test_10723,0.007878913
test_10724,0.009544684
test_10725,0.01759739
test_10726,0.99958616
test_10727,0.0013791721
test_10728,0.00038535264
test_10729,0.0016249656
test_10730,0.19284321
test_10731,0.02019882
test_10732,0.65434015
test_10733,0.0036477994
test_10734,0.0011646576
test_10735,0.9414157
test_10736,0.0013946858
test_10737,0.0017275482
test_10738,0.9989895
test_10739,0.9812106
test_10740,0.99878675
test_10741,0.9999484
test_10742,0.00059136393
test_10743,0.9081094
test_10744,0.008223391
test_10745,0.00047660922
test_10746,0.004698261
test_10747,0.9978672
test_10748,0.9599057
test_10749,0.99998546
test_10750,0.99853396
test_10751,0.00062281144
test_10752,0.9541912
test_10753,0.99953794
test_10754,0.9998449
test_10755,0.00075122435
test_10756,0.99889743
test_10757,0.002200509
test_10758,0.00037445544
test_10759,0.6444951
test_10760,0.027836394
test_10761,0.0044604684
test_10762,0.98660696
test_10763,0.9817608
test_10764,0.98243076
test_10765,0.9672541
test_10766,0.96169406
test_10767,0.09148909
test_10768,0.9891846
test_10769,0.010160235
test_10770,0.0026913867
test_10771,0.86781436
test_10772,0.0012080382
test_10773,0.9999708
test_10774,0.74683225
test_10775,0.0075610224
test_10776,0.052620627
test_10777,0.001054107
test_10778,0.8468452
test_10779,0.98096234
test_10780,0.9973653
test_10781,0.9373445
test_10782,0.050726436
test_10783,0.017684137
test_10784,0.00068894064
test_10785,0.9831933
test_10786,0.9884769
test_10787,0.9997532
test_10788,0.08189417
test_10789,0.0046592085
test_10790,0.28792238
test_10791,0.072138935
test_10792,0.98251283
test_10793,0.9399462
test_10794,0.93509865
test_10795,0.03193442
test_10796,0.99860066
test_10797,0.9490257
test_10798,0.9997043
test_10799,0.0025745267
test_10800,0.99926
test_10801,0.0022281408
test_10802,0.00066299876
test_10803,0.9986519
test_10804,0.63413024
test_10805,0.017296942
test_10806,0.9985814
test_10807,0.99523324
test_10808,0.9984711
test_10809,0.9984321
test_10810,0.90444005
test_10811,0.19401409
test_10812,0.006862107
test_10813,0.0058680917
test_10814,0.019071342
test_10815,0.95996696
test_10816,0.4337875
test_10817,0.99114954
test_10818,0.99994135
test_10819,0.99623626
test_10820,0.0031153848
test_10821,0.010930155
test_10822,0.97643673
test_10823,0.8814973
test_10824,0.004266018
test_10825,0.92295635
test_10826,0.9984145
test_10827,0.9508331
test_10828,0.9436445
test_10829,0.048262578
test_10830,0.9998683
test_10831,0.7738391
test_10832,0.5120628
test_10833,0.9982357
test_10834,0.9459464
test_10835,0.097679876
test_10836,0.00040148222
test_10837,0.38534573
test_10838,0.0005877029
test_10839,0.010231185
test_10840,0.9991881
test_10841,0.0004912554
test_10842,0.7743007
test_10843,0.0013247675
test_10844,0.00030870165
test_10845,0.0014697534
test_10846,0.9994629
test_10847,0.21426564
test_10848,0.029947137
test_10849,0.000292979
test_10850,0.0015548976
test_10851,0.00026920132
test_10852,0.028281406
test_10853,0.18727367
test_10854,0.8544599
test_10855,0.00039243215
test_10856,0.06979033
test_10857,0.9991394
test_10858,0.017438341
test_10859,0.99613404
test_10860,0.0117966775
test_10861,0.16457477
test_10862,0.9799412
test_10863,0.9988318
test_10864,0.014911168
test_10865,0.99373806
test_10866,0.9989863
test_10867,0.93481445
test_10868,0.0014285627
test_10869,0.06581964
test_10870,0.00038338007
test_10871,0.0014237703
test_10872,0.99987984
test_10873,0.9999927
test_10874,0.04945232
test_10875,0.36717758
test_10876,0.055302903
test_10877,0.99705017
test_10878,0.99607724
test_10879,0.011510981
test_10880,0.5046911
test_10881,0.0009308623
test_10882,0.019912252
test_10883,0.4404005
test_10884,0.9974427
test_10885,0.41702107
test_10886,0.45372364
test_10887,0.9987909
test_10888,0.99973947
test_10889,0.77838045
test_10890,0.048461422
test_10891,0.29755777
test_10892,0.9959403
test_10893,0.005423092
test_10894,0.0009955874
test_10895,0.9761889
test_10896,0.0027146528
test_10897,0.035194192
test_10898,0.99239177
test_10899,0.6044081
test_10900,0.015861252
test_10901,0.9912151
test_10902,0.99957556
test_10903,0.9692526
test_10904,0.9993278
test_10905,0.99405485
test_10906,0.99673444
test_10907,0.0014270914
test_10908,0.34328043
test_10909,0.9985127
test_10910,0.001709701
test_10911,0.002420413
test_10912,0.99968207
test_10913,0.0003833751
test_10914,0.9964923
test_10915,0.10861514
test_10916,0.0023667568
test_10917,0.51696754
test_10918,0.010165056
test_10919,0.00087932707
test_10920,0.9858575
test_10921,0.5947606
test_10922,0.764645
test_10923,0.99805415
test_10924,0.9956304
test_10925,0.99265724
test_10926,0.069541804
test_10927,0.9980883
test_10928,0.00080419326
test_10929,0.00016275441
test_10930,0.9862018
test_10931,0.72706306
test_10932,0.9770463
test_10933,0.9998529
test_10934,0.0011323451
test_10935,0.0015471581
test_10936,0.9970831
test_10937,0.98344755
test_10938,0.00056358
test_10939,0.8981475
test_10940,0.0029553643
test_10941,0.0011352386
test_10942,0.000606072
test_10943,0.002696252
test_10944,0.9951627
test_10945,0.00024407056
test_10946,0.0005539348
test_10947,0.9997166
test_10948,0.061792962
test_10949,0.004140367
test_10950,0.024786096
test_10951,0.96874017
test_10952,0.0002285653
test_10953,0.87518567
test_10954,0.99957114
test_10955,0.99405426
test_10956,0.003015629
test_10957,0.009306795
test_10958,0.0033646722
test_10959,0.16080078
test_10960,0.9724253
test_10961,0.14753501
test_10962,0.5945619
test_10963,0.026478924
test_10964,0.0014608003
test_10965,0.01830808
test_10966,0.005631653
test_10967,0.9995278
test_10968,0.0045288834
test_10969,0.9995728
test_10970,0.04232009
test_10971,0.9351048
test_10972,0.99771714
test_10973,0.005367485
test_10974,0.005415099
test_10975,0.9970701
test_10976,0.9996486
test_10977,0.58932966
test_10978,0.9982765
test_10979,0.027865713
test_10980,0.6594728
test_10981,0.9682169
test_10982,0.99987245
test_10983,0.0006102764
test_10984,0.9755645
test_10985,0.99695504
test_10986,0.10017137
test_10987,0.9997991
test_10988,0.01704912
test_10989,0.015605367
test_10990,0.004571904
test_10991,0.0034632243
test_10992,0.9992773
test_10993,0.9929675
test_10994,0.0021621245
test_10995,0.00078192994
test_10996,0.9990865
test_10997,0.9917881
test_10998,0.24897999
test_10999,0.0035763346
test_11000,0.02444373
test_11001,0.6389003
test_11002,0.040441934
test_11003,0.00031891037
test_11004,0.0035734808
test_11005,0.89909184
test_11006,0.00020850782
test_11007,0.0144911045
test_11008,0.016961727
test_11009,0.00044630215
test_11010,0.9708466
test_11011,0.9796966
test_11012,0.15744585
test_11013,0.49942285
test_11014,0.9972784
test_11015,0.057781983
test_11016,0.005621097
test_11017,0.028158475
test_11018,0.9824243
test_11019,0.004221499
test_11020,0.70181924
test_11021,0.9973061
test_11022,0.020321032
test_11023,0.008883304
test_11024,0.9999987
test_11025,0.9996308
test_11026,0.99664307
test_11027,0.9788684
test_11028,0.99654335
test_11029,0.98460096
test_11030,0.99800056
test_11031,0.007354253
test_11032,0.0070936373
test_11033,0.18525393
test_11034,0.005263336
test_11035,0.99948394
test_11036,0.996582
test_11037,0.034700964
test_11038,0.99822444
test_11039,0.94827825
test_11040,0.9995431
test_11041,0.02659718
test_11042,0.03953563
test_11043,0.9585012
test_11044,0.99919325
test_11045,0.99375004
test_11046,0.99996495
test_11047,0.99991715
test_11048,0.98793155
test_11049,0.8159166
test_11050,0.00027314347
test_11051,0.808165
test_11052,0.99994075
test_11053,0.99812657
test_11054,0.9908965
test_11055,0.058633383
test_11056,0.99185365
test_11057,4.9303686e-05
test_11058,0.52584666
test_11059,0.00030285036
test_11060,0.955186
test_11061,0.0004918456
test_11062,0.9948774
test_11063,0.008993071
test_11064,0.879288
test_11065,0.9988894
test_11066,0.9969368
test_11067,0.004957254
test_11068,0.0002604324
test_11069,0.98862493
test_11070,0.99919957
test_11071,0.99948114
test_11072,0.011967625
test_11073,0.0015058331
test_11074,0.014381855
test_11075,0.99978596
test_11076,0.9849975
test_11077,0.008197678
test_11078,0.001292354
test_11079,0.9916467
test_11080,0.0003255674
test_11081,0.10223735
test_11082,0.010815083
test_11083,0.0003601086
test_11084,0.9994823
test_11085,0.00028125214
test_11086,0.124023706
test_11087,0.8611006
test_11088,0.00026057597
test_11089,0.6575266
test_11090,0.940935
test_11091,0.9934321
test_11092,0.0005884542
test_11093,0.29739797
test_11094,0.8195686
test_11095,0.99938667
test_11096,0.018866872
test_11097,0.59921306
test_11098,0.019805437
test_11099,0.99978644
test_11100,0.99918693
test_11101,0.003028278
test_11102,0.16326104
test_11103,0.9996537
test_11104,0.15107538
test_11105,0.009587658
test_11106,0.08315667
test_11107,0.9974809
test_11108,0.9947909
test_11109,0.9963056
test_11110,0.99984086
test_11111,0.5382508
test_11112,0.7488045
test_11113,0.4301276
test_11114,0.99795985
test_11115,0.9639049
test_11116,0.9899637
test_11117,0.78357005
test_11118,0.98604935
test_11119,0.9869804
test_11120,0.0076396423
test_11121,0.9754989
test_11122,0.8330368
test_11123,0.73849064
test_11124,0.95539904
test_11125,0.9977976
test_11126,0.9987735
test_11127,0.9607918
test_11128,0.04679915
test_11129,0.34587914
test_11130,0.99818003
test_11131,0.042906728
test_11132,0.99789596
test_11133,0.0013764676
test_11134,0.061425183
test_11135,0.5740848
test_11136,0.99989283
test_11137,0.55093026
test_11138,0.94856006
test_11139,0.0042404775
test_11140,0.14009704
test_11141,0.7511748
test_11142,0.0030195422
test_11143,0.7657712
test_11144,0.9818617
test_11145,0.013184929
test_11146,0.0019457494
test_11147,0.99563134
test_11148,0.0015849234
test_11149,0.014075845
test_11150,0.9931371
test_11151,0.38376978
test_11152,0.9943039
test_11153,0.99817395
test_11154,0.9924238
test_11155,0.002935722
test_11156,0.03065208
test_11157,0.9964419
test_11158,0.00012868339
test_11159,0.0018556465
test_11160,0.15439054
test_11161,0.61801165
test_11162,0.0009601004
test_11163,0.0017297065
test_11164,0.011477974
test_11165,0.997629
test_11166,0.91289407
test_11167,0.0015971899
test_11168,0.006039061
test_11169,0.9835771
test_11170,0.027803453
test_11171,0.014110184
test_11172,0.37935996
test_11173,0.99778026
test_11174,0.0013404456
test_11175,0.27868918
test_11176,0.41821662
test_11177,0.004190812
test_11178,0.006575026
test_11179,0.00054722186
test_11180,0.99954337
test_11181,0.90487856
test_11182,0.024431152
test_11183,0.6684101
test_11184,0.9923534
test_11185,0.9842165
test_11186,0.0005612679
test_11187,0.009029977
test_11188,0.9996519
test_11189,0.10479399
test_11190,0.043282613
test_11191,0.9890943
test_11192,0.009233741
test_11193,0.0002828988
test_11194,0.019410206
test_11195,0.9990627
test_11196,0.21549512
test_11197,0.9786603
test_11198,0.9993104
test_11199,0.0065119527
test_11200,0.001842327
test_11201,0.47559127
test_11202,0.8151478
test_11203,0.8588143
test_11204,0.84936714
test_11205,0.0082312655
test_11206,0.9990702
test_11207,0.0031202934
test_11208,0.99068767
test_11209,0.0018668149
test_11210,0.99990356
test_11211,0.003487591
test_11212,0.14450234
test_11213,0.0016193088
test_11214,0.2906886
test_11215,0.00015205506
test_11216,0.007471947
test_11217,0.9606173
test_11218,0.997168
test_11219,0.8451111
test_11220,0.8419401
test_11221,0.2574627
test_11222,6.489046e-05
test_11223,0.0029915243
test_11224,0.9999224
test_11225,0.0008141068
test_11226,0.15078944
test_11227,0.99465454
test_11228,0.000508082
test_11229,0.67748195
test_11230,0.00040481865
test_11231,0.91395986
test_11232,0.007875123
test_11233,0.9996201
test_11234,0.99662185
test_11235,0.73748386
test_11236,0.41062078
test_11237,0.00060314033
test_11238,0.9987835
test_11239,0.99666303
test_11240,0.99767417
test_11241,0.9767719
test_11242,0.9998124
test_11243,0.89779913
test_11244,0.072768606
test_11245,0.015717462
test_11246,0.997938
test_11247,0.03327086
test_11248,0.9521524
test_11249,0.021791078
test_11250,0.99433714
test_11251,0.9963911
test_11252,0.00044349465
test_11253,0.022477176
test_11254,0.9395917
test_11255,0.055851106
test_11256,0.5491893
test_11257,0.97341496
test_11258,0.9984848
test_11259,0.000847596
test_11260,0.0008506682
test_11261,0.008835602
test_11262,0.99971443
test_11263,0.4808676
test_11264,0.44736075
test_11265,0.711455
test_11266,0.0064535495
test_11267,0.0047089183
test_11268,0.94349647
test_11269,0.59768915
test_11270,0.9820624
test_11271,0.20921648
test_11272,0.018275961
test_11273,0.98567504
test_11274,0.9998023
test_11275,0.003314232
test_11276,0.00096671056
test_11277,0.9662545
test_11278,0.0020620741
test_11279,0.55924946
test_11280,0.99376065
test_11281,0.76671624
test_11282,0.09482807
test_11283,0.0013613254
test_11284,0.14848498
test_11285,0.0008102874
test_11286,0.000570908
test_11287,0.97185045
test_11288,0.9917197
test_11289,0.002350322
test_11290,0.99985087
test_11291,0.9467613
test_11292,0.99985623
test_11293,0.0026399663
test_11294,0.9308003
test_11295,0.99990356
test_11296,0.0055043697
test_11297,0.9990446
test_11298,0.0097778635
test_11299,0.83836854
test_11300,0.99991083
test_11301,0.99795794
test_11302,0.00042600176
test_11303,0.88096595
test_11304,0.99237555
test_11305,0.08883113
test_11306,0.9977852
test_11307,0.9542657
test_11308,0.99710125
test_11309,0.0007783652
test_11310,0.080191806
test_11311,0.18699872
test_11312,0.9071069
test_11313,0.00082131184
test_11314,0.0020740484
test_11315,0.060134135
test_11316,0.27822673
test_11317,0.87743175
test_11318,0.5954632
test_11319,0.002496702
test_11320,0.0014979179
test_11321,0.0038254522
test_11322,0.0026206658
test_11323,0.014597393
test_11324,0.0001850838
test_11325,0.9981653
test_11326,0.00015657589
test_11327,0.9985513
test_11328,0.99716705
test_11329,0.05362864
test_11330,0.10970098
test_11331,0.007828786
test_11332,0.9982797
test_11333,0.19832318
test_11334,0.04599389
test_11335,0.97992116
test_11336,0.9761947
test_11337,0.9733021
test_11338,0.56135523
test_11339,0.13018396
test_11340,0.50078195
test_11341,0.96473664
test_11342,0.0025545752
test_11343,0.9826385
test_11344,0.016555818
test_11345,0.0021916367
test_11346,0.598649
test_11347,0.9971813
test_11348,0.7932723
test_11349,0.00036268617
test_11350,0.0767635
test_11351,0.00047386266
test_11352,0.007512909
test_11353,0.9995141
test_11354,0.00028647747
test_11355,0.0051913033
test_11356,0.00062725536
test_11357,0.0044835103
test_11358,0.00069452054
test_11359,0.15103693
test_11360,0.017149298
test_11361,0.0011333692
test_11362,0.00010452493
test_11363,9.678204e-05
test_11364,0.0018521274
test_11365,0.15414327
test_11366,0.73690885
test_11367,0.00060136867
test_11368,0.02470654
test_11369,0.71302944
test_11370,0.96877724
test_11371,0.002365262
test_11372,0.0047278707
test_11373,0.001128468
test_11374,0.50412005
test_11375,0.0104404995
test_11376,0.0007472445
test_11377,0.9601151
test_11378,0.18611006
test_11379,0.0023479974
test_11380,0.000105801395
test_11381,0.00986067
test_11382,0.41751808
test_11383,0.18194799
test_11384,0.012534099
test_11385,0.9965397
test_11386,0.9832155
test_11387,0.9974819
test_11388,0.0016602972
test_11389,0.00012784265
test_11390,0.64111274
test_11391,0.9995327
test_11392,0.96039045
test_11393,0.8394422
test_11394,0.013913005
test_11395,0.8839802
test_11396,0.3531431
test_11397,0.0002171455
test_11398,0.94295853
test_11399,0.7019507
test_11400,0.15251309
test_11401,0.99855846
test_11402,0.96617514
test_11403,0.83373964
test_11404,0.9929618
test_11405,0.40253264
test_11406,0.042197507
test_11407,0.0007703769
test_11408,0.78806305
test_11409,0.0037126567
test_11410,0.003000964
test_11411,0.014397383
test_11412,0.89746565
test_11413,0.03697526
test_11414,0.0056223287
test_11415,0.9864049
test_11416,0.0007132704
test_11417,0.922877
test_11418,0.46875834
test_11419,0.99956113
test_11420,0.019014291
test_11421,0.20931663
test_11422,0.9900384
test_11423,0.0021258744
test_11424,0.9974957
test_11425,0.0031835912
test_11426,0.02284682
test_11427,0.9965391
test_11428,0.0002042892
test_11429,0.9781767
test_11430,0.018099086
test_11431,0.9997613
test_11432,0.9885703
test_11433,0.0021077553
test_11434,0.99040437
test_11435,0.99992967
test_11436,0.8072136
test_11437,0.9899601
test_11438,2.4648043e-05
test_11439,0.0010319592
test_11440,0.0030600342
test_11441,0.13365163
test_11442,0.007473752
test_11443,0.5621772
test_11444,0.030652685
test_11445,0.96888137
test_11446,0.0007431064
test_11447,0.9711029
test_11448,0.006357793
test_11449,0.9501644
test_11450,0.9985936
test_11451,0.70879626
test_11452,0.6220632
test_11453,0.010748855
test_11454,0.010659277
test_11455,7.68236e-05
test_11456,0.00060611125
test_11457,0.69761795
test_11458,0.65313464
test_11459,0.0057292474
test_11460,0.8916487
test_11461,0.95024383
test_11462,0.99892515
test_11463,0.20056938
test_11464,0.9998392
test_11465,0.9691933
test_11466,0.954409
test_11467,0.0030902033
test_11468,0.9760147
test_11469,0.015825788
test_11470,0.0017301373
test_11471,0.966355
test_11472,0.00043656278
test_11473,0.0011908744
test_11474,0.9990074
test_11475,0.0926033
test_11476,0.015773637
test_11477,0.99841285
test_11478,0.002265292
test_11479,0.05349109
test_11480,0.94467384
test_11481,0.0070680035
test_11482,0.18700755
test_11483,0.99927396
test_11484,0.00011546604
test_11485,0.99579453
test_11486,0.9136712
test_11487,0.31064796
test_11488,0.0003344348
test_11489,0.9995815
test_11490,0.9970493
test_11491,0.009930078
test_11492,0.32063967
test_11493,0.9957353
test_11494,0.87922466
test_11495,0.010048702
test_11496,0.2649117
test_11497,0.99821365
test_11498,0.21956071
test_11499,0.762131
test_11500,0.0027257474
test_11501,0.97984034
test_11502,6.631235e-07
test_11503,0.16696294
test_11504,0.9888594
test_11505,0.9776254
test_11506,0.0019428051
test_11507,0.30860206
test_11508,0.01149413
test_11509,0.160867
test_11510,0.05854725
test_11511,0.014813343
test_11512,0.019829782
test_11513,0.06426215
test_11514,0.0058462517
test_11515,0.0021398184
test_11516,0.7810615
test_11517,0.0007372522
test_11518,0.010447409
test_11519,0.99654144
test_11520,0.5095982
test_11521,0.1821366
test_11522,0.0015434861
test_11523,0.98825794
test_11524,0.0024821435
test_11525,0.99722725
test_11526,0.995365
test_11527,0.49412173
test_11528,0.2877266
test_11529,0.0037330661
test_11530,0.9411194
test_11531,0.9970951
test_11532,0.99890256
test_11533,0.7012383
test_11534,0.9999248
test_11535,0.70930713
test_11536,0.9966235
test_11537,0.994167
test_11538,0.012674326
test_11539,0.9999
test_11540,0.9995715
test_11541,0.004653343
test_11542,0.011805291
test_11543,0.98283434
test_11544,0.0006719307
test_11545,0.99975795
test_11546,0.06869338
test_11547,0.99920183
test_11548,0.01447439
test_11549,0.0012185983
test_11550,0.20201017
test_11551,0.00896388
test_11552,0.9487064
test_11553,0.66832834
test_11554,0.0038969486
test_11555,0.99887997
test_11556,0.7791953
test_11557,0.9838096
test_11558,0.99941564
test_11559,0.03338567
test_11560,0.5107673
test_11561,0.00018313315
test_11562,0.99917895
test_11563,0.9984402
test_11564,0.023303682
test_11565,0.60387045
test_11566,0.0043801423
test_11567,0.9479117
test_11568,0.0029075241
test_11569,0.9990295
test_11570,0.031022059
test_11571,0.011773892
test_11572,0.015466259
test_11573,0.053990074
test_11574,0.99909556
test_11575,0.99682033
test_11576,0.9218205
test_11577,0.993048
test_11578,0.12450271
test_11579,0.888098
test_11580,0.9574543
test_11581,0.61412203
test_11582,0.0005469997
test_11583,0.4558403
test_11584,0.9965688
test_11585,0.002185879
test_11586,0.9999323
test_11587,0.9906503
test_11588,0.037982177
test_11589,0.99815243
test_11590,0.99903834
test_11591,0.7588748
test_11592,0.9995857
test_11593,0.25928846
test_11594,0.9985129
test_11595,0.0023957163
test_11596,0.9995586
test_11597,0.9999863
test_11598,0.0038588187
test_11599,0.0037756125
test_11600,0.4238396
test_11601,0.9954596
test_11602,0.17186253
test_11603,0.87233543
test_11604,0.99792886
test_11605,0.99946874
test_11606,0.0037861587
test_11607,0.9988133
test_11608,0.06071884
test_11609,0.99965584
test_11610,0.0018053193
test_11611,0.9996904
test_11612,0.96903473
test_11613,0.99799687
test_11614,0.005079601
test_11615,0.9992151
test_11616,0.9620974
test_11617,0.9968405
test_11618,0.99928635
test_11619,0.9410659
test_11620,0.14239131
test_11621,5.8938087e-05
test_11622,0.98680544
test_11623,0.014560183
test_11624,0.9231957
test_11625,0.65911746
test_11626,0.9999809
test_11627,0.9923827
test_11628,0.002210911
test_11629,0.9574324
test_11630,0.006296856
test_11631,0.0027770214
test_11632,0.0009154865
test_11633,0.9985606
test_11634,0.49818408
test_11635,0.99994373
test_11636,0.99144334
test_11637,0.9971945
test_11638,0.7801236
test_11639,0.13897009
test_11640,0.99877626
test_11641,0.9886994
test_11642,0.97945136
test_11643,0.9998983
test_11644,0.7841565
test_11645,0.18314494
test_11646,0.0019236945
test_11647,0.2179296
test_11648,0.9903197
test_11649,0.00033828986
test_11650,0.99912864
test_11651,0.005081524
test_11652,0.00023066481
test_11653,0.04749788
test_11654,0.006028123
test_11655,0.001527885
test_11656,0.99718446
test_11657,0.047768015
test_11658,0.023118166
test_11659,0.00057045487
test_11660,0.9343892
test_11661,0.0007960648
test_11662,0.9931578
test_11663,0.0072105527
test_11664,0.8748937
test_11665,0.016000038
test_11666,0.023568494
test_11667,0.00069873757
test_11668,0.9994647
test_11669,0.99998164
test_11670,0.033341065
test_11671,0.812285
test_11672,0.9976616
test_11673,0.10126127
test_11674,0.0037418213
test_11675,0.024616562
test_11676,0.99758315
test_11677,0.85081345
test_11678,0.0061592297
test_11679,0.9994417
test_11680,0.00062804675
test_11681,0.14989716
test_11682,0.009005917
test_11683,0.6027905
test_11684,0.97634435
test_11685,0.094680786
test_11686,0.94776666
test_11687,0.01165674
test_11688,0.026702583
test_11689,0.05467456
test_11690,0.9854894
test_11691,0.86226135
test_11692,0.5079029
test_11693,0.9660661
test_11694,0.004223891
test_11695,0.99847883
test_11696,0.0033379265
test_11697,0.0005408734
test_11698,0.11196359
test_11699,0.5435053
test_11700,0.3351325
test_11701,0.0039748363
test_11702,0.0010665801
test_11703,0.12035094
test_11704,0.40840572
test_11705,0.9995672
test_11706,0.99922323
test_11707,0.0011779089
test_11708,0.99476236
test_11709,0.99104065
test_11710,0.9918562
test_11711,0.9997669
test_11712,0.45946485
test_11713,0.51400715
test_11714,0.9956474
test_11715,0.99978644
test_11716,0.13815407
test_11717,0.0026857355
test_11718,0.1514779
test_11719,0.0021005045
test_11720,0.9998281
test_11721,0.9152297
test_11722,0.9192351
test_11723,0.9974885
test_11724,9.5581745e-05
test_11725,0.47284144
test_11726,0.9232131
test_11727,0.9952284
test_11728,0.9136262
test_11729,0.9974517
test_11730,0.071189925
test_11731,0.009257992
test_11732,0.999257
test_11733,0.99982566
test_11734,0.024855392
test_11735,0.9883449
test_11736,0.009393562
test_11737,0.5764805
test_11738,0.9982857
test_11739,0.7059207
test_11740,0.06633024
test_11741,0.0580955
test_11742,0.09263567
test_11743,0.83762616
test_11744,0.98484045
test_11745,0.03198828
test_11746,0.891753
test_11747,0.0054682246
test_11748,0.0010374162
test_11749,0.9925574
test_11750,0.62331593
test_11751,0.9958068
test_11752,0.99859434
test_11753,0.19238643
test_11754,0.9989679
test_11755,0.44690847
test_11756,0.6219881
test_11757,0.07240362
test_11758,0.008767895
test_11759,0.47583336
test_11760,0.95229745
test_11761,0.9894405
test_11762,0.99940443
test_11763,0.020971378
test_11764,0.9986523
test_11765,0.028963467
test_11766,0.7809737
test_11767,0.17321208
test_11768,0.00011886764
test_11769,0.010720377
test_11770,0.43606165
test_11771,0.9925581
test_11772,0.9866181
test_11773,0.050594263
test_11774,0.0027793162
test_11775,0.9867975
test_11776,0.71969587
test_11777,0.9973327
test_11778,0.99956685
test_11779,0.9981187
test_11780,0.9494
test_11781,0.022337545
test_11782,0.0010049907
test_11783,0.022277636
test_11784,0.99849737
test_11785,0.010124337
test_11786,0.9623369
test_11787,0.011055127
test_11788,0.0026049253
test_11789,0.00046381232
test_11790,0.01691633
test_11791,0.9857852
test_11792,0.9539657
test_11793,0.59256953
test_11794,0.98228306
test_11795,0.9616794
test_11796,0.024860922
test_11797,0.81190425
test_11798,0.0056612524
test_11799,0.98782235
test_11800,0.000445868
test_11801,0.17629005
test_11802,0.001537377
test_11803,0.003224556
test_11804,0.00094390614
test_11805,0.0007519625
test_11806,0.021622056
test_11807,0.9820139
test_11808,0.9900428
test_11809,0.5907546
test_11810,0.9953076
test_11811,0.004923312
test_11812,0.6736631
test_11813,0.0014531015
test_11814,0.035011176
test_11815,9.3898976e-05
test_11816,0.99858105
test_11817,0.1100606
test_11818,4.741679e-05
test_11819,0.926921
test_11820,0.90931743
test_11821,0.98199964
test_11822,0.9960841
test_11823,0.9988285
test_11824,0.9995189
test_11825,0.9947436
test_11826,0.046074796
test_11827,0.98688424
test_11828,0.11285669
test_11829,0.015025253
test_11830,0.9970643
test_11831,0.00046003243
test_11832,0.0009341429
test_11833,0.0001371905
test_11834,0.9847245
test_11835,0.06730005
test_11836,0.7422562
test_11837,0.99979585
test_11838,0.011567916
test_11839,0.0217656
test_11840,0.00039857652
test_11841,0.38785195
test_11842,0.0015548313
test_11843,0.00048295446
test_11844,0.006299169
test_11845,0.7114051
test_11846,0.018972134
test_11847,0.9734953
test_11848,0.99445266
test_11849,0.0036455179
test_11850,0.9999467
test_11851,6.309049e-05
test_11852,0.028034896
test_11853,0.99381953
test_11854,0.00032342848
test_11855,0.9775164
test_11856,0.995432
test_11857,0.002210485
test_11858,0.99982125
test_11859,0.25900117
test_11860,0.10508957
test_11861,0.0012215851
test_11862,0.0015169638
test_11863,0.3949203
test_11864,0.99425983
test_11865,0.9342806
test_11866,0.73197204
test_11867,0.634067
test_11868,0.002394124
test_11869,0.9933606
test_11870,0.95112765
test_11871,0.996766
test_11872,0.99488163
test_11873,0.69692427
test_11874,0.9273045
test_11875,0.9899565
test_11876,0.99852425
test_11877,0.038810845
test_11878,0.91115224
test_11879,0.00065967214
test_11880,0.0001506638
test_11881,0.9953212
test_11882,0.9997223
test_11883,0.14330186
test_11884,0.99950826
test_11885,0.47314644
test_11886,0.004466895
test_11887,0.9896902
test_11888,0.40893763
test_11889,0.13701719
test_11890,0.00021997982
test_11891,0.85633594
test_11892,0.047866583
test_11893,0.9498268
test_11894,0.93103135
test_11895,0.024795935
test_11896,0.9998186
test_11897,0.07509162
test_11898,0.0005617544
test_11899,0.9996449
test_11900,0.9963696
test_11901,0.959797
test_11902,0.9996706
test_11903,0.95004636
test_11904,0.9998363
test_11905,0.9970933
test_11906,0.00012449206
test_11907,0.9995753
test_11908,0.00633338
test_11909,0.017805032
test_11910,0.8287554
test_11911,0.9937423
test_11912,0.008204511
test_11913,0.6458547
test_11914,0.06001277
test_11915,0.020276401
test_11916,0.00033227718
test_11917,0.73757
test_11918,0.99442226
test_11919,0.5882188
test_11920,0.9154823
test_11921,0.34298125
test_11922,0.00048083204
test_11923,0.99950635
test_11924,0.99511576
test_11925,0.9805038
test_11926,0.9953485
test_11927,0.9997454
test_11928,0.038869224
test_11929,0.017691065
test_11930,0.9977131
test_11931,0.8470101
test_11932,0.030599054
test_11933,0.63256794
test_11934,0.012121506
test_11935,0.000684014
test_11936,0.9993735
test_11937,0.0023972795
test_11938,0.9640498
test_11939,0.06899808
test_11940,0.0023794363
test_11941,0.001288353
test_11942,0.8638951
test_11943,0.00080850837
test_11944,6.347278e-05
test_11945,0.98604
test_11946,0.7659289
test_11947,0.19019723
test_11948,0.033146534
test_11949,0.5889262
test_11950,0.0051647313
test_11951,0.0018780492
test_11952,0.00010100282
test_11953,0.28627247
test_11954,0.029851058
test_11955,0.9948395
test_11956,0.5075363
test_11957,0.9973484
test_11958,0.6385105
test_11959,0.44515076
test_11960,0.0035167662
test_11961,0.07358998
test_11962,0.11312761
test_11963,0.99988973
test_11964,0.02855257
test_11965,0.97007746
test_11966,0.97176266
test_11967,0.021142416
test_11968,0.98296565
test_11969,0.0009840061
test_11970,0.022468356
test_11971,0.026663601
test_11972,0.9967434
test_11973,0.018051961
test_11974,0.9998714
test_11975,0.99810743
test_11976,0.06255243
test_11977,0.99236757
test_11978,0.99895155
test_11979,0.9964527
test_11980,0.9965597
test_11981,0.000968289
test_11982,0.9791438
test_11983,0.6621211
test_11984,0.5515437
test_11985,0.43197212
test_11986,0.09069936
test_11987,0.10954881
test_11988,0.99658954
test_11989,0.94389796
test_11990,0.99857736
test_11991,0.86646295
test_11992,0.0004148289
test_11993,0.9975298
test_11994,0.35878873
test_11995,0.32453495
test_11996,0.027028814
test_11997,0.9955409
test_11998,0.021015499
test_11999,0.5218131
test_12000,0.9981254
test_12001,0.007641465
test_12002,0.010572375
test_12003,0.56318814
test_12004,0.6239504
test_12005,0.01852409
test_12006,0.0033781081
test_12007,0.9132499
test_12008,0.03689261
test_12009,0.010042618
test_12010,0.01242471
test_12011,0.9991399
test_12012,0.5813697
test_12013,0.00016451582
test_12014,0.9699958
test_12015,0.99734926
test_12016,0.09726323
test_12017,0.99994016
test_12018,0.7109291
test_12019,0.99992466
test_12020,0.0007460236
test_12021,0.9982394
test_12022,0.5704149
test_12023,0.009657119
test_12024,0.0011091918
test_12025,0.9553493
test_12026,0.00571618
test_12027,0.97726965
test_12028,0.07171806
test_12029,0.22658177
test_12030,0.2744705
test_12031,0.9994093
test_12032,0.0051523494
test_12033,0.98907626
test_12034,0.9985039
test_12035,0.5901655
test_12036,0.0011787983
test_12037,0.6809889
test_12038,0.016114203
test_12039,0.00024032255
test_12040,0.99971503
test_12041,0.99813133
test_12042,0.07989103
test_12043,0.9958681
test_12044,0.04561848
test_12045,0.0031980462
test_12046,0.99968934
test_12047,0.00015613771
test_12048,0.9994455
test_12049,0.00034400143
test_12050,0.21382709
test_12051,0.0016453938
test_12052,0.008504618
test_12053,0.19650273
test_12054,0.9996252
test_12055,0.99258316
test_12056,0.9495781
test_12057,0.946355
test_12058,0.78090876
test_12059,0.9986355
test_12060,0.9979493
test_12061,0.024722913
test_12062,0.007116087
test_12063,0.99095374
test_12064,0.99976283
test_12065,0.12726057
test_12066,0.004305508
test_12067,0.9951989
test_12068,0.013740155
test_12069,0.0013935154
test_12070,0.039078087
test_12071,0.70320934
test_12072,0.9063757
test_12073,0.02169835
test_12074,0.0049460283
test_12075,0.9831061
test_12076,0.7768013
test_12077,0.03205276
test_12078,0.9945024
test_12079,0.003394547
test_12080,0.0075925747
test_12081,0.99479806
test_12082,0.0007957652
test_12083,0.0003532363
test_12084,0.9984439
test_12085,0.98567235
test_12086,0.9978598
test_12087,0.99823976
test_12088,0.115794174
test_12089,0.013992912
test_12090,0.115402475
test_12091,0.99470395
test_12092,0.9986034
test_12093,0.9994343
test_12094,0.9994981
test_12095,0.9999232
test_12096,0.9900746
test_12097,0.01690785
test_12098,0.44916332
test_12099,0.024771357
test_12100,0.10387636
test_12101,0.98137134
test_12102,0.002026792
test_12103,0.0008771281
test_12104,0.19386715
test_12105,0.007019233
test_12106,0.9977308
test_12107,0.9997346
test_12108,0.9745049
test_12109,0.0022341488
test_12110,0.001003892
test_12111,0.9960861
test_12112,0.9778632
test_12113,0.8877817
test_12114,0.99866176
test_12115,0.04518745
test_12116,0.00016696373
test_12117,0.0017088506
test_12118,0.9993093
test_12119,0.9998282
test_12120,0.4143647
test_12121,0.0010158061
test_12122,0.0026485047
test_12123,0.014337576
test_12124,0.9993875
test_12125,0.043647487
test_12126,0.99973947
test_12127,0.99486595
test_12128,0.9946051
test_12129,0.012880846
test_12130,0.94278365
test_12131,0.99348253
test_12132,0.0014300995
test_12133,0.9855076
test_12134,0.9986952
test_12135,4.587616e-05
test_12136,0.9770413
test_12137,0.9471874
test_12138,0.012271854
test_12139,0.7163345
test_12140,0.9948946
test_12141,0.0779715
test_12142,0.9903554
test_12143,0.8370363
test_12144,0.0070203
test_12145,0.33421424
test_12146,0.9999211
test_12147,0.0009653967
test_12148,0.04314595
test_12149,0.9996313
test_12150,0.0047247084
test_12151,0.99168324
test_12152,0.7704931
test_12153,0.011335124
test_12154,0.99998915
test_12155,0.97173184
test_12156,0.0029673693
test_12157,0.97169006
test_12158,0.00010491248
test_12159,0.96506095
test_12160,0.98832476
test_12161,0.9955544
test_12162,0.99986875
test_12163,0.022249632
test_12164,0.9982597
test_12165,0.013002222
test_12166,0.9967957
test_12167,0.99945587
test_12168,0.004795092
test_12169,0.9949456
test_12170,0.0012458254
test_12171,0.0024894432
test_12172,0.99921703
test_12173,0.99995124
test_12174,0.59554434
test_12175,0.999803
test_12176,0.19753385
test_12177,0.05150915
test_12178,0.07584852
test_12179,0.55740386
test_12180,0.9993068
test_12181,0.9991001
test_12182,0.7071322
test_12183,0.99849784
test_12184,0.002198305
test_12185,0.99644464
test_12186,0.8734651
test_12187,0.0055882744
test_12188,0.0031906674
test_12189,0.9261963
test_12190,0.9987878
test_12191,0.9995061
test_12192,0.020815955
test_12193,0.011266064
test_12194,0.00036736042
test_12195,0.0012148254
test_12196,0.00015267033
test_12197,0.030740246
test_12198,0.011200992
test_12199,0.06573612
test_12200,0.8267535
test_12201,0.0008467783
test_12202,0.98214334
test_12203,0.99255556
test_12204,0.13347521
test_12205,0.006736542
test_12206,0.25559443
test_12207,7.971154e-05
test_12208,0.996783
test_12209,0.988962
test_12210,0.004382374
test_12211,0.005986566
test_12212,0.99946636
test_12213,0.013911814
test_12214,0.9985115
test_12215,0.9973443
test_12216,0.81255233
test_12217,0.0024661417
test_12218,0.00216518
test_12219,0.0031213537
test_12220,0.0021993355
test_12221,0.007288356
test_12222,0.01423239
test_12223,0.0019642443
test_12224,0.36797157
test_12225,0.017900586
test_12226,0.0011382933
test_12227,0.059670094
test_12228,0.9996612
test_12229,0.0046098963
test_12230,0.1164233
test_12231,0.015186204
test_12232,0.00032145157
test_12233,0.030840097
test_12234,0.59056264
test_12235,0.021299222
test_12236,0.0015146047
test_12237,0.994423
test_12238,0.99929225
test_12239,0.9968522
test_12240,0.021468038
test_12241,0.10436237
test_12242,0.00018010543
test_12243,0.9996314
test_12244,0.006280506
test_12245,0.6870661
test_12246,0.9981306
test_12247,0.0025190304
test_12248,0.00031503028
test_12249,0.0044433754
test_12250,0.65873724
test_12251,0.00021816966
test_12252,0.013772671
test_12253,0.28672376
test_12254,0.9390061
test_12255,0.009324833
test_12256,0.1354584
test_12257,0.12577239
test_12258,0.00034271568
test_12259,0.9496367
test_12260,0.9904103
test_12261,0.990182
test_12262,0.31935745
test_12263,0.4204539
test_12264,0.10775512
test_12265,0.0056497115
test_12266,0.18819334
test_12267,0.006095011
test_12268,0.00055288617
test_12269,0.9988182
test_12270,0.020489966
test_12271,0.19442965
test_12272,0.9943921
test_12273,0.032298114
test_12274,0.9914376
test_12275,0.0001798722
test_12276,0.27490884
test_12277,0.8313264
test_12278,0.029912494
test_12279,0.9930224
test_12280,0.99962723
test_12281,0.033059265
test_12282,0.043490954
test_12283,0.99257845
test_12284,0.0011078387
test_12285,0.6916753
test_12286,0.07183602
test_12287,0.9824699
test_12288,0.99981886
test_12289,5.304325e-05
test_12290,0.42139393
test_12291,0.70300436
test_12292,0.78081024
test_12293,0.5360586
test_12294,0.09352457
test_12295,0.98545605
test_12296,0.99945813
test_12297,0.11311774
test_12298,0.46888086
test_12299,0.9091776
test_12300,0.019533375
test_12301,0.9921158
test_12302,0.007266984
test_12303,0.005558606
test_12304,0.99189734
test_12305,0.0037167275
test_12306,0.9886812
test_12307,0.803474
test_12308,0.07018503
test_12309,0.9991297
test_12310,0.069645084
test_12311,0.47009623
test_12312,0.94409287
test_12313,0.001651419
test_12314,0.9992949
test_12315,0.02101228
test_12316,0.0025555515
test_12317,0.0026431028
test_12318,0.0008840553
test_12319,0.99026847
test_12320,0.9976781
test_12321,0.9996575
test_12322,0.00044743673
test_12323,0.021224344
test_12324,0.0006005324
test_12325,0.984166
test_12326,0.9935725
test_12327,0.99991786
test_12328,0.003082247
test_12329,0.8024725
test_12330,0.9977303
test_12331,0.006231548
test_12332,0.9348884
test_12333,0.03159707
test_12334,0.0007535901
test_12335,0.892085
test_12336,0.18368104
test_12337,0.19721563
test_12338,0.015165406
test_12339,0.990058
test_12340,0.99443215
test_12341,0.00042828885
test_12342,0.0022558619
test_12343,0.0016592883
test_12344,0.5445561
test_12345,0.9956809
test_12346,0.99979573
test_12347,0.987608
test_12348,0.34098634
test_12349,0.0143107325
test_12350,0.006614665
test_12351,0.0017547798
test_12352,0.9371006
test_12353,0.97818416
test_12354,0.038476475
test_12355,0.0023206994
test_12356,0.76699555
test_12357,0.99244213
test_12358,0.012129873
test_12359,0.9931765
test_12360,0.0022557697
test_12361,0.99438417
test_12362,0.79074085
test_12363,0.08662893
test_12364,0.0007004881
test_12365,0.99965286
test_12366,0.073764905
test_12367,0.03934201
test_12368,0.9987552
test_12369,0.9495767
test_12370,0.00030232302
test_12371,0.9977495
test_12372,0.9964509
test_12373,0.97379804
test_12374,0.014733015
test_12375,0.97560036
test_12376,0.004884029
test_12377,0.0006153868
test_12378,0.0059262975
test_12379,0.00014390967
test_12380,0.010804747
test_12381,0.8153492
test_12382,0.012909403
test_12383,0.0074541704
test_12384,0.9906158
test_12385,0.001663533
test_12386,0.5002106
test_12387,0.9989543
test_12388,0.0002046577
test_12389,0.0042659123
test_12390,0.9990651
test_12391,0.9998147
test_12392,0.003124844
test_12393,0.0008260902
test_12394,0.98096436
test_12395,0.9994234
test_12396,0.8218251
test_12397,0.0016989333
test_12398,0.10781815
test_12399,1.9243897e-05
test_12400,0.99953973
test_12401,0.0023316925
test_12402,0.059643973
test_12403,0.9423373
test_12404,0.0014518276
test_12405,0.019962998
test_12406,0.7776533
test_12407,0.6843997
test_12408,0.9998375
test_12409,0.85231614
test_12410,0.0011957
test_12411,0.9997733
test_12412,0.99948645
test_12413,0.06919254
test_12414,4.4748787e-05
test_12415,0.4342115
test_12416,0.96733254
test_12417,0.9487803
test_12418,0.9974064
test_12419,0.83020055
test_12420,0.99887973
test_12421,0.00012704158
test_12422,0.99893624
test_12423,0.033961836
test_12424,0.00035830136
test_12425,0.16158196
test_12426,0.9998282
test_12427,0.8208467
test_12428,0.9579432
test_12429,0.86400867
test_12430,0.99700373
test_12431,0.9977069
test_12432,0.9784871
test_12433,0.46971887
test_12434,0.99916744
test_12435,0.023393631
test_12436,0.12071164
test_12437,0.086576656
test_12438,0.09823761
test_12439,0.0038485827
test_12440,0.88487744
test_12441,0.9968747
test_12442,0.9870184
test_12443,0.027845051
test_12444,0.01397175
test_12445,0.9902154
test_12446,0.80984527
test_12447,0.03398668
test_12448,2.5446474e-05
test_12449,0.94180995
test_12450,0.99795073
test_12451,0.9627774
test_12452,0.9972409
test_12453,0.9914205
test_12454,0.9702354
test_12455,0.008769553
test_12456,0.06730459
test_12457,0.0042799497
test_12458,0.9959863
test_12459,0.9996873
test_12460,0.0035128186
test_12461,0.99893004
test_12462,0.08945586
test_12463,0.028963886
test_12464,0.02833351
test_12465,0.9978575
test_12466,0.019537216
test_12467,0.9903796
test_12468,0.21875694
test_12469,0.077526554
test_12470,0.99609214
test_12471,0.4350922
test_12472,0.0004903336
test_12473,0.9991239
test_12474,0.00010262923
test_12475,0.52470857
test_12476,0.94189054
test_12477,0.007944541
test_12478,0.9942726
test_12479,0.003518784
test_12480,0.0021496867
test_12481,0.0366652
test_12482,0.9593922
test_12483,0.00070937996
test_12484,0.9996933
test_12485,0.02184272
test_12486,0.05302154
test_12487,0.50054944
test_12488,0.0406091
test_12489,0.99936074
test_12490,0.107841186
test_12491,6.4293294e-05
test_12492,0.9099356
test_12493,0.99409986
test_12494,0.9992638
test_12495,0.0005702076
test_12496,0.7063531
test_12497,0.025821218
test_12498,0.88558
test_12499,0.99631786
test_12500,0.99611735
test_12501,0.9907747
test_12502,0.00019404564
test_12503,0.9974769
test_12504,0.99530506
test_12505,0.08990816
test_12506,0.9986493
test_12507,0.5608732
test_12508,0.99934584
test_12509,0.0039117103
test_12510,0.95797384
test_12511,0.5431112
test_12512,0.0129129095
test_12513,0.034620337
test_12514,0.9975011
test_12515,0.0023243043
test_12516,0.996705
test_12517,0.0321317
test_12518,0.020606756
test_12519,0.004049608
test_12520,0.0017444063
test_12521,0.013538866
test_12522,0.017122151
test_12523,0.0016484123
test_12524,0.99803716
test_12525,0.045663588
test_12526,0.99988663
test_12527,1.6311692e-06
test_12528,0.0004911534
test_12529,0.0007385531
test_12530,0.9982596
test_12531,0.0017712951
test_12532,0.80052245
test_12533,0.99675983
test_12534,0.9946629
test_12535,0.99361926
test_12536,0.017510206
test_12537,0.9336151
test_12538,0.9970783
test_12539,0.0030008946
test_12540,0.7760306
test_12541,0.5341212
test_12542,0.0033309716
test_12543,0.06577627
test_12544,0.00030165422
test_12545,0.99961275
test_12546,0.10550279
test_12547,0.004387528
test_12548,0.71452254
test_12549,0.97721964
test_12550,0.73576725
test_12551,0.13090476
test_12552,0.98534334
test_12553,0.5453495
test_12554,2.1346887e-05
test_12555,0.9985152
test_12556,0.05300723
test_12557,0.04432997
test_12558,0.0008224416
test_12559,0.9812293
test_12560,0.9986879
test_12561,0.988008
test_12562,0.27688542
test_12563,0.99920374
test_12564,0.06658426
test_12565,0.0059291604
test_12566,0.9989994
test_12567,0.002560761
test_12568,2.7848097e-05
test_12569,0.5129467
test_12570,0.99979764
test_12571,0.00016876118
test_12572,0.9644033
test_12573,0.0009886689
test_12574,0.11571891
test_12575,0.0017861273
test_12576,0.74634475
test_12577,0.1444137
test_12578,0.002300571
test_12579,0.9877273
test_12580,0.0005120267
test_12581,0.98625493
test_12582,0.002115045
test_12583,0.9922545
test_12584,0.61246735
test_12585,0.99422556
test_12586,0.008506817
test_12587,0.00059295207
test_12588,0.0012953256
test_12589,0.0031100165
test_12590,0.4877852
test_12591,0.99893075
test_12592,0.0023420982
test_12593,0.000667784
test_12594,0.46812588
test_12595,0.9997186
test_12596,0.0065634125
test_12597,0.99652016
test_12598,0.14985645
test_12599,0.0016958443
test_12600,0.99998045
test_12601,0.999777
test_12602,0.0033474076
test_12603,0.999228
test_12604,0.00019277667
test_12605,0.0027392532
test_12606,0.8366151
test_12607,0.015108468
test_12608,0.32328504
test_12609,0.9712989
test_12610,0.032786384
test_12611,0.045846995
test_12612,0.0042487024
test_12613,0.30204314
test_12614,0.9756597
test_12615,0.6631312
test_12616,0.0678455
test_12617,0.0023240347
test_12618,0.00045110376
test_12619,0.9969271
test_12620,0.98273104
test_12621,0.053013436
test_12622,0.0020164456
test_12623,0.9326157
test_12624,0.9028124
test_12625,6.549242e-05
test_12626,0.00039347447
test_12627,0.0056610922
test_12628,0.00086282886
test_12629,0.9870588
test_12630,0.10581995
test_12631,0.99863833
test_12632,0.11046575
test_12633,0.046162926
test_12634,0.005035445
test_12635,0.0077316016
test_12636,0.9675588
test_12637,0.52654505
test_12638,0.0035225966
test_12639,0.9986112
test_12640,0.50893533
test_12641,0.011116891
test_12642,0.280703
test_12643,0.99981695
test_12644,0.0003562669
test_12645,0.9997347
test_12646,0.99730897
test_12647,0.000880339
test_12648,0.015911095
test_12649,0.0894575
test_12650,0.99903595
test_12651,0.99289376
test_12652,0.00016431656
test_12653,0.99613106
test_12654,0.0017392657
test_12655,0.9549298
test_12656,0.99911875
test_12657,0.99892634
test_12658,0.9995735
test_12659,0.0005104978
test_12660,0.01881571
test_12661,0.99275124
test_12662,0.97739136
test_12663,0.012459383
test_12664,0.0032218732
test_12665,0.999694
test_12666,0.0021270916
test_12667,0.9998591
test_12668,0.21719413
test_12669,0.00039169568
test_12670,0.9847652
test_12671,0.99886656
test_12672,5.123444e-05
test_12673,0.00043623935
test_12674,0.65793
test_12675,0.0022217382
test_12676,0.99553865
test_12677,0.989627
test_12678,0.1297982
test_12679,0.99712545
test_12680,0.8970075
test_12681,0.03564054
test_12682,0.79048693
test_12683,0.038209412
test_12684,0.79889405
test_12685,0.03157697
test_12686,0.86513513
test_12687,0.9978873
test_12688,0.9984452
test_12689,0.048251342
test_12690,0.04918839
test_12691,0.96638894
test_12692,0.96180785
test_12693,0.053760298
test_12694,0.00227908
test_12695,0.0014267754
test_12696,0.7485722
test_12697,0.003106361
test_12698,0.8091695
test_12699,0.00020776242
test_12700,0.0019173485
test_12701,0.9913258
test_12702,0.0006663393
test_12703,0.0018452615
test_12704,0.9983164
test_12705,0.99795496
test_12706,0.00073988386
test_12707,0.997663
test_12708,0.99500304
test_12709,0.99949634
test_12710,0.013611185
test_12711,0.62297153
test_12712,0.9961456
test_12713,0.1035654
test_12714,0.0128931785
test_12715,0.10182328
test_12716,0.0015901928
test_12717,0.061902422
test_12718,0.001471905
test_12719,0.27701902
test_12720,0.9972881
test_12721,0.99936336
test_12722,0.94078624
test_12723,8.1272425e-05
test_12724,0.004653749
test_12725,0.4983737
test_12726,0.9938415
test_12727,0.73455036
test_12728,0.88139385
test_12729,0.9813595
test_12730,0.0028124845
test_12731,0.9838837
test_12732,0.2876045
test_12733,0.98017186
test_12734,0.99245435
test_12735,0.990445
test_12736,0.645739
test_12737,0.9984602
test_12738,0.162087
test_12739,0.9998869
test_12740,0.016570777
test_12741,0.0049210815
test_12742,0.07354776
test_12743,0.024241993
test_12744,0.0022178085
test_12745,0.582723
test_12746,0.99839324
test_12747,0.6087987
test_12748,0.50300235
test_12749,0.0025387036
test_12750,0.0011489476
test_12751,0.099614
test_12752,0.999908
test_12753,0.0026457945
test_12754,0.0048229313
test_12755,0.722028
test_12756,0.9793218
test_12757,0.9358225
test_12758,0.113032565
test_12759,0.000774157
test_12760,0.6031961
test_12761,0.51446587
test_12762,0.0009562852
test_12763,0.082167774
test_12764,0.0008760051
test_12765,0.9438549
test_12766,0.0003982602
test_12767,0.008536107
test_12768,0.99929583
test_12769,0.9840465
test_12770,0.0024188121
test_12771,0.00048488722
test_12772,0.083782434
test_12773,0.9882625
test_12774,0.0009599682
test_12775,0.98811543
test_12776,0.10814247
test_12777,0.0003386826
test_12778,0.9998764
test_12779,0.03013656
test_12780,0.98652875
test_12781,0.9879772
test_12782,0.00030053986
test_12783,0.9982729
test_12784,0.50319666
test_12785,0.98685104
test_12786,0.65020955
test_12787,0.97813
test_12788,0.0007537564
test_12789,0.77584505
test_12790,0.094347715
test_12791,0.032615896
test_12792,0.0058900104
test_12793,0.99730456
test_12794,0.1801514
test_12795,0.97148895
test_12796,0.99595696
test_12797,0.9996724
test_12798,0.79883945
test_12799,0.009188769
test_12800,0.18169667
test_12801,0.19873835
test_12802,0.0011420649
test_12803,0.9998615
test_12804,0.999987
test_12805,0.20835875
test_12806,0.00041360914
test_12807,0.9519099
test_12808,0.0007848223
test_12809,0.9783054
test_12810,0.01060291
test_12811,0.019175276
test_12812,0.9579804
test_12813,0.9993099
test_12814,0.44316414
test_12815,0.0003222478
test_12816,0.019444853
test_12817,0.0017943325
test_12818,0.0035634483
test_12819,0.0013831898
test_12820,0.9999794
test_12821,0.00026845364
test_12822,0.81700057
test_12823,0.99940944
test_12824,0.0033426639
test_12825,0.6553216
test_12826,0.56697184
test_12827,0.009676406
test_12828,0.7583352
test_12829,0.9858143
test_12830,0.00026572158
test_12831,0.0039028546
test_12832,0.9999006
test_12833,0.00075616734
test_12834,0.9999447
test_12835,0.9862743
test_12836,0.8626797
test_12837,0.996881
test_12838,0.99597245
test_12839,0.0043359296
test_12840,0.0015806629
test_12841,0.008619601
test_12842,0.01040262
test_12843,0.99995875
test_12844,0.85947526
test_12845,0.0020415522
test_12846,0.010191993
test_12847,0.99860674
test_12848,0.9936646
test_12849,0.0002495526
test_12850,0.8739828
test_12851,0.051397827
test_12852,0.16924109
test_12853,0.9351353
test_12854,0.072007164
test_12855,0.0026012757
test_12856,0.9949763
test_12857,0.98575914
test_12858,0.0051270626
test_12859,0.99918765
test_12860,0.99777585
test_12861,0.010546627
test_12862,0.00336402
test_12863,0.0022574218
test_12864,0.0006404476
test_12865,0.99997187
test_12866,0.7676056
test_12867,0.97724426
test_12868,0.80044734
test_12869,0.00031306202
test_12870,0.99976975
test_12871,0.5706805
test_12872,0.9985233
test_12873,0.98324615
test_12874,0.9987833
test_12875,0.0047383476
test_12876,0.00036652997
test_12877,0.0015589042
test_12878,0.9996923
test_12879,0.9713055
test_12880,0.0015956592
test_12881,0.00049198366
test_12882,0.9998229
test_12883,0.00383578
test_12884,0.09700985
test_12885,0.0005188435
test_12886,0.6577274
test_12887,0.016698299
test_12888,0.002342223
test_12889,0.037808295
test_12890,0.9990717
test_12891,0.00097213074
test_12892,0.011089336
test_12893,0.9890878
test_12894,0.00056008075
test_12895,0.9915142
test_12896,0.9991033
test_12897,0.991268
test_12898,0.008843196
test_12899,0.003873124
test_12900,0.94863814
test_12901,0.27423775
test_12902,0.97106946
test_12903,0.5564171
test_12904,0.15817647
test_12905,0.99955803
test_12906,0.006175532
test_12907,0.0001630197
test_12908,0.9956864
test_12909,0.9995491
test_12910,0.003458608
test_12911,0.98643386
test_12912,0.9992255
test_12913,0.0013691657
test_12914,0.0206008
test_12915,0.99727243
test_12916,0.99941814
test_12917,0.9937332
test_12918,0.00030376183
test_12919,0.99658245
test_12920,0.99998164
test_12921,0.0071800463
test_12922,0.00074462296
test_12923,0.811097
test_12924,0.9998078
test_12925,0.9869845
test_12926,0.9393328
test_12927,0.00036677235
test_12928,0.028747473
test_12929,0.20445116
test_12930,0.999949
test_12931,0.005024734
test_12932,0.00073911843
test_12933,0.9997377
test_12934,0.23478267
test_12935,0.030534707
test_12936,0.8622686
test_12937,0.7462854
test_12938,0.017683243
test_12939,0.9995727
test_12940,0.99854916
test_12941,0.061224267
test_12942,0.15770233
test_12943,0.00032609986
test_12944,0.9710264
test_12945,0.02350802
test_12946,0.9999502
test_12947,0.85157967
test_12948,0.010615793
test_12949,6.323595e-05
test_12950,0.8541332
test_12951,0.06055071
test_12952,0.7528968
test_12953,0.9997311
test_12954,0.0029616838
test_12955,0.060009707
test_12956,0.9990245
test_12957,0.38739723
test_12958,0.00085612043
test_12959,0.4176592
test_12960,0.9820265
test_12961,0.013055194
test_12962,0.0061041485
test_12963,0.99597687
test_12964,0.003232079
test_12965,0.7969603
test_12966,0.828268
test_12967,0.006151779
test_12968,0.019410348
test_12969,0.1599266
test_12970,0.46179318
test_12971,0.0013371038
test_12972,0.014614743
test_12973,0.004346369
test_12974,9.603572e-05
test_12975,0.3030348
test_12976,0.0020656432
test_12977,0.0005390029
test_12978,0.99386877
test_12979,0.017503422
test_12980,0.0009287193
test_12981,0.995906
test_12982,0.97993636
test_12983,0.0013252123
test_12984,0.45478457
test_12985,0.869217
test_12986,0.9852196
test_12987,0.9710199
test_12988,0.0070292936
test_12989,0.9150788
test_12990,0.9997248
test_12991,0.0006448799
test_12992,0.20637035
test_12993,0.99628
test_12994,0.050197884
test_12995,0.28006908
test_12996,0.9966529
test_12997,0.0014256862
test_12998,0.9966882
test_12999,0.56218445
test_13000,0.28214455
test_13001,0.9999422
test_13002,0.000995148
test_13003,0.9978162
test_13004,0.100416586
test_13005,0.8614886
test_13006,0.08465264
test_13007,0.0006203451
test_13008,0.030175762
test_13009,0.95203996
test_13010,0.37515748
test_13011,0.03843646
test_13012,0.46492806
test_13013,0.93034416
test_13014,0.23409873
test_13015,0.99113387
test_13016,8.327554e-05
test_13017,0.89962906
test_13018,0.00016435087
test_13019,0.9882621
test_13020,0.0037348133
test_13021,0.011268246
test_13022,0.046425313
test_13023,0.42460454
test_13024,0.97552097
test_13025,0.9989819
test_13026,0.9961671
test_13027,0.97702026
test_13028,0.0008714167
test_13029,0.98588634
test_13030,0.010504084
test_13031,0.9983903
test_13032,0.9988355
test_13033,0.0011128755
test_13034,0.8459858
test_13035,0.021171572
test_13036,0.509762
test_13037,0.98931575
test_13038,0.6976372
test_13039,0.9997036
test_13040,0.99994373
test_13041,0.79700136
test_13042,0.94974077
test_13043,0.8477777
test_13044,0.9471364
test_13045,0.003521599
test_13046,0.9923458
test_13047,0.0016406431
test_13048,0.0016826527
test_13049,0.9969817
test_13050,0.0006609354
test_13051,0.02390064
test_13052,0.99224234
test_13053,0.79820967
test_13054,0.0005657643
test_13055,0.001546912
test_13056,0.99578273
test_13057,0.006577216
test_13058,0.017340042
test_13059,0.97724503
test_13060,0.98481107
test_13061,0.99976164
test_13062,0.9982918
test_13063,0.0005738499
test_13064,0.00128319
test_13065,0.9998783
test_13066,0.9818293
test_13067,0.039265007
test_13068,0.3564944
test_13069,0.9985771
test_13070,0.94338024
test_13071,0.13461463
test_13072,0.00047736807
test_13073,0.44137496
test_13074,0.9999188
test_13075,0.8509992
test_13076,0.0009797716
test_13077,0.23228496
test_13078,0.9942135
test_13079,0.99842465
test_13080,0.019765493
test_13081,0.024555782
test_13082,0.97603023
test_13083,0.13024853
test_13084,0.9949418
test_13085,0.98372793
test_13086,0.9946773
test_13087,0.0017201328
test_13088,0.98961055
test_13089,0.30389404
test_13090,0.008771373
test_13091,0.32583302
test_13092,0.99997175
test_13093,0.0036550122
test_13094,0.9383884
test_13095,0.99481
test_13096,0.0015059119
test_13097,0.006606702
test_13098,0.00042023355
test_13099,0.09517016
test_13100,0.07748895
test_13101,0.00025805857
test_13102,0.32459745
test_13103,0.018893166
test_13104,0.0005978321
test_13105,0.981482
test_13106,0.93398595
test_13107,0.96384656
test_13108,0.95872164
test_13109,0.003704091
test_13110,0.9998431
test_13111,0.7886817
test_13112,0.9657051
test_13113,0.00050456653
test_13114,0.015027319
test_13115,0.75651366
test_13116,0.83537775
test_13117,2.3401493e-05
test_13118,0.04909687
test_13119,0.0020927917
test_13120,0.02098561
test_13121,0.13060482
test_13122,0.00066371035
test_13123,0.078159794
test_13124,0.7354756
test_13125,0.9983785
test_13126,0.018564373
test_13127,0.99840957
test_13128,0.37436107
test_13129,0.007209758
test_13130,0.99034053
test_13131,0.0001580608
test_13132,0.9894303
test_13133,0.040825013
test_13134,0.00030354675
test_13135,0.0006804156
test_13136,0.07814992
test_13137,0.9982957
test_13138,0.6540475
test_13139,0.057263963
test_13140,0.16327974
test_13141,0.95599407
test_13142,0.003150699
test_13143,0.9985576
test_13144,0.0012221378
test_13145,0.043830536
test_13146,0.9979588
test_13147,0.99795014
test_13148,0.0018286663
test_13149,0.0051827338
test_13150,0.0048110266
test_13151,0.99784577
test_13152,2.7322845e-05
test_13153,0.9960781
test_13154,0.0024236043
test_13155,0.9999956
test_13156,0.1496161
test_13157,0.99641633
test_13158,0.9682727
test_13159,0.99894696
test_13160,0.26694423
test_13161,0.14953032
test_13162,0.98039776
test_13163,0.99136907
test_13164,0.002490804
test_13165,0.43259165
test_13166,0.07182316
test_13167,0.0021051923
test_13168,0.0036627483
test_13169,0.012450241
test_13170,0.6656095
test_13171,0.045558337
test_13172,0.998808
test_13173,0.0062223244
test_13174,0.99947387
test_13175,0.00042474363
test_13176,0.093137786
test_13177,0.0018631084
test_13178,0.10814142
test_13179,0.0031724176
test_13180,0.9975012
test_13181,0.020319656
test_13182,0.9508412
test_13183,0.99924755
test_13184,0.00030093524
test_13185,0.9998679
test_13186,0.8511323
test_13187,0.8357586
test_13188,0.005752515
test_13189,0.012944863
test_13190,0.002261692
test_13191,0.004022226
test_13192,0.99878734
test_13193,0.09685824
test_13194,0.9992975
test_13195,0.0061749355
test_13196,0.99857914
test_13197,0.0015542812
test_13198,0.08925115
test_13199,0.999426
test_13200,0.37068963
test_13201,0.0015055614
test_13202,0.9161155
test_13203,0.9120547
test_13204,0.50508785
test_13205,0.0021018323
test_13206,0.00020579556
test_13207,0.9934168
test_13208,0.005433598
test_13209,0.0017387947
test_13210,0.99961495
test_13211,0.99712545
test_13212,0.999696
test_13213,0.0062817708
test_13214,0.023789067
test_13215,0.018241815
test_13216,0.9385804
test_13217,0.99969876
test_13218,0.999663
test_13219,0.014405424
test_13220,0.99869066
test_13221,0.009783696
test_13222,0.985355
test_13223,0.0635476
test_13224,0.9935853
test_13225,0.19889508
test_13226,0.99921083
test_13227,0.9943646
test_13228,0.16692577
test_13229,0.0003095767
test_13230,0.062909454
test_13231,0.9262444
test_13232,0.98586816
test_13233,0.00097379804
test_13234,0.99953187
test_13235,0.0023241863
test_13236,0.026959449
test_13237,0.0005173716
test_13238,0.99916506
test_13239,0.47138074
test_13240,0.0002214413
test_13241,0.0058703283
test_13242,0.011425436
test_13243,0.99515533
test_13244,0.9228152
test_13245,0.779759
test_13246,0.87163794
test_13247,0.9990368
test_13248,0.52495486
test_13249,0.00081419095
test_13250,0.99962807
test_13251,0.03547324
test_13252,8.89086e-06
test_13253,0.013275624
test_13254,0.006244981
test_13255,0.9942259
test_13256,0.00080009963
test_13257,0.0009834924
test_13258,0.95690966
test_13259,0.99811316
test_13260,0.012270657
test_13261,0.00031831532
test_13262,0.00083069305
test_13263,0.14959686
test_13264,0.4754236
test_13265,0.9427191
test_13266,0.9990615
test_13267,0.8133081
test_13268,0.00021364927
test_13269,4.267896e-05
test_13270,0.007260815
test_13271,0.07407922
test_13272,0.0055738008
test_13273,0.950594
test_13274,0.06345267
test_13275,0.0002582205
test_13276,0.007267506
test_13277,0.39858192
test_13278,0.050852727
test_13279,0.29033762
test_13280,0.0020342981
test_13281,0.92186123
test_13282,0.0009695432
test_13283,0.78523695
test_13284,0.96904624
test_13285,0.00042701367
test_13286,0.8912226
test_13287,0.00065413746
test_13288,0.99150324
test_13289,0.00022640567
test_13290,0.9999093
test_13291,0.9993856
test_13292,0.9888271
test_13293,0.95766747
test_13294,0.592036
test_13295,0.9998499
test_13296,0.99971944
test_13297,0.060109165
test_13298,0.78807664
test_13299,0.99909997
test_13300,0.5818222
test_13301,0.96278244
test_13302,0.9953864
test_13303,0.0006361621
test_13304,0.39627793
test_13305,0.0018122921
test_13306,4.9358823e-05
test_13307,0.0016971646
test_13308,0.9929126
test_13309,0.9987999
test_13310,0.99995434
test_13311,0.9974369
test_13312,0.13495329
test_13313,0.31500226
test_13314,0.9976788
test_13315,0.9997557
test_13316,0.0036422596
test_13317,0.9884813
test_13318,0.0020293863
test_13319,0.95704764
test_13320,0.002198738
test_13321,0.84901685
test_13322,0.026808467
test_13323,0.99687356
test_13324,0.011802099
test_13325,0.00013088607
test_13326,0.021453258
test_13327,0.9993339
test_13328,0.00039761586
test_13329,0.002459419
test_13330,0.0008882661
test_13331,0.013817191
test_13332,0.0001879099
test_13333,0.9999846
test_13334,0.020868156
test_13335,0.0040644472
test_13336,0.0075017284
test_13337,0.9806182
test_13338,0.1753106
test_13339,0.9390987
test_13340,0.031418953
test_13341,0.9946577
test_13342,0.039093096
test_13343,0.9999373
test_13344,0.99972445
test_13345,0.9896797
test_13346,0.26802295
test_13347,0.0026013835
test_13348,0.04431493
test_13349,0.013118672
test_13350,0.058214907
test_13351,0.99275535
test_13352,0.0057670856
test_13353,0.14999269
test_13354,0.9807859
test_13355,0.28138238
test_13356,0.999848
test_13357,0.0044035506
test_13358,0.99497104
test_13359,0.9974842
test_13360,0.9998062
test_13361,0.033621203
test_13362,0.9994942
test_13363,0.0093392655
test_13364,0.9733536
test_13365,0.9935276
test_13366,0.9967847
test_13367,0.98871523
test_13368,0.95401573
test_13369,0.68621576
test_13370,0.5324948
test_13371,0.9997172
test_13372,0.9988763
test_13373,0.4488427
test_13374,0.9067585
test_13375,0.9214678
test_13376,0.9904269
test_13377,0.9888868
test_13378,0.00061584683
test_13379,0.0020891656
test_13380,0.9811504
test_13381,0.004340721
test_13382,0.99852127
test_13383,0.9999416
test_13384,0.99818254
test_13385,0.68140686
test_13386,0.00033010144
test_13387,0.0052259485
test_13388,0.0045009647
test_13389,0.004105872
test_13390,0.005739311
test_13391,0.994113
test_13392,0.016542189
test_13393,0.82707685
test_13394,0.9844453
test_13395,0.89816254
test_13396,0.9995671
test_13397,0.7092394
test_13398,0.048208024
test_13399,0.9852234
test_13400,0.99837315
test_13401,0.095207
test_13402,0.5116338
test_13403,0.7480695
test_13404,0.99737334
test_13405,0.9991872
test_13406,0.98600197
test_13407,0.0011858022
test_13408,0.005524951
test_13409,0.46432218
test_13410,0.009072738
test_13411,0.99879897
test_13412,0.8505496
test_13413,0.066200055
test_13414,0.08833416
test_13415,0.9961934
test_13416,0.9960096
test_13417,0.005095238
test_13418,0.033469327
test_13419,0.8080613
test_13420,0.98315096
test_13421,0.0383832
test_13422,0.0030424916
test_13423,0.12757425
test_13424,0.65566254
test_13425,0.015131673
test_13426,0.00022854589
test_13427,0.9999018
test_13428,0.9859067
test_13429,0.98075944
test_13430,0.0013634521
test_13431,0.9978168
test_13432,0.0021290926
test_13433,0.011382096
test_13434,0.9957325
test_13435,0.38355714
test_13436,0.0004555569
test_13437,0.0025380636
test_13438,0.9690452
test_13439,0.9980501
test_13440,0.8594982
test_13441,0.5392226
test_13442,0.9975859
test_13443,0.73356825
test_13444,0.9662519
test_13445,0.9966234
test_13446,0.0024225668
test_13447,0.074221015
test_13448,0.0020252457
test_13449,0.00048709576
test_13450,0.5844038
test_13451,0.0034178004
test_13452,0.98937243
test_13453,0.98820484
test_13454,0.0067627844
test_13455,0.15902738
test_13456,0.9990044
test_13457,0.36833546
test_13458,0.8128593
test_13459,0.8722874
test_13460,0.3834282
test_13461,0.0023942387
test_13462,0.89209676
test_13463,0.0012687902
test_13464,0.0022829673
test_13465,0.014880982
test_13466,0.8376822
test_13467,0.00034186654
test_13468,0.31910315
test_13469,0.9632593
test_13470,0.03345611
test_13471,0.9997414
test_13472,0.999401
test_13473,0.9992397
test_13474,0.947515
test_13475,0.9985746
test_13476,0.12761587
test_13477,0.99522436
test_13478,0.9997681
test_13479,0.9832976
test_13480,0.9992761
test_13481,0.89232653
test_13482,0.4565895
test_13483,0.97592497
test_13484,0.017419113
test_13485,0.96050346
test_13486,0.63853294
test_13487,0.26651496
test_13488,0.10341443
test_13489,0.9501192
test_13490,0.008358525
test_13491,0.18891211
test_13492,0.9990773
test_13493,0.97144836
test_13494,0.005794047
test_13495,0.602521
test_13496,0.9027569
test_13497,0.0073935217
test_13498,0.5492567
test_13499,0.04111634
test_13500,0.99850523
test_13501,0.004905722
test_13502,0.0078722555
test_13503,0.043351006
test_13504,0.0043120175
test_13505,0.014592998
test_13506,0.028428657
test_13507,0.00012898583
test_13508,0.9999399
test_13509,0.0002521163
test_13510,0.2442764
test_13511,0.60598004
test_13512,0.99792457
test_13513,0.022582594
test_13514,0.020144345
test_13515,0.03918496
test_13516,0.00854977
test_13517,0.14192711
test_13518,0.0070356
test_13519,0.29262957
test_13520,0.3146855
test_13521,0.99947065
test_13522,0.0037635553
test_13523,0.99247956
test_13524,0.9838923
test_13525,0.99975353
test_13526,0.00066547556
test_13527,0.76237714
test_13528,0.9793633
test_13529,0.9962561
test_13530,0.9999223
test_13531,0.0036941199
test_13532,0.04707565
test_13533,0.88703346
test_13534,0.001131773
test_13535,0.9991881
test_13536,0.010248917
test_13537,0.026779206
test_13538,0.008288666
test_13539,0.038060755
test_13540,0.99903935
test_13541,0.9991466
test_13542,0.00830648
test_13543,0.0024522094
test_13544,0.99871624
test_13545,0.995856
test_13546,0.99924624
test_13547,0.00026621937
test_13548,0.63459337
test_13549,0.23814207
test_13550,0.016357368
test_13551,0.9597957
test_13552,0.010166097
test_13553,0.98500407
test_13554,0.96347445
test_13555,0.0010336993
test_13556,0.533771
test_13557,0.9998578
test_13558,0.00028885392
test_13559,0.0015885902
test_13560,0.0030727917
test_13561,0.0027518624
test_13562,0.059987336
test_13563,0.9901833
test_13564,0.96918285
test_13565,0.9997657
test_13566,0.45200154
test_13567,0.9998086
test_13568,0.9795242
test_13569,0.99974066
test_13570,0.98535943
test_13571,0.08321584
test_13572,0.9995863
test_13573,0.9998367
test_13574,0.43824157
test_13575,0.99970263
test_13576,0.083458446
test_13577,9.080213e-05
test_13578,0.78090304
test_13579,0.011022575
test_13580,8.307361e-05
test_13581,0.9972465
test_13582,0.99666446
test_13583,0.0030087023
test_13584,0.9889158
test_13585,0.99953353
test_13586,0.9999279
test_13587,0.03176407
test_13588,0.99141556
test_13589,0.9972193
test_13590,2.8561053e-05
test_13591,0.0013421541
test_13592,0.9907444
test_13593,0.9998221
test_13594,0.021854004
test_13595,0.009138547
test_13596,0.0073649087
test_13597,0.0037261243
test_13598,0.0011822477
test_13599,0.8208017
test_13600,0.013766647
test_13601,0.984768
test_13602,0.99989915
test_13603,0.99031734
test_13604,0.9985701
test_13605,0.27362257
test_13606,0.994145
test_13607,0.017996294
test_13608,0.002782565
test_13609,0.99937516
test_13610,0.9939521
test_13611,0.9967715
test_13612,0.9984189
test_13613,0.9080955
test_13614,0.99974626
test_13615,0.92493516
test_13616,0.0044294754
test_13617,0.998111
test_13618,0.0001828815
test_13619,0.9568529
test_13620,0.020250283
test_13621,0.93497145
test_13622,0.9999386
test_13623,0.0031109892
test_13624,0.0026735084
test_13625,0.62149984
test_13626,0.03630297
test_13627,0.00063894445
test_13628,0.1769326
test_13629,0.00096273073
test_13630,0.00018357334
test_13631,0.02166328
test_13632,0.9997284
test_13633,0.080825835
test_13634,0.99969006
test_13635,0.8991782
test_13636,0.99953794
test_13637,0.3701158
test_13638,0.99974173
test_13639,0.9896555
test_13640,0.43730834
test_13641,0.8882741
test_13642,0.5258806
test_13643,0.0013973254
test_13644,0.0031659985
test_13645,0.9998313
test_13646,0.9962205
test_13647,0.7729561
test_13648,0.11109411
test_13649,0.006695806
test_13650,0.0007592153
test_13651,0.20346875
test_13652,0.0007537295
test_13653,0.9997377
test_13654,0.00012868253
test_13655,0.0011692323
test_13656,0.0050027496
test_13657,0.07914746
test_13658,0.5299333
test_13659,0.96889037
test_13660,0.00049374456
test_13661,0.5222744
test_13662,0.8588899
test_13663,0.0005039287
test_13664,0.99961436
test_13665,0.046109714
test_13666,0.9981517
test_13667,0.0013501607
test_13668,0.0050299675
test_13669,0.9070778
test_13670,0.09844237
test_13671,0.65528494
test_13672,0.0008274446
test_13673,0.017054083
test_13674,0.21969149
test_13675,0.06658674
test_13676,0.2972016
test_13677,0.005615588
test_13678,0.0029394522
test_13679,0.00090365077
test_13680,0.001776854
test_13681,0.9995751
test_13682,0.7088606
test_13683,0.9995121
test_13684,0.0016602768
test_13685,0.9698402
test_13686,0.00089278823
test_13687,0.9972711
test_13688,0.9999291
test_13689,0.9995011
test_13690,0.0036539603
test_13691,0.99884343
test_13692,0.10967897
test_13693,0.0013882415
test_13694,0.001410343
test_13695,0.99714607
test_13696,0.99896896
test_13697,0.23165348
test_13698,0.9977435
test_13699,0.9949791
test_13700,0.9995844
test_13701,0.00020015864
test_13702,0.9998361
test_13703,0.03545735
test_13704,0.013185811
test_13705,0.99977165
test_13706,0.0028575107
test_13707,0.002348394
test_13708,0.000750991
test_13709,0.83446026
test_13710,0.40856278
test_13711,0.008892284
test_13712,0.9446931
test_13713,0.99194133
test_13714,0.00073685776
test_13715,0.1824588
test_13716,0.19794434
test_13717,0.98961556
test_13718,0.7036023
test_13719,0.77761996
test_13720,0.055177618
test_13721,0.94830215
test_13722,0.5919314
test_13723,0.08215947
test_13724,0.0016665885
test_13725,0.98472935
test_13726,0.001107494
test_13727,0.8116915
test_13728,2.086453e-05
test_13729,0.99699306
test_13730,0.014849935
test_13731,0.0034659933
test_13732,0.99911815
test_13733,0.9327216
test_13734,0.0014488354
test_13735,0.9999622
test_13736,0.9819179
test_13737,0.0017460852
test_13738,0.96556807
test_13739,0.99964046
test_13740,0.049364615
test_13741,0.06814122
test_13742,0.011843964
test_13743,0.0049015456
test_13744,0.36187497
test_13745,0.20296028
test_13746,0.08749292
test_13747,0.0023210526
test_13748,0.0023273916
test_13749,0.7297499
test_13750,0.0014120995
test_13751,0.9206731
test_13752,0.04110257
test_13753,0.9763357
test_13754,0.9996325
test_13755,0.006817572
test_13756,0.99963844
test_13757,0.6879192
test_13758,0.0004316451
test_13759,0.73261666
test_13760,0.0026467496
test_13761,0.004632661
test_13762,0.0017225236
test_13763,0.9999014
test_13764,0.99898773
test_13765,0.9911724
test_13766,0.00029849383
test_13767,0.52887726
test_13768,0.99752086
test_13769,0.99009657
test_13770,0.0030598233
test_13771,0.9753323
test_13772,0.002126108
test_13773,0.91882455
test_13774,0.000100196914
test_13775,0.0041223904
test_13776,0.997965
test_13777,0.77805656
test_13778,0.9922064
test_13779,0.6462187
test_13780,0.9965239
test_13781,0.011835959
test_13782,0.99423164
test_13783,0.025842756
test_13784,0.030670907
test_13785,0.99950814
test_13786,0.09182909
test_13787,0.98766756
test_13788,0.027083306
test_13789,0.4317575
test_13790,0.0051870453
test_13791,0.010285802
test_13792,0.97785175
test_13793,0.009765276
test_13794,0.004914291
test_13795,0.00013704995
test_13796,0.9982547
test_13797,0.9998952
test_13798,0.008392829
test_13799,0.019105833
test_13800,0.92021537
test_13801,0.99799746
test_13802,0.0047851223
test_13803,0.0003104018
test_13804,0.031604096
test_13805,0.020282302
test_13806,0.9947813
test_13807,0.0016287016
test_13808,0.9837218
test_13809,0.07890973
test_13810,0.99854577
test_13811,0.0021631278
test_13812,0.996385
test_13813,0.99989784
test_13814,0.0026737424
test_13815,0.98690283
test_13816,0.98352456
test_13817,0.969518
test_13818,0.0018620719
test_13819,0.73502
test_13820,0.9442347
test_13821,0.007990621
test_13822,0.024119487
test_13823,0.99830985
test_13824,0.0005535508
test_13825,0.024748823
test_13826,0.9996691
test_13827,0.99954957
test_13828,0.9915044
test_13829,0.998257
test_13830,0.008746012
test_13831,0.03927681
test_13832,0.9390653
test_13833,0.99927574
test_13834,0.11348589
test_13835,0.99465126
test_13836,0.9990145
test_13837,0.7821788
test_13838,0.03181726
test_13839,0.99926347
test_13840,0.9411037
test_13841,0.0001535378
test_13842,0.9597914
test_13843,0.121320784
test_13844,0.04595105
test_13845,0.9226315
test_13846,0.93990123
test_13847,0.0007628974
test_13848,0.9985013
test_13849,0.035995178
test_13850,0.6974176
test_13851,0.99566674
test_13852,0.13118298
test_13853,0.99024194
test_13854,0.82801723
test_13855,0.077698775
test_13856,0.01090835
test_13857,0.9815802
test_13858,0.9199767
test_13859,0.9139303
test_13860,0.0024386796
test_13861,0.99940133
test_13862,0.999892
test_13863,0.99425596
test_13864,0.031556614
test_13865,0.9998247
test_13866,0.0007477029
test_13867,0.10014962
test_13868,0.002558413
test_13869,0.67517406
test_13870,0.82004446
test_13871,0.0010681888
test_13872,0.052016847
test_13873,0.79115665
test_13874,0.9999237
test_13875,0.067244016
test_13876,0.99862874
test_13877,0.055952586
test_13878,0.9997625
test_13879,0.07116521
test_13880,0.95006764
test_13881,0.99988246
test_13882,0.0059177466
test_13883,0.99981457
test_13884,0.040937185
test_13885,0.010080346
test_13886,0.21867329
test_13887,0.68903
test_13888,0.9823537
test_13889,0.00517501
test_13890,0.013691003
test_13891,0.9968491
test_13892,0.99486333
test_13893,0.0041578906
test_13894,3.548637e-05
test_13895,0.004142823
test_13896,0.96747434
test_13897,0.00038803837
test_13898,0.99987566
test_13899,0.99967754
test_13900,0.99515593
test_13901,0.008254542
test_13902,0.0028211302
test_13903,0.97935987
test_13904,0.9968298
test_13905,0.0027692292
test_13906,0.9769347
test_13907,0.98488325
test_13908,0.000410848
test_13909,0.33450466
test_13910,0.9922193
test_13911,0.084872596
test_13912,0.9605283
test_13913,0.0016124463
test_13914,0.0006217388
test_13915,0.011623156
test_13916,0.78660476
test_13917,0.004135792
test_13918,0.005109168
test_13919,0.99261934
test_13920,0.04303038
test_13921,0.99608636
test_13922,0.96668774
test_13923,0.9999862
test_13924,0.99784744
test_13925,0.99992645
test_13926,0.96626806
test_13927,0.002377384
test_13928,0.99973804
test_13929,0.9812661
test_13930,0.99822134
test_13931,0.9900148
test_13932,0.9987312
test_13933,0.11089295
test_13934,0.016024305
test_13935,0.00074119715
test_13936,0.9635961
test_13937,0.9877935
test_13938,0.77435446
test_13939,0.9940393
test_13940,0.99855953
test_13941,0.014906888
test_13942,0.007429624
test_13943,0.9595556
test_13944,0.99985206
test_13945,0.0010513123
test_13946,0.06703908
test_13947,0.97546524
test_13948,0.00048354085
test_13949,0.006069457
test_13950,0.0023503776
test_13951,0.010429563
test_13952,0.8880848
test_13953,0.9921451
test_13954,0.986193
test_13955,0.99985015
test_13956,0.97316915
test_13957,0.024335444
test_13958,0.9993956
test_13959,0.0013631776
test_13960,0.9378947
test_13961,0.99926525
test_13962,0.7075394
test_13963,0.99547595
test_13964,0.9686845
test_13965,0.9721013
test_13966,0.00057981344
test_13967,0.99993384
test_13968,0.8838953
test_13969,0.0031127306
test_13970,0.016220957
test_13971,0.86575305
test_13972,0.041064095
test_13973,0.99643517
test_13974,0.9787062
test_13975,0.9982122
test_13976,0.96411496
test_13977,0.99937963
test_13978,0.9930722
test_13979,0.0069578993
test_13980,0.17775933
test_13981,0.00058982434
test_13982,0.18220533
test_13983,0.9972512
test_13984,0.0883741
test_13985,0.99979526
test_13986,0.06971691
test_13987,0.062677816
test_13988,0.9962792
test_13989,0.9998734
test_13990,0.9997249
test_13991,0.067981444
test_13992,0.98239756
test_13993,0.0033902922
test_13994,0.12844345
test_13995,0.9602797
test_13996,0.9991737
test_13997,0.01276677
test_13998,0.0007346768
test_13999,0.99989593
test_14000,0.00035527648
test_14001,0.022336118
test_14002,0.004116993
test_14003,0.930765
test_14004,0.9531072
test_14005,0.017761912
test_14006,0.9993181
test_14007,0.9999329
test_14008,0.99744886
test_14009,0.94778454
test_14010,0.0003991817
test_14011,0.9683769
test_14012,0.99897265
test_14013,0.9963252
test_14014,0.0009444386
test_14015,0.95634663
test_14016,0.9994117
test_14017,3.4738518e-05
test_14018,0.007616819
test_14019,0.99983764
test_14020,0.69315535
test_14021,0.0013409494
test_14022,0.9991947
test_14023,0.0012405071
test_14024,0.0011048254
test_14025,0.9949581
test_14026,0.043041345
test_14027,0.0006353505
test_14028,0.99849236
test_14029,0.00011728213
test_14030,0.99811435
test_14031,0.7295084
test_14032,0.008254979
test_14033,0.0009665199
test_14034,0.0028988651
test_14035,0.029874794
test_14036,0.0004753556
test_14037,0.033637792
test_14038,0.0049484624
test_14039,0.49481508
test_14040,0.18157397
test_14041,0.0026499224
test_14042,0.9993729
test_14043,0.62671775
test_14044,0.24985896
test_14045,0.12832607
test_14046,0.83470446
test_14047,0.93517095
test_14048,0.005800208
test_14049,0.030056853
test_14050,0.13897072
test_14051,0.0022266537
test_14052,0.63132286
test_14053,0.9999232
test_14054,0.86158323
test_14055,0.003310303
test_14056,0.0027996607
test_14057,0.9998528
test_14058,0.9977976
test_14059,0.9837045
test_14060,0.084006645
test_14061,0.99290353
test_14062,0.04280122
test_14063,0.00083993835
test_14064,0.98759115
test_14065,0.99292254
test_14066,0.023348024
test_14067,0.36483186
test_14068,0.993273
test_14069,0.009688628
test_14070,0.65999395
test_14071,0.029547233
test_14072,0.021254081
test_14073,0.012506307
test_14074,0.99858
test_14075,0.06216828
test_14076,0.00023578104
test_14077,0.996804
test_14078,0.98048085
test_14079,0.95082545
test_14080,0.9264441
test_14081,0.7168724
test_14082,0.41399175
test_14083,0.04223756
test_14084,0.9953902
test_14085,0.9982735
test_14086,0.0523728
test_14087,0.99998057
test_14088,0.99282724
test_14089,0.03341678
test_14090,0.04175795
test_14091,0.0016109493
test_14092,0.90450186
test_14093,0.3182517
test_14094,0.9901794
test_14095,0.9680047
test_14096,0.9921887
test_14097,0.9896265
test_14098,0.9959579
test_14099,0.071275085
test_14100,0.12553912
test_14101,0.9994671
test_14102,0.7116631
test_14103,0.27112576
test_14104,0.9868652
test_14105,0.00023013033
test_14106,0.99899524
test_14107,0.8351396
test_14108,0.034746777
test_14109,0.004014001
test_14110,0.0027975608
test_14111,0.9995572
test_14112,0.0027221425
test_14113,0.0007064429
test_14114,0.0024570194
test_14115,0.0010176135
test_14116,0.9992131
test_14117,0.9546235
test_14118,0.04963047
test_14119,0.99964654
test_14120,0.00130845
test_14121,0.0018246903
test_14122,0.91881305
test_14123,0.7149957
test_14124,7.7101984e-05
test_14125,0.9436581
test_14126,0.856132
test_14127,0.75023264
test_14128,0.030807752
test_14129,0.81904936
test_14130,0.0046336045
test_14131,0.0179782
test_14132,0.9942867
test_14133,0.027301835
test_14134,0.0012509963
test_14135,0.4626179
test_14136,0.049831744
test_14137,0.005400601
test_14138,0.2297049
test_14139,0.0115485815
test_14140,0.99901116
test_14141,0.7756979
test_14142,0.011565686
test_14143,0.23076077
test_14144,0.0032351485
test_14145,0.8585864
test_14146,0.9959266
test_14147,0.9978242
test_14148,0.014930863
test_14149,0.81490403
test_14150,0.010564535
test_14151,0.8243843
test_14152,0.9696333
test_14153,0.009415288
test_14154,0.88042015
test_14155,0.6795005
test_14156,0.0050270087
test_14157,0.0061541237
test_14158,0.99300015
test_14159,0.023210391
test_14160,0.02051722
test_14161,0.004366404
test_14162,0.99742895
test_14163,0.9999795
test_14164,0.0023803173
test_14165,0.99991465
test_14166,0.005374355
test_14167,0.86686105
test_14168,0.00022468207
test_14169,6.54702e-05
test_14170,0.9995516
test_14171,0.8523452
test_14172,0.059853926
test_14173,0.0012802997
test_14174,0.49681664
test_14175,0.99995327
test_14176,0.04763658
test_14177,0.00061185093
test_14178,0.0006603691
test_14179,0.9956797
test_14180,0.0026528488
test_14181,0.16218042
test_14182,0.028406613
test_14183,0.99505544
test_14184,0.11247161
test_14185,0.9975793
test_14186,0.011088191
test_14187,0.0015558582
test_14188,0.035145227
test_14189,0.00010816925
test_14190,0.9896701
test_14191,0.98245794
test_14192,0.9979463
test_14193,0.002677403
test_14194,0.18450744
test_14195,0.9993338
test_14196,0.9984251
test_14197,0.5537292
test_14198,0.7775646
test_14199,0.021262668
test_14200,0.008877865
test_14201,0.00072311296
test_14202,0.045152836
test_14203,0.32833037
test_14204,0.3337904
test_14205,0.993989
test_14206,0.88916606
test_14207,0.0016421409
test_14208,0.93995374
test_14209,0.027943395
test_14210,0.99931145
test_14211,0.00089066714
test_14212,0.9999155
test_14213,0.0003367659
test_14214,0.967599
test_14215,0.919253
test_14216,0.543734
test_14217,0.00015034691
test_14218,0.040305223
test_14219,0.89487314
test_14220,0.00060490886
test_14221,0.9966968
test_14222,0.011976785
test_14223,0.011879549
test_14224,0.017572263
test_14225,0.996846
test_14226,0.00013129332
test_14227,0.9997625
test_14228,0.0049724975
test_14229,0.99919826
test_14230,0.99964726
test_14231,0.0754923
test_14232,0.022400575
test_14233,0.99994195
test_14234,0.013821007
test_14235,0.00028141332
test_14236,0.0006159851
test_14237,0.9995726
test_14238,0.08140668
test_14239,0.97809154
test_14240,0.0020497446
test_14241,0.97957397
test_14242,0.021011723
test_14243,0.9995844
test_14244,0.945825
test_14245,0.95497376
test_14246,0.9999511
test_14247,0.99946326
test_14248,0.9984145
test_14249,0.0011727521
test_14250,0.99918836
test_14251,0.99141896
test_14252,0.94744265
test_14253,0.99988544
test_14254,0.99664223
test_14255,0.012464399
test_14256,0.013535823
test_14257,0.93714803
test_14258,0.001025359
test_14259,0.9986473
test_14260,0.011317109
test_14261,0.00041220273
test_14262,0.9597245
test_14263,0.23396987
test_14264,0.99835783
test_14265,0.005975584
test_14266,0.0027492717
test_14267,0.44319978
test_14268,0.012728459
test_14269,0.8647611
test_14270,0.0019755543
test_14271,0.0038311349
test_14272,0.95996326
test_14273,8.943449e-05
test_14274,0.99957246
test_14275,0.0014619018
test_14276,0.077441335
test_14277,0.009456269
test_14278,0.9939144
test_14279,0.9947996
test_14280,0.5346002
test_14281,0.9898779
test_14282,0.63519424
test_14283,0.0038490982
test_14284,0.99978584
test_14285,0.59091806
test_14286,0.99894756
test_14287,0.864454
test_14288,0.94530445
test_14289,0.9986368
test_14290,0.02931639
test_14291,0.99204856
test_14292,0.8812608
test_14293,0.9969085
test_14294,0.0048780143
test_14295,0.9995454
test_14296,0.99983144
test_14297,0.9386165
test_14298,0.9999248
test_14299,0.999841
test_14300,0.0046520154
test_14301,0.013245588
test_14302,0.0042822124
test_14303,0.98931295
test_14304,0.5692828
test_14305,0.07626207
test_14306,0.42882273
test_14307,0.99839765
test_14308,0.9994055
test_14309,0.1510305
test_14310,0.00040142424
test_14311,0.9940684
test_14312,0.9617347
test_14313,0.9986878
test_14314,0.99142706
test_14315,0.0012594501
test_14316,0.0014837286
test_14317,0.6905308
test_14318,0.013243462
test_14319,0.99881256
test_14320,0.26792035
test_14321,0.99857414
test_14322,0.99765563
test_14323,0.51639795
test_14324,0.6394212
test_14325,0.47385287
test_14326,0.0019385612
test_14327,0.0053565213
test_14328,0.99971145
test_14329,0.08295121
test_14330,0.0017327988
test_14331,0.19454943
test_14332,0.8606134
test_14333,0.042894483
test_14334,0.99997663
test_14335,0.9734152
test_14336,0.99740976
test_14337,0.0003793988
test_14338,0.021231355
test_14339,0.9981834
test_14340,0.68187237
test_14341,0.9987471
test_14342,0.2756116
test_14343,0.9998635
test_14344,0.014952942
test_14345,3.7995993e-05
test_14346,0.9949994
test_14347,0.9989644
test_14348,0.0016065486
test_14349,0.984185
test_14350,0.006625004
test_14351,0.0014773625
test_14352,0.0031897388
test_14353,0.9598207
test_14354,0.00068635854
test_14355,0.96127725
test_14356,0.9861255
test_14357,0.00026781022
test_14358,0.986971
test_14359,0.974644
test_14360,0.77926075
test_14361,0.0004754016
test_14362,0.97718924
test_14363,0.006925376
test_14364,0.9895788
test_14365,0.023334607
test_14366,0.9932915
test_14367,0.9191063
test_14368,0.540507
test_14369,0.98447126
test_14370,0.99797195
test_14371,0.59329116
test_14372,0.028317459
test_14373,0.2939068
test_14374,0.44037572
test_14375,0.056682352
test_14376,0.0002910891
test_14377,0.0009214986
test_14378,0.9842264
test_14379,0.007422489
test_14380,0.96061224
test_14381,0.17784779
test_14382,0.016715532
test_14383,0.9975752
test_14384,0.00010106486
test_14385,0.0074430867
test_14386,0.7555174
test_14387,0.7347209
test_14388,0.01299846
test_14389,0.04197288
test_14390,0.99984574
test_14391,0.9783021
test_14392,0.9923193
test_14393,0.012375944
test_14394,0.9999664
test_14395,0.904939
test_14396,0.98874784
test_14397,0.9951113
test_14398,0.99521095
test_14399,0.6209431
test_14400,0.98127925
test_14401,0.25375545
test_14402,1.586305e-05
test_14403,0.993964
test_14404,0.4401795
test_14405,0.9952237
test_14406,0.8409882
test_14407,0.36411974
test_14408,0.0112308
test_14409,0.9983027
test_14410,0.97077024
test_14411,0.0036990861
test_14412,0.99128366
test_14413,0.67937887
test_14414,0.0021857792
test_14415,0.8993743
test_14416,0.99957806
test_14417,0.0021686463
test_14418,0.006048216
test_14419,0.0005363142
test_14420,0.0075449375
test_14421,0.9992853
test_14422,0.23523062
test_14423,0.0047846995
test_14424,0.013580956
test_14425,0.065761365
test_14426,0.0004372258
test_14427,0.9962496
test_14428,0.00039681175
test_14429,0.9944734
test_14430,0.0015859788
test_14431,0.9917754
test_14432,0.00484366
test_14433,0.99894243
test_14434,0.999376
test_14435,0.06289176
test_14436,0.5139836
test_14437,0.95816946
test_14438,0.9864145
test_14439,0.0062424126
test_14440,0.00813598
test_14441,0.99727887
test_14442,4.371415e-05
test_14443,0.963971
test_14444,0.9148075
test_14445,0.00077082374
test_14446,0.005909831
test_14447,0.9977003
test_14448,0.0030517715
test_14449,0.03734743
test_14450,0.6846909
test_14451,0.9250849
test_14452,0.0017545841
test_14453,0.08945163
test_14454,0.0002507269
test_14455,0.8416655
test_14456,0.908151
test_14457,0.050234973
test_14458,0.99985373
test_14459,0.0018959722
test_14460,0.00072147755
test_14461,0.0017551708
test_14462,0.99690884
test_14463,0.69320416
test_14464,0.99873966
test_14465,0.99654657
test_14466,0.99752456
test_14467,0.0041886433
test_14468,0.6210315
test_14469,0.025990134
test_14470,0.97939324
test_14471,0.0022268032
test_14472,0.011704538
test_14473,0.21244122
test_14474,0.6855037
test_14475,0.97329223
test_14476,0.99965715
test_14477,0.9945358
test_14478,0.99857724
test_14479,0.21958365
test_14480,0.97067505
test_14481,0.10440857
test_14482,0.9860247
test_14483,0.16511561
test_14484,0.9994246
test_14485,0.738593
test_14486,2.7840237e-05
test_14487,0.82615453
test_14488,0.9984865
test_14489,0.017438872
test_14490,0.013601425
test_14491,0.9998443
test_14492,0.49710327
test_14493,0.09253667
test_14494,0.13071954
test_14495,0.0007238421
test_14496,0.008442888
test_14497,0.99429363
test_14498,0.99680126
test_14499,0.020110773
test_14500,0.048194375
test_14501,0.0038197376
test_14502,0.9998118
test_14503,0.9711648
test_14504,0.0002156813
test_14505,0.0006057641
test_14506,0.00090919284
test_14507,0.9173698
test_14508,0.04456589
test_14509,0.0007436809
test_14510,0.96237564
test_14511,0.9973416
test_14512,0.99903476
test_14513,0.0010501596
test_14514,0.000322897
test_14515,0.012710034
test_14516,0.9999933
test_14517,0.002656303
test_14518,0.92314273
test_14519,0.55986726
test_14520,0.0009847784
test_14521,0.99310803
test_14522,0.0006550536
test_14523,0.9996644
test_14524,0.9988028
test_14525,0.9951749
test_14526,0.00032463105
test_14527,0.3688455
test_14528,0.997926
test_14529,0.08668322
test_14530,0.8902486
test_14531,0.9797656
test_14532,0.13868234
test_14533,0.028279023
test_14534,0.9758733
test_14535,0.0043031927
test_14536,0.9988399
test_14537,0.005943959
test_14538,0.27412388
test_14539,0.0010219339
test_14540,0.9061057
test_14541,0.0023403275
test_14542,0.99819595
test_14543,0.0007972369
test_14544,0.0035468945
test_14545,0.97029614
test_14546,0.6486773
test_14547,0.97355384
test_14548,0.0007196996
test_14549,0.006390421
test_14550,0.9995609
test_14551,0.18542382
test_14552,0.5312322
test_14553,0.99997044
test_14554,0.0010173992
test_14555,0.026187489
test_14556,0.54321915
test_14557,0.9987717
test_14558,0.067779206
test_14559,0.0077682985
test_14560,0.0012526112
test_14561,0.99952483
test_14562,0.99933773
test_14563,0.9985845
test_14564,0.00025209153
test_14565,0.99302316
test_14566,0.33029005
test_14567,0.9996196
test_14568,0.99959236
test_14569,0.12334808
test_14570,0.99919146
test_14571,0.023499766
test_14572,0.41193274
test_14573,0.99959797
test_14574,0.99177754
test_14575,0.001084196
test_14576,0.86386126
test_14577,0.9990671
test_14578,0.0015573204
test_14579,0.0007553312
test_14580,0.3841804
test_14581,0.99978286
test_14582,0.99727976
test_14583,0.99589586
test_14584,0.93574053
test_14585,0.693919
test_14586,0.00023300295
test_14587,0.032276243
test_14588,0.9972801
test_14589,0.007721865
test_14590,0.9995247
test_14591,0.9998548
test_14592,0.55997574
test_14593,0.9641154
test_14594,0.9950494
test_14595,0.984162
test_14596,0.0021334225
test_14597,0.46018827
test_14598,0.018207679
test_14599,0.98744535
test_14600,0.99997056
test_14601,0.9967776
test_14602,0.84525913
test_14603,0.5369076
test_14604,0.5135924
test_14605,0.012091377
test_14606,0.80268437
test_14607,0.0011588014
test_14608,0.9993618
test_14609,0.98595965
test_14610,0.037593685
test_14611,0.055532694
test_14612,0.0008289329
test_14613,0.97360444
test_14614,0.9997056
test_14615,0.6708981
test_14616,0.6079664
test_14617,0.9999541
test_14618,0.99997795
test_14619,0.99599046
test_14620,0.9653857
test_14621,0.99303895
test_14622,0.9996786
test_14623,0.99404377
test_14624,0.9958151
test_14625,0.9335568
test_14626,0.855696
test_14627,0.99239904
test_14628,0.27405217
test_14629,0.99513113
test_14630,0.010203423
test_14631,0.000408635
test_14632,0.030315716
test_14633,0.99278355
test_14634,0.012352663
test_14635,0.9702791
test_14636,0.007937142
test_14637,0.00042124506
test_14638,0.9830738
test_14639,0.0011198006
test_14640,0.025961198
test_14641,0.00063495943
test_14642,0.0016546461
test_14643,0.98969495
test_14644,0.10784691
test_14645,0.45675614
test_14646,0.23674215
test_14647,0.04082711
test_14648,0.0115168635
test_14649,0.9944266
test_14650,0.9978467
test_14651,0.9749571
test_14652,0.010445372
test_14653,0.99710923
test_14654,0.0014045681
test_14655,0.0808738
test_14656,0.0063440986
test_14657,0.9976433
test_14658,0.011635714
test_14659,0.9958467
test_14660,0.00024565248
test_14661,0.049886927
test_14662,0.9983443
test_14663,0.977475
test_14664,0.99929214
test_14665,0.0010054475
test_14666,0.9999541
test_14667,0.83670247
test_14668,0.953874
test_14669,0.00019325517
test_14670,0.99856085
test_14671,0.006904921
test_14672,0.6933528
test_14673,0.98023224
test_14674,0.90514666
test_14675,0.98340076
test_14676,0.95753217
test_14677,2.5446398e-05
test_14678,0.63722974
test_14679,0.998111
test_14680,0.012242803
test_14681,0.99711585
test_14682,0.99613285
test_14683,0.0030631563
test_14684,0.99896467
test_14685,0.8688888
test_14686,0.4035045
test_14687,0.0021686256
test_14688,0.9862048
test_14689,0.0040071616
test_14690,0.9989022
test_14691,0.96975136
test_14692,0.018862098
test_14693,0.90692645
test_14694,0.21000579
test_14695,0.9929656
test_14696,0.99994767
test_14697,0.0015747203
test_14698,0.890904
test_14699,0.9835464
test_14700,0.9990834
test_14701,0.024215786
test_14702,0.9998148
test_14703,0.012952128
test_14704,0.9999857
test_14705,0.056901455
test_14706,0.15222083
test_14707,0.0006441692
test_14708,0.046697132
test_14709,0.99940217
test_14710,0.9999199
test_14711,0.005370709
test_14712,0.0039020942
test_14713,0.99999225
test_14714,0.93869245
test_14715,0.5668541
test_14716,0.97767305
test_14717,0.6157571
test_14718,0.05593404
test_14719,0.16519824
test_14720,0.99498993
test_14721,0.9980673
test_14722,0.9904535
test_14723,0.9987619
test_14724,0.822633
test_14725,0.934384
test_14726,0.9995227
test_14727,0.88364714
test_14728,0.0020955969
test_14729,0.16121739
test_14730,0.8921875
test_14731,0.9996855
test_14732,0.94412845
test_14733,0.96619093
test_14734,0.0006719704
test_14735,0.9997749
test_14736,0.9994886
test_14737,0.94493324
test_14738,0.00027482622
test_14739,0.9646158
test_14740,0.9999931
test_14741,0.00057461334
test_14742,0.0010787104
test_14743,0.99997723
test_14744,0.9986646
test_14745,0.99692816
test_14746,0.94730794
test_14747,0.97984767
test_14748,3.0387142e-05
test_14749,0.8843707
test_14750,0.007749815
test_14751,0.011095643
test_14752,0.00037305566
test_14753,0.029394226
test_14754,0.9977871
test_14755,0.0403187
test_14756,0.96466273
test_14757,0.99711907
test_14758,0.9899586
test_14759,7.5261414e-05
test_14760,0.31172255
test_14761,0.71893233
test_14762,0.0015054188
test_14763,0.098905906
test_14764,0.9998876
test_14765,6.93602e-05
test_14766,0.9990645
test_14767,0.99988997
test_14768,0.9992974
test_14769,0.9925234
test_14770,0.9932355
test_14771,0.99894434
test_14772,0.16555901
test_14773,0.011075508
test_14774,0.9904461
test_14775,0.0003808075
test_14776,0.73493147
test_14777,0.97613657
test_14778,0.9908069
test_14779,0.024384497
test_14780,0.9991079
test_14781,0.013893016
test_14782,0.68876344
test_14783,0.0012304814
test_14784,0.6962429
test_14785,0.80478746
test_14786,0.0030817827
test_14787,0.012274126
test_14788,0.9975079
test_14789,0.19004849
test_14790,0.23335798
test_14791,0.978962
test_14792,0.9550835
test_14793,0.9949679
test_14794,0.0022262195
test_14795,0.9738331
test_14796,0.99571073
test_14797,0.98420745
test_14798,0.99870193
test_14799,0.03355739
test_14800,0.098726906
test_14801,0.0025084314
test_14802,0.061609965
test_14803,0.80368173
test_14804,0.001638232
test_14805,0.01464558
test_14806,0.001954302
test_14807,0.00067427766
test_14808,0.9386415
test_14809,0.99970067
test_14810,0.11863303
test_14811,0.0020907004
test_14812,0.9781532
test_14813,0.9985977
test_14814,0.9954514
test_14815,0.99923146
test_14816,0.022478232
test_14817,0.73162305
test_14818,0.04529736
test_14819,0.99885464
test_14820,6.467023e-05
test_14821,0.0071432185
test_14822,0.99984956
test_14823,0.0005454732
test_14824,0.7914728
test_14825,0.12904838
test_14826,0.86686265
test_14827,0.9958093
test_14828,0.00037314816
test_14829,0.99244213
test_14830,0.3980917
test_14831,0.9986492
test_14832,0.0031927072
test_14833,0.0076766233
test_14834,0.9056168
test_14835,0.00016455473
test_14836,0.97079974
test_14837,0.012001406
test_14838,0.000493189
test_14839,0.16714841
test_14840,0.0026935698
test_14841,0.992388
test_14842,0.99921954
test_14843,0.003350592
test_14844,0.7799321
test_14845,0.9908749
test_14846,0.99991107
test_14847,0.99996114
test_14848,0.9998975
test_14849,0.99972075
test_14850,0.01700811
test_14851,0.9987814
test_14852,0.0014234212
test_14853,0.014541427
test_14854,0.01916398
test_14855,0.9899102
test_14856,0.04682821
test_14857,0.9956541
test_14858,0.95818603
test_14859,0.8776624
test_14860,0.9984536
test_14861,0.6716569
test_14862,0.9961732
test_14863,0.55240643
test_14864,0.002025954
test_14865,0.987344
test_14866,0.007614692
test_14867,0.00014961397
test_14868,0.00095241185
test_14869,0.9980141
test_14870,0.019209726
test_14871,0.99439394
test_14872,0.9573503
test_14873,0.1421494
test_14874,0.08114396
test_14875,0.91956013
test_14876,0.06122986
test_14877,0.0017752605
test_14878,0.99979264
test_14879,0.65534586
test_14880,0.99244106
test_14881,0.0024555263
test_14882,0.001961303
test_14883,0.86111766
test_14884,0.1517607
test_14885,0.7834852
test_14886,0.00026533322
test_14887,0.9181692
test_14888,0.9978123
test_14889,0.03774558
test_14890,0.12132575
test_14891,0.98840314
test_14892,0.0085299825
test_14893,0.0138199795
test_14894,0.82302666
test_14895,0.9485547
test_14896,0.029201139
test_14897,0.021124724
test_14898,0.9975362
test_14899,0.0029827948
test_14900,0.026290093
test_14901,0.12934451
test_14902,0.001320577
test_14903,0.9962716
test_14904,0.6459677
test_14905,0.9993507
test_14906,0.9999062
test_14907,0.017832462
test_14908,0.0016535084
test_14909,0.0006293242
test_14910,0.07729641
test_14911,0.9988871
test_14912,0.99950945
test_14913,0.9999094
test_14914,0.78448635
test_14915,0.050000552
test_14916,0.98845565
test_14917,0.99725324
test_14918,0.06110671
test_14919,0.0051034903
test_14920,0.03320818
test_14921,0.003569576
test_14922,3.5179713e-05
test_14923,0.0005836589
test_14924,0.9879754
test_14925,0.99960786
test_14926,0.042890936
test_14927,0.0067874338
test_14928,0.99919933
test_14929,0.0039692186
test_14930,0.0007400587
test_14931,0.9998523
test_14932,0.058531206
test_14933,0.061217315
test_14934,0.09926813
test_14935,0.0050117155
test_14936,0.97179866
test_14937,0.89704835
test_14938,0.72079325
test_14939,0.004730055
test_14940,0.01943679
test_14941,0.9977452
test_14942,0.9991241
test_14943,0.061899308
test_14944,0.36836344
test_14945,0.0016802839
test_14946,0.10893732
test_14947,0.9969483
test_14948,0.9929542
test_14949,0.5555022
test_14950,0.99739397
test_14951,0.004882979
test_14952,0.54189396
test_14953,0.9999776
test_14954,0.0056656273
test_14955,0.019465132
test_14956,0.2407571
test_14957,0.95352376
test_14958,0.0033412075
test_14959,0.008795938
test_14960,0.35857666
test_14961,0.99813336
test_14962,0.97393066
test_14963,0.58382714
test_14964,0.021693837
test_14965,0.9991955
test_14966,0.9703701
test_14967,0.018960273
test_14968,0.0020736083
test_14969,0.003688387
test_14970,0.00069109054
test_14971,0.010572883
test_14972,0.9847621
test_14973,0.62661004
test_14974,0.9979971
test_14975,0.99889106
test_14976,0.014141056
test_14977,0.0032114568
test_14978,0.17337273
test_14979,0.00038999517
test_14980,0.99475586
test_14981,0.9940035
test_14982,0.674639
test_14983,0.9301193
test_14984,0.0075732083
test_14985,0.49629685
test_14986,0.9981255
test_14987,5.323403e-06
test_14988,0.2285408
test_14989,0.99693763
test_14990,0.0041980436
test_14991,0.9976661
test_14992,0.99705064
test_14993,0.9992481
test_14994,0.7080995
test_14995,0.45376253
test_14996,0.9959668
test_14997,0.0002533348
test_14998,0.99207723
test_14999,0.99980325
test_15000,0.9839319
test_15001,0.8814802
test_15002,0.0036403197
test_15003,0.009849237
test_15004,0.20558709
test_15005,0.013749263
test_15006,0.0009099576
test_15007,0.011703804
test_15008,0.9952553
test_15009,0.0041701356
test_15010,0.0009199687
test_15011,0.004392981
test_15012,0.0039787935
test_15013,0.9898045
test_15014,0.891731
test_15015,0.402972
test_15016,0.040127527
test_15017,0.14460604
test_15018,0.9905483
test_15019,0.04694976
test_15020,0.9874071
test_15021,0.6315704
test_15022,0.0027884978
test_15023,0.9963799
test_15024,0.9989722
test_15025,0.012955547
test_15026,0.006953759
test_15027,0.0005109371
test_15028,0.04549361
test_15029,0.9832417
test_15030,0.017891888
test_15031,4.3365166e-05
test_15032,0.0009616421
test_15033,0.011894907
test_15034,0.9993318
test_15035,0.8580979
test_15036,0.0195233
test_15037,0.017618777
test_15038,0.9849829
test_15039,0.01285476
test_15040,0.98033065
test_15041,0.0016607661
test_15042,0.9989806
test_15043,0.00038756628
test_15044,0.994934
test_15045,0.04569388
test_15046,0.000696367
test_15047,0.99899536
test_15048,0.996618
test_15049,0.9980117
test_15050,0.99814725
test_15051,0.9994854
test_15052,0.8808341
test_15053,0.0011330962
test_15054,0.00959433
test_15055,0.0022873017
test_15056,0.9421887
test_15057,0.97016925
test_15058,0.7646268
test_15059,0.99995923
test_15060,0.26285627
test_15061,0.99773574
test_15062,0.97908014
test_15063,0.9985374
test_15064,0.00081272674
test_15065,0.9915451
test_15066,0.0027887286
test_15067,0.9026048
test_15068,0.14208756
test_15069,0.0017132562
test_15070,0.9069994
test_15071,0.5263408
test_15072,0.9998534
test_15073,0.0003150399
test_15074,0.0016208445
test_15075,0.0006249725
test_15076,0.8745331
test_15077,0.94081855
test_15078,0.00092226535
test_15079,0.3567878
test_15080,0.11738492
test_15081,0.76757115
test_15082,0.9853762
test_15083,0.99810165
test_15084,0.956422
test_15085,0.9915665
test_15086,3.1730935e-05
test_15087,0.9064326
test_15088,0.9083808
test_15089,8.335681e-05
test_15090,0.002268205
test_15091,0.99945647
test_15092,0.99804974
test_15093,0.013112007
test_15094,0.96167946
test_15095,0.2643332
test_15096,0.0016000811
test_15097,0.9998635
test_15098,0.011549245
test_15099,0.9936241
test_15100,0.9878115
test_15101,5.077838e-05
test_15102,0.997331
test_15103,0.035976797
test_15104,0.9897522
test_15105,0.8439976
test_15106,0.9515789
test_15107,0.10508856
test_15108,0.0033207845
test_15109,0.57394946
test_15110,0.99858737
test_15111,0.9914381
test_15112,0.9376628
test_15113,0.73954314
test_15114,0.9989229
test_15115,0.99960524
test_15116,0.9975032
test_15117,0.10186151
test_15118,0.3526659
test_15119,0.00043227302
test_15120,0.005552976
test_15121,0.002244813
test_15122,0.04741732
test_15123,0.06267546
test_15124,0.021609621
test_15125,0.86012024
test_15126,0.0009470504
test_15127,0.97894067
test_15128,0.055057835
test_15129,0.0010280827
test_15130,0.00047815643
test_15131,0.39419642
test_15132,0.043497577
test_15133,0.99553066
test_15134,0.99886477
test_15135,0.9999875
test_15136,0.9996842
test_15137,0.4123098
test_15138,0.9961254
test_15139,0.002995979
test_15140,0.00010167122
test_15141,0.9999865
test_15142,0.9989661
test_15143,0.008403356
test_15144,2.0222513e-05
test_15145,0.9981723
test_15146,0.9757514
test_15147,0.0034166183
test_15148,0.045125008
test_15149,0.0509267
test_15150,0.060395416
test_15151,0.9651237
test_15152,0.0095796455
test_15153,0.0005190857
test_15154,0.999302
test_15155,0.051357217
test_15156,0.611762
test_15157,0.5529535
test_15158,0.0051738434
test_15159,0.011595515
test_15160,0.9771115
test_15161,0.99995124
test_15162,0.9500768
test_15163,0.004473425
test_15164,0.9937332
test_15165,0.00026307473
test_15166,0.008240547
test_15167,0.51265144
test_15168,0.25557515
test_15169,0.009592013
test_15170,0.032337222
test_15171,0.9978333
test_15172,0.008137227
test_15173,0.03804858
test_15174,0.009146192
test_15175,0.81341255
test_15176,0.97491586
test_15177,0.4834747
test_15178,8.749123e-05
test_15179,0.32762435
test_15180,0.9915165
test_15181,0.0016017046
test_15182,0.5613739
test_15183,0.00028045767
test_15184,0.99965537
test_15185,0.99831676
test_15186,0.9488064
test_15187,0.7472908
test_15188,0.9999912
test_15189,0.93371856
test_15190,0.0010379357
test_15191,0.011566934
test_15192,0.0012327232
test_15193,0.048085995
test_15194,0.048371773
test_15195,0.0049771904
test_15196,0.014965716
test_15197,0.9883758
test_15198,0.0084239915
test_15199,0.009714328
test_15200,0.002970726
test_15201,0.9792517
test_15202,0.9683773
test_15203,0.008040243
test_15204,0.94795966
test_15205,0.9879177
test_15206,0.9998785
test_15207,0.87913907
test_15208,0.0005998657
test_15209,0.00023574619
test_15210,0.0027899246
test_15211,0.021753822
test_15212,0.0009831252
test_15213,0.99978775
test_15214,0.96132815
test_15215,0.9975037
test_15216,0.9915793
test_15217,0.24428004
test_15218,0.9999138
test_15219,0.99995816
test_15220,0.013606575
test_15221,0.00025156452
test_15222,0.9970721
test_15223,0.017965578
test_15224,0.21412902
test_15225,0.007773306
test_15226,0.0003062393
test_15227,0.0014008272
test_15228,0.9980142
test_15229,0.02227041
test_15230,0.9924616
test_15231,0.9999291
test_15232,0.001022063
test_15233,0.058674272
test_15234,0.78477496
test_15235,0.00096494646
test_15236,0.9971922
test_15237,0.0055267042
test_15238,0.995978
test_15239,0.525898
test_15240,0.9992204
test_15241,0.16600096
test_15242,0.0036357483
test_15243,0.014379807
test_15244,0.021478428
test_15245,0.9858868
test_15246,0.22576988
test_15247,0.99608386
test_15248,0.94674826
test_15249,0.69604784
test_15250,0.9532182
test_15251,0.99973243
test_15252,0.93625396
test_15253,0.98655164
test_15254,0.0005859609
test_15255,0.0013321585
test_15256,0.0002711634
test_15257,0.9141209
test_15258,0.00052560936
test_15259,0.0044607883
test_15260,0.9852887
test_15261,0.9348056
test_15262,0.99991655
test_15263,0.996357
test_15264,0.008816783
test_15265,0.90836567
test_15266,0.98724014
test_15267,0.03008283
test_15268,0.00735198
test_15269,0.98858005
test_15270,0.99992764
test_15271,0.01387533
test_15272,0.98477805
test_15273,0.91227186
test_15274,0.07984453
test_15275,0.016813923
test_15276,0.7440129
test_15277,0.00408525
test_15278,0.99974495
test_15279,0.98721933
test_15280,0.9984049
test_15281,0.0149386125
test_15282,0.9995851
test_15283,0.9996768
test_15284,0.13149466
test_15285,0.008077485
test_15286,0.9770981
test_15287,0.95109665
test_15288,0.104341105
test_15289,0.055414606
test_15290,0.9877315
test_15291,0.04348516
test_15292,0.02202922
test_15293,0.007205352
test_15294,0.98537433
test_15295,0.48749435
test_15296,0.9997601
test_15297,0.980928
test_15298,0.0005762436
test_15299,0.029858593
test_15300,0.020440806
test_15301,0.0019166187
test_15302,0.002541191
test_15303,0.88350713
test_15304,0.73748434
test_15305,0.998319
test_15306,0.8266382
test_15307,0.83764005
test_15308,0.045847837
test_15309,0.99971277
test_15310,0.0005131141
test_15311,0.0013891185
test_15312,0.0038781676
test_15313,0.21228306
test_15314,0.16952251
test_15315,0.565628
test_15316,0.9871422
test_15317,0.14390732
test_15318,0.00032071996
test_15319,8.835801e-05
test_15320,0.30307508
test_15321,0.999209
test_15322,0.05048668
test_15323,0.87165433
test_15324,0.7753423
test_15325,0.9999182
test_15326,0.38462922
test_15327,0.9810321
test_15328,0.19915892
test_15329,0.99894947
test_15330,0.02611122
test_15331,0.99645066
test_15332,0.97951335
test_15333,0.005681989
test_15334,0.7533736
test_15335,0.002240848
test_15336,0.51990265
test_15337,0.99807787
test_15338,0.0002786288
test_15339,0.2691976
test_15340,0.9931767
test_15341,0.9503703
test_15342,0.006254766
test_15343,0.000352382
test_15344,0.9991999
test_15345,0.9780278
test_15346,0.0005679176
test_15347,0.96944404
test_15348,0.0154051855
test_15349,0.99511886
test_15350,0.0009706602
test_15351,0.00726153
test_15352,0.061335657
test_15353,0.9436098
test_15354,0.93559164
test_15355,0.98996186
test_15356,0.025392856
test_15357,0.0016237391
test_15358,0.2567947
test_15359,0.99789125
test_15360,0.999236
test_15361,0.9223736
test_15362,0.013296997
test_15363,0.83618677
test_15364,0.99537104
test_15365,0.014118551
test_15366,0.3347752
test_15367,0.99884987
test_15368,0.8824038
test_15369,0.99874854
test_15370,0.010565707
test_15371,0.17746843
test_15372,8.35655e-05
test_15373,0.10912648
test_15374,0.63519996
test_15375,0.22029482
test_15376,0.97977155
test_15377,0.9900713
test_15378,0.99978906
test_15379,0.99894327
test_15380,0.9797181
test_15381,0.9992654
test_15382,0.01686734
test_15383,0.00027123737
test_15384,0.20061766
test_15385,0.5299771
test_15386,0.9460341
test_15387,0.9996445
test_15388,0.9999397
test_15389,0.9772185
test_15390,0.014340097
test_15391,0.9999219
test_15392,0.18366262
test_15393,0.68275446
test_15394,0.0071271085
test_15395,0.9961449
test_15396,0.025131993
test_15397,0.99440104
test_15398,0.9984332
test_15399,0.26810607
test_15400,0.68184495
test_15401,0.00095881015
test_15402,0.9835316
test_15403,0.009927374
test_15404,0.0067041907
test_15405,0.9566506
test_15406,0.19944622
test_15407,0.9996265
test_15408,0.21240889
test_15409,0.7955816
test_15410,0.9915843
test_15411,0.85772413
test_15412,0.99881184
test_15413,0.99978095
test_15414,0.999977
test_15415,0.99429363
test_15416,0.1754145
test_15417,0.93966925
test_15418,0.9933776
test_15419,0.97245747
test_15420,0.9971003
test_15421,0.6587815
test_15422,0.017484859
test_15423,0.6960714
test_15424,0.9999305
test_15425,0.9999318
test_15426,0.61185884
test_15427,0.99597114
test_15428,0.9970061
test_15429,0.9997769
test_15430,0.98159826
test_15431,0.9994987
test_15432,0.0009098809
test_15433,0.060133185
test_15434,0.98462546
test_15435,0.9992872
test_15436,0.00044569568
test_15437,0.99856395
test_15438,0.02651679
test_15439,0.99916124
test_15440,0.047100533
test_15441,0.99976045
test_15442,0.0013421235
test_15443,0.004868732
test_15444,6.8611575e-06
test_15445,0.89600515
test_15446,0.96084464
test_15447,0.0016649044
test_15448,0.99955946
test_15449,0.011082968
test_15450,0.99476635
test_15451,0.005533349
test_15452,0.9171078
test_15453,0.70564795
test_15454,0.16704045
test_15455,0.99917966
test_15456,0.80674195
test_15457,0.015734239
test_15458,0.09093167
test_15459,0.11421869
test_15460,0.9602449
test_15461,0.929712
test_15462,0.97397274
test_15463,0.0002807399
test_15464,2.4372257e-05
test_15465,0.9974529
test_15466,0.99661875
test_15467,0.6532017
test_15468,0.97869295
test_15469,0.0013251145
test_15470,0.3538482
test_15471,0.02619825
test_15472,0.0009003326
test_15473,0.7123174
test_15474,0.00011893124
test_15475,0.05778202
test_15476,0.019323276
test_15477,0.98598355
test_15478,0.99990165
test_15479,0.94937205
test_15480,0.563916
test_15481,0.9999409
test_15482,0.0099821
test_15483,0.924504
test_15484,0.016729338
test_15485,0.8714855
test_15486,0.92531073
test_15487,0.031823296
test_15488,0.3121428
test_15489,0.0012146982
test_15490,0.00065790914
test_15491,0.0013839008
test_15492,0.96870226
test_15493,0.0011518302
test_15494,0.9280907
test_15495,0.11306811
test_15496,0.010024222
test_15497,0.7778063
test_15498,0.8773979
test_15499,0.9988354
test_15500,0.002053199
test_15501,0.9968086
test_15502,0.9878855
test_15503,0.9999211
test_15504,0.87573373
test_15505,0.93678385
test_15506,0.9970612
test_15507,9.274974e-05
test_15508,0.9944786
test_15509,0.0070287213
test_15510,0.0034438104
test_15511,0.9985007
test_15512,0.0012569107
test_15513,0.50293183
test_15514,0.99976915
test_15515,0.8429539
test_15516,0.41474953
test_15517,0.005945044
test_15518,0.0011693961
test_15519,0.9997409
test_15520,0.00069551106
test_15521,0.99085367
test_15522,0.8802117
test_15523,0.000969111
test_15524,0.0049239523
test_15525,0.0004711391
test_15526,0.99790925
test_15527,0.9996581
test_15528,0.13508964
test_15529,0.031454343
test_15530,0.9392848
test_15531,0.056623083
test_15532,0.00056847755
test_15533,0.002342185
test_15534,0.020602759
test_15535,0.00074228
test_15536,0.0004072102
test_15537,0.9934449
test_15538,0.8591337
test_15539,0.019391824
test_15540,0.010977466
test_15541,0.9998036
test_15542,0.030564142
test_15543,0.2628134
test_15544,0.9952337
test_15545,0.1679349
test_15546,0.02808764
test_15547,0.0005377429
test_15548,0.002942376
test_15549,0.06264278
test_15550,0.78218436
test_15551,0.0010653889
test_15552,0.0011267511
test_15553,0.9423238
test_15554,0.05186013
test_15555,0.5505674
test_15556,0.9710498
test_15557,0.0003369528
test_15558,0.00084829004
test_15559,0.012991096
test_15560,0.99563247
test_15561,0.9996687
test_15562,0.99969375
test_15563,0.99991786
test_15564,0.004855749
test_15565,0.032405023
test_15566,0.96396226
test_15567,0.0024677224
test_15568,0.99949646
test_15569,0.0012103072
test_15570,0.99828845
test_15571,0.39348215
test_15572,0.00038819117
test_15573,0.999752
test_15574,0.9827588
test_15575,0.024596425
test_15576,0.9880399
test_15577,0.9450115
test_15578,0.99175245
test_15579,0.4452238
test_15580,0.9997068
test_15581,0.006838339
test_15582,0.95079637
test_15583,0.050673172
test_15584,0.00034605688
test_15585,0.9984805
test_15586,0.99581146
test_15587,0.4838663
test_15588,0.99133074
test_15589,0.99121994
test_15590,0.00034892844
test_15591,0.07019192
test_15592,0.9660388
test_15593,0.99988496
test_15594,0.16047624
test_15595,0.026745891
test_15596,0.99710745
test_15597,0.9883894
test_15598,0.5778738
test_15599,0.061875347
test_15600,0.45479015
test_15601,0.9978017
test_15602,0.00039825088
test_15603,0.004210271
test_15604,0.3970245
test_15605,0.010214245
test_15606,0.50023466
test_15607,0.9294975
test_15608,0.13356663
test_15609,0.99905723
test_15610,0.9199155
test_15611,0.9735773
test_15612,0.9968791
test_15613,0.99594206
test_15614,0.50009584
test_15615,0.08552104
test_15616,0.0056336215
test_15617,0.82469195
test_15618,0.159076
test_15619,0.9998987
test_15620,0.0062744226
test_15621,0.9981623
test_15622,0.00043684087
test_15623,0.66613126
test_15624,0.005972953
test_15625,0.0021937368
test_15626,0.961307
test_15627,0.99988866
test_15628,0.60869056
test_15629,0.004741589
test_15630,0.0049331803
test_15631,0.9954726
test_15632,0.43452996
test_15633,0.809442
test_15634,7.047342e-05
test_15635,0.0016601589
test_15636,0.99991393
test_15637,0.9995111
test_15638,0.997489
test_15639,0.09019464
test_15640,0.9988445
test_15641,0.96747345
test_15642,0.9918656
test_15643,0.9990495
test_15644,0.010123591
test_15645,0.9928
test_15646,0.9998022
test_15647,0.00028032347
test_15648,0.55764216
test_15649,0.008609835
test_15650,0.97669774
test_15651,0.0008950824
test_15652,0.99842644
test_15653,0.0058236136
test_15654,0.99673694
test_15655,0.6183257
test_15656,0.7952629
test_15657,0.26505536
test_15658,0.48133913
test_15659,0.03964253
test_15660,0.51735723
test_15661,0.001988623
test_15662,0.39718172
test_15663,0.99701345
test_15664,0.00014808438
test_15665,0.99980766
test_15666,0.99132067
test_15667,0.0030056187
test_15668,0.9939272
test_15669,0.99817467
test_15670,0.06403347
test_15671,0.98172563
test_15672,0.99901307
test_15673,0.0012643021
test_15674,0.25965253
test_15675,0.99707294
test_15676,0.01776316
test_15677,0.00064409856
test_15678,0.99974304
test_15679,0.99537176
test_15680,0.9973816
test_15681,0.0015659932
test_15682,0.043983925
test_15683,0.73878807
test_15684,0.9960776
test_15685,2.7133268e-05
test_15686,0.99453413
test_15687,0.968294
test_15688,0.99247
test_15689,0.5536389
test_15690,0.44291928
test_15691,0.0004846758
test_15692,0.00015441403
test_15693,0.99832946
test_15694,0.053558618
test_15695,0.09252133
test_15696,0.9798432
test_15697,0.9957053
test_15698,0.0007095081
test_15699,0.9999223
test_15700,0.000998421
test_15701,0.9818163
test_15702,0.99933404
test_15703,0.62201595
test_15704,0.0029620049
test_15705,0.047814123
test_15706,0.9991954
test_15707,0.99965465
test_15708,0.059028964
test_15709,0.9995708
test_15710,0.99955195
test_15711,0.99926215
test_15712,0.0027070802
test_15713,0.9995542
test_15714,0.043202523
test_15715,0.9981439
test_15716,0.012849999
test_15717,0.14334299
test_15718,0.9932074
test_15719,0.0032379462
test_15720,0.92617285
test_15721,0.9943118
test_15722,0.99674004
test_15723,0.9999207
test_15724,0.9906721
test_15725,0.99375844
test_15726,0.9973732
test_15727,0.3245148
test_15728,0.86239064
test_15729,0.0044500395
test_15730,0.08958153
test_15731,0.012875651
test_15732,0.91444826
test_15733,0.9863056
test_15734,0.00040752048
test_15735,0.016552394
test_15736,0.0004285927
test_15737,0.99258244
test_15738,0.14215516
test_15739,0.7135166
test_15740,0.003786974
test_15741,0.99982905
test_15742,0.99966824
test_15743,0.9958715
test_15744,0.8212637
test_15745,0.927519
test_15746,0.9978714
test_15747,0.9983341
test_15748,0.13217185
test_15749,0.9995852
test_15750,0.9925432
test_15751,0.9995474
test_15752,0.5686551
test_15753,0.9941512
test_15754,0.00022964855
test_15755,0.9995962
test_15756,0.0035828843
test_15757,0.9998865
test_15758,0.9234103
test_15759,0.2587894
test_15760,0.99852604
test_15761,0.88804895
test_15762,0.90120405
test_15763,0.093650214
test_15764,0.97295684
test_15765,0.9987219
test_15766,0.00084470026
test_15767,0.92446995
test_15768,0.19386475
test_15769,0.0016395438
test_15770,0.97804123
test_15771,0.006334946
test_15772,0.9495408
test_15773,0.006407472
test_15774,0.9963348
test_15775,0.9999573
test_15776,0.004917851
test_15777,0.05272105
test_15778,0.0013218549
test_15779,0.043747198
test_15780,0.047312327
test_15781,0.009431798
test_15782,0.9917847
test_15783,0.9921938
test_15784,0.08406273
test_15785,0.7140059
test_15786,0.79993707
test_15787,0.21880333
test_15788,0.04594902
test_15789,0.0012294814
test_15790,0.99913764
test_15791,0.08323122
test_15792,0.9954275
test_15793,0.944178
test_15794,0.97213984
test_15795,0.0003239645
test_15796,0.00044598343
test_15797,0.045647558
test_15798,0.13778931
test_15799,0.026131002
test_15800,0.9995881
test_15801,0.9954282
test_15802,0.16090588
test_15803,0.050906334
test_15804,0.00096949877
test_15805,0.99597496
test_15806,0.00035180664
test_15807,0.7344769
test_15808,0.9924272
test_15809,0.9951009
test_15810,0.06276054
test_15811,0.9981522
test_15812,0.028304767
test_15813,0.9388578
test_15814,0.967196
test_15815,0.010031194
test_15816,0.99410075
test_15817,0.24518785
test_15818,0.003745586
test_15819,0.9951079
test_15820,0.0019028344
test_15821,0.9708502
test_15822,0.9171693
test_15823,0.00042818658
test_15824,0.99950063
test_15825,0.077386394
test_15826,0.0011506677
test_15827,0.9958906
test_15828,0.9980971
test_15829,0.9953383
test_15830,0.0043562353
test_15831,0.0021580288
test_15832,0.99998045
test_15833,0.98421335
test_15834,0.5943987
test_15835,0.09492272
test_15836,0.983966
test_15837,0.9995353
test_15838,0.0009200602
test_15839,0.99871445
test_15840,0.9933651
test_15841,0.016256422
test_15842,0.9983729
test_15843,0.43103373
test_15844,0.001484046
test_15845,0.120104015
test_15846,0.44278586
test_15847,0.0006481944
test_15848,0.005586534
test_15849,0.9927256
test_15850,0.003061268
test_15851,0.9871389
test_15852,0.0069438545
test_15853,0.99992967
test_15854,0.9802234
test_15855,0.7488491
test_15856,0.97067124
test_15857,0.0008058375
test_15858,0.86556256
test_15859,0.9832212
test_15860,0.002817146
test_15861,0.9906465
test_15862,0.0033936794
test_15863,0.9996432
test_15864,0.9805157
test_15865,0.99934214
test_15866,0.9979603
test_15867,0.9969716
test_15868,0.814626
test_15869,0.0002639002
test_15870,0.0029015543
test_15871,0.96838534
test_15872,0.1088434
test_15873,0.00054019125
test_15874,0.21313989
test_15875,0.0009981294
test_15876,0.00028836195
test_15877,0.0031177078
test_15878,0.9992848
test_15879,0.2820058
test_15880,0.010511054
test_15881,0.005249443
test_15882,0.94624054
test_15883,0.0014285836
test_15884,0.99997306
test_15885,0.98947436
test_15886,0.0021737877
test_15887,0.99917954
test_15888,0.6088367
test_15889,0.18407731
test_15890,0.27849767
test_15891,0.25977454
test_15892,0.46689233
test_15893,0.023807751
test_15894,0.00036007253
test_15895,0.99879813
test_15896,0.89214325
test_15897,0.96709466
test_15898,0.06367631
test_15899,0.023277896
test_15900,0.9576334
test_15901,0.8655252
test_15902,0.0025801691
test_15903,0.31902465
test_15904,0.0011444003
test_15905,0.7988778
test_15906,0.002870473
test_15907,0.98470694
test_15908,0.002858606
test_15909,0.99864143
test_15910,0.96774083
test_15911,0.14043204
test_15912,0.9272374
test_15913,0.90181303
test_15914,0.99801147
test_15915,0.0052011753
test_15916,0.009882334
test_15917,0.0009993522
test_15918,0.000185554
test_15919,0.85326225
test_15920,0.94254583
test_15921,0.99666435
test_15922,0.0020047897
test_15923,0.982742
test_15924,0.003497924
test_15925,0.3109753
test_15926,0.9988279
test_15927,0.9997565
test_15928,0.9998292
test_15929,0.99891305
test_15930,0.01587602
test_15931,0.005799476
test_15932,0.9982377
test_15933,0.99750865
test_15934,0.003654309
test_15935,0.9997409
test_15936,0.39096618
test_15937,0.94330835
test_15938,0.9965784
test_15939,0.8601359
test_15940,0.32392827
test_15941,0.9319073
test_15942,0.00073356484
test_15943,0.9981
test_15944,0.012172304
test_15945,0.9574682
test_15946,0.008415321
test_15947,0.087064244
test_15948,0.9825911
test_15949,0.99174327
test_15950,0.0038300124
test_15951,0.0011263787
test_15952,0.9962161
test_15953,0.019692069
test_15954,0.9839183
test_15955,0.0008461524
test_15956,0.02737475
test_15957,0.0048887613
test_15958,0.94361883
test_15959,0.9536473
test_15960,0.4385219
test_15961,0.9944965
test_15962,0.9922233
test_15963,0.014788979
test_15964,0.9971359
test_15965,0.0014639314
test_15966,0.97937495
test_15967,0.0031732318
test_15968,0.0072161555
test_15969,0.74268264
test_15970,0.8997067
test_15971,0.0011351341
test_15972,0.0058876825
test_15973,0.02725652
test_15974,0.023423605
test_15975,0.016659407
test_15976,0.98997915
test_15977,0.52972907
test_15978,0.9040585
test_15979,0.920434
test_15980,0.17550896
test_15981,0.9916692
test_15982,0.0014657972
test_15983,0.9987436
test_15984,0.9938698
test_15985,0.0003760029
test_15986,0.017558126
test_15987,0.0008962448
test_15988,0.98571825
test_15989,0.00054599566
test_15990,0.9280186
test_15991,0.9936918
test_15992,0.0022634035
test_15993,0.96263295
test_15994,0.00032587204
test_15995,0.931289
test_15996,0.16620909
test_15997,0.015322245
test_15998,0.2908142
test_15999,0.99912673
test_16000,0.00064971833
test_16001,0.006386396
test_16002,0.027128048
test_16003,0.8838733
test_16004,0.015839873
test_16005,0.004114395
test_16006,0.10883436
test_16007,0.82194614
test_16008,0.36100057
test_16009,0.00021101096
test_16010,0.9464307
test_16011,0.29156297
test_16012,0.00035936557
test_16013,0.9981102
test_16014,0.0053507476
test_16015,0.0033835357
test_16016,0.7107432
test_16017,0.012915901
test_16018,0.99991703
test_16019,0.0005878362
test_16020,0.9932894
test_16021,0.99995303
test_16022,0.9235564
test_16023,0.00025233102
test_16024,0.0012666918
test_16025,0.042160053
test_16026,0.98038745
test_16027,0.99783844
test_16028,0.019432813
test_16029,0.00039307014
test_16030,0.0029827878
test_16031,0.4775287
test_16032,0.92955166
test_16033,0.0031340476
test_16034,0.9999311
test_16035,0.000961724
test_16036,0.0002954212
test_16037,0.0005918043
test_16038,0.013366154
test_16039,0.028082712
test_16040,0.0022031392
test_16041,0.9991673
test_16042,0.9997873
test_16043,0.9987311
test_16044,0.98864377
test_16045,0.9705025
test_16046,4.8776965e-05
test_16047,0.7206038
test_16048,0.99944884
test_16049,0.029990617
test_16050,0.95858127
test_16051,0.99838793
test_16052,0.0060029584
test_16053,0.9358233
test_16054,0.00041110968
test_16055,0.0055633737
test_16056,0.9247856
test_16057,0.9951815
test_16058,0.5734817
test_16059,0.99807584
test_16060,0.9995152
test_16061,0.99729186
test_16062,0.00023870938
test_16063,0.73636454
test_16064,0.9728089
test_16065,0.99884677
test_16066,0.99673754
test_16067,0.917791
test_16068,0.008908617
test_16069,0.75641006
test_16070,0.053007778
test_16071,0.9834743
test_16072,0.99881315
test_16073,0.0005121412
test_16074,0.05988917
test_16075,0.9747627
test_16076,0.79687786
test_16077,0.99988055
test_16078,0.9826566
test_16079,0.42240956
test_16080,0.99992394
test_16081,0.9923539
test_16082,0.9972282
test_16083,0.52933836
test_16084,0.00392586
test_16085,0.014922863
test_16086,0.9984419
test_16087,0.9987287
test_16088,0.9860074
test_16089,0.0069158073
test_16090,0.010022287
test_16091,0.6508129
test_16092,0.032551717
test_16093,0.33240822
test_16094,0.9997862
test_16095,0.991452
test_16096,0.9996172
test_16097,0.0920168
test_16098,0.20411083
test_16099,0.97221553
test_16100,0.004423642
test_16101,0.002729649
test_16102,0.99512345
test_16103,0.0032039161
test_16104,0.1068795
test_16105,0.74611336
test_16106,0.9997662
test_16107,0.99431807
test_16108,0.06615979
test_16109,0.99420184
test_16110,0.015071906
test_16111,0.94875735
test_16112,0.9995022
test_16113,0.9883774
test_16114,0.86142397
test_16115,7.0352624e-05
test_16116,0.50135434
test_16117,0.99913764
test_16118,0.9128029
test_16119,0.99402666
test_16120,2.8393359e-05
test_16121,0.95975524
test_16122,0.00038432158
test_16123,0.9996824
test_16124,0.91204095
test_16125,0.9991036
test_16126,0.10993755
test_16127,0.9994087
test_16128,0.049662665
test_16129,0.18627127
test_16130,0.9629008
test_16131,0.0176081
test_16132,0.9975266
test_16133,0.0013792246
test_16134,0.9987232
test_16135,0.98720235
test_16136,0.99659866
test_16137,0.97738683
test_16138,0.99635065
test_16139,0.99512094
test_16140,0.011992364
test_16141,0.00445955
test_16142,0.21400191
test_16143,0.91744107
test_16144,0.98783827
test_16145,0.017836973
test_16146,2.7916512e-05
test_16147,0.08739869
test_16148,0.001977438
test_16149,0.75648487
test_16150,0.9857692
test_16151,0.99577564
test_16152,0.007238932
test_16153,0.99202913
test_16154,0.3439211
test_16155,0.9999043
test_16156,0.99930215
test_16157,0.067678526
test_16158,0.00067913375
test_16159,0.10758482
test_16160,0.45513827
test_16161,0.9728994
test_16162,0.9764697
test_16163,0.026337078
test_16164,0.7371009
test_16165,0.0001465162
test_16166,0.00037439226
test_16167,0.40986368
test_16168,0.00040385328
test_16169,0.9980081
test_16170,0.7924673
test_16171,0.046940763
test_16172,0.015372521
test_16173,0.95705074
test_16174,0.0010556063
test_16175,0.99897075
test_16176,0.00014189816
test_16177,0.012335955
test_16178,0.00011768522
test_16179,0.00064883777
test_16180,0.005796107
test_16181,0.9985575
test_16182,0.05155266
test_16183,0.0037214898
test_16184,0.99916744
test_16185,0.9986659
test_16186,0.021690553
test_16187,0.0013669756
test_16188,0.32493678
test_16189,0.9949301
test_16190,0.027754541
test_16191,0.06202071
test_16192,0.974613
test_16193,0.9954334
test_16194,0.015811147
test_16195,0.9945574
test_16196,0.04104312
test_16197,0.9961267
test_16198,0.0014595878
test_16199,0.6229088
test_16200,0.09849791
test_16201,0.0035207071
test_16202,0.99923706
test_16203,0.99886924
test_16204,0.9977519
test_16205,0.8942832
test_16206,0.99302715
test_16207,0.9931502
test_16208,0.00090197555
test_16209,0.069260776
test_16210,0.9955102
test_16211,0.9989858
test_16212,0.9993926
test_16213,0.9999833
test_16214,0.00493417
test_16215,0.70756346
test_16216,0.9997037
test_16217,0.0035925512
test_16218,0.9994823
test_16219,0.9985416
test_16220,0.9997193
test_16221,0.8200059
test_16222,0.6393842
test_16223,0.9463366
test_16224,0.9993395
test_16225,0.97069395
test_16226,0.9955161
test_16227,0.0086345235
test_16228,0.07918075
test_16229,0.8465886
test_16230,0.99571085
test_16231,0.97454065
test_16232,0.00073121797
test_16233,0.0117721995
test_16234,0.6149368
test_16235,0.99877995
test_16236,0.00043062912
test_16237,0.99737453
test_16238,0.030662294
test_16239,0.10905392
test_16240,0.97744703
test_16241,0.00010734209
test_16242,0.22800933
test_16243,0.8531566
test_16244,0.45471668
test_16245,0.980096
test_16246,0.95083535
test_16247,0.00029495684
test_16248,0.9977399
test_16249,0.007138962
test_16250,0.99981326
test_16251,0.9887631
test_16252,0.008802535
test_16253,0.48191258
test_16254,0.45612463
test_16255,0.0069527742
test_16256,0.12902002
test_16257,0.45517468
test_16258,0.08771571
test_16259,0.99609804
test_16260,0.15234561
test_16261,0.9771349
test_16262,0.99984384
test_16263,0.32667142
test_16264,0.0125612095
test_16265,0.9995628
test_16266,0.9933489
test_16267,0.010048189
test_16268,0.9995646
test_16269,0.0011322873
test_16270,0.7765593
test_16271,0.997993
test_16272,0.99933004
test_16273,0.9997278
test_16274,0.9996767
test_16275,0.00017162343
test_16276,0.0002858298
test_16277,0.9999237
test_16278,0.0010648607
test_16279,0.00089240505
test_16280,0.8421615
test_16281,0.9237635
test_16282,0.9921577
test_16283,0.007917472
test_16284,0.22284311
test_16285,0.73674613
test_16286,0.0009582626
test_16287,0.9993562
test_16288,0.0013454587
test_16289,0.9988129
test_16290,0.0057502356
test_16291,0.9755711
test_16292,0.9871727
test_16293,0.9639582
test_16294,0.0013478667
test_16295,0.9863253
test_16296,0.0080296965
test_16297,0.9995958
test_16298,0.6440768
test_16299,0.3301356
test_16300,0.025897108
test_16301,0.0005127657
test_16302,0.011920204
test_16303,0.9979906
test_16304,0.0019913958
test_16305,0.9957854
test_16306,0.9335306
test_16307,0.9989191
test_16308,0.9952053
test_16309,0.9912179
test_16310,0.0027297388
test_16311,0.850017
test_16312,0.0030021498
test_16313,0.09574964
test_16314,0.9995378
test_16315,0.23884122
test_16316,0.3492557
test_16317,0.9825127
test_16318,0.99110574
test_16319,0.0050783283
test_16320,0.9983619
test_16321,0.45102584
test_16322,0.012253204
test_16323,0.086118124
test_16324,0.9898426
test_16325,0.14253178
test_16326,0.8876168
test_16327,0.0674559
test_16328,0.021192765
test_16329,0.0003025263
test_16330,0.57907426
test_16331,0.0038565062
test_16332,0.9395594
test_16333,5.5158667e-05
test_16334,0.9997613
test_16335,0.99994636
test_16336,0.24079865
test_16337,0.9109101
test_16338,0.99788755
test_16339,0.9216704
test_16340,0.7463124
test_16341,0.9999188
test_16342,0.99514306
test_16343,0.96244943
test_16344,0.99333584
test_16345,0.017400196
test_16346,0.8028636
test_16347,0.003175403
test_16348,0.999808
test_16349,0.99938655
test_16350,0.83350873
test_16351,0.89779145
test_16352,0.0013829323
test_16353,0.9865674
test_16354,0.371124
test_16355,0.9720862
test_16356,0.4859039
test_16357,0.6042247
test_16358,0.0006077028
test_16359,0.9171835
test_16360,0.015218105
test_16361,0.0003202259
test_16362,0.99755126
test_16363,0.8584881
test_16364,0.15702467
test_16365,0.999218
test_16366,0.052739054
test_16367,0.9964713
test_16368,0.00043809463
test_16369,0.0015067518
test_16370,0.0010645534
test_16371,0.46941754
test_16372,0.9997209
test_16373,0.9602199
test_16374,0.0010449901
test_16375,0.99966407
test_16376,0.97887015
test_16377,0.9935735
test_16378,0.40611175
test_16379,0.008603184
test_16380,0.009745207
test_16381,0.64382297
test_16382,0.0027220014
test_16383,0.9611146
test_16384,0.99890053
test_16385,0.005811341
test_16386,0.9966888
test_16387,0.9940242
test_16388,0.9778831
test_16389,0.99941325
test_16390,0.9983139
test_16391,0.017695175
test_16392,0.99669003
test_16393,0.14340852
test_16394,0.83895594
test_16395,0.034016587
test_16396,0.9964785
test_16397,0.0033342044
test_16398,0.9944324
test_16399,0.0023375214
test_16400,0.0008397075
test_16401,0.976363
test_16402,0.9977921
test_16403,0.9465065
test_16404,0.9998171
test_16405,0.0053805574
test_16406,0.034132168
test_16407,0.9647987
test_16408,0.71924317
test_16409,0.034608696
test_16410,0.009820615
test_16411,0.24776848
test_16412,0.023273936
test_16413,0.0010904523
test_16414,0.977777
test_16415,0.99659294
test_16416,0.030083979
test_16417,0.015044064
test_16418,0.0023854317
test_16419,0.026859649
test_16420,0.0028104242
test_16421,0.99689937
test_16422,0.9992343
test_16423,0.99463165
test_16424,0.22217579
test_16425,0.009395488
test_16426,0.050699465
test_16427,0.22374445
test_16428,0.054306857
test_16429,0.9907884
test_16430,0.99803
test_16431,0.9945791
test_16432,0.039689254
test_16433,0.00061635947
test_16434,0.09053786
test_16435,0.07933119
test_16436,0.0035307822
test_16437,0.7917444
test_16438,0.9983902
test_16439,0.9987256
test_16440,0.9991535
test_16441,0.00018115726
test_16442,0.93079764
test_16443,0.0034861567
test_16444,0.9977076
test_16445,0.9284678
test_16446,2.14778e-05
test_16447,0.953968
test_16448,0.32826537
test_16449,0.9986582
test_16450,0.16424668
test_16451,0.46793556
test_16452,0.003997285
test_16453,0.9990396
test_16454,0.000681263
test_16455,0.8453593
test_16456,0.9302118
test_16457,0.39319804
test_16458,0.0027037736
test_16459,0.039259046
test_16460,0.007579813
test_16461,0.99990785
test_16462,0.2884527
test_16463,0.99939907
test_16464,0.9698545
test_16465,0.97652495
test_16466,0.99189794
test_16467,0.9837757
test_16468,0.9022331
test_16469,0.9988681
test_16470,0.9993131
test_16471,0.005686096
test_16472,0.00040649273
test_16473,0.60333145
test_16474,0.20328712
test_16475,0.27902666
test_16476,0.0086181015
test_16477,0.0029836982
test_16478,0.9928854
test_16479,0.05250896
test_16480,0.7407358
test_16481,0.00014448522
test_16482,0.9772435
test_16483,0.0027155823
test_16484,0.9847143
test_16485,0.03463848
test_16486,0.98152244
test_16487,0.32033026
test_16488,0.00255291
test_16489,0.0008635667
test_16490,0.87444
test_16491,0.285422
test_16492,0.00059869676
test_16493,0.0008531049
test_16494,0.003946816
test_16495,0.13580854
test_16496,0.22315343
test_16497,0.0061184536
test_16498,0.00456651
test_16499,0.010111179
test_16500,0.0018109377
test_16501,0.9991019
test_16502,0.14689186
test_16503,0.027793953
test_16504,0.0007448636
test_16505,0.9998859
test_16506,0.00089073315
test_16507,0.997447
test_16508,0.9887671
test_16509,0.013856714
test_16510,0.013293225
test_16511,0.9938659
test_16512,0.0008085785
test_16513,0.00091240194
test_16514,0.0077283313
test_16515,0.6596256
test_16516,0.9997278
test_16517,0.000472719
test_16518,0.98683274
test_16519,0.99749666
test_16520,0.16194397
test_16521,0.0043069185
test_16522,0.95680106
test_16523,0.9993749
test_16524,0.17910144
test_16525,0.022102831
test_16526,0.9939126
test_16527,0.036216613
test_16528,0.03640618
test_16529,0.9996785
test_16530,0.00014270442
test_16531,0.0052304366
test_16532,0.9993474
test_16533,0.000691079
test_16534,0.9994531
test_16535,0.99896646
test_16536,0.016980454
test_16537,0.9272883
test_16538,0.9943427
test_16539,0.9261515
test_16540,0.0020576064
test_16541,0.00021658764
test_16542,0.94229335
test_16543,0.9938723
test_16544,0.007962568
test_16545,0.0047456324
test_16546,0.99915636
test_16547,0.9337571
test_16548,0.008650944
test_16549,0.47294262
test_16550,0.9998035
test_16551,0.9968233
test_16552,0.9977319
test_16553,0.03755162
test_16554,0.03613165
test_16555,0.15684333
test_16556,0.8084264
test_16557,0.99384236
test_16558,0.99997056
test_16559,0.99812955
test_16560,0.030196398
test_16561,0.957781
test_16562,0.031696126
test_16563,0.04380846
test_16564,0.9983931
test_16565,0.38545668
test_16566,0.00043787106
test_16567,0.98163074
test_16568,0.98803353
test_16569,0.00093656295
test_16570,0.8605969
test_16571,0.9815088
test_16572,0.45543036
test_16573,0.009416431
test_16574,0.00036387873
test_16575,0.09975074
test_16576,0.0023488689
test_16577,0.004728439
test_16578,0.9992902
test_16579,0.073176384
test_16580,0.005052159
test_16581,0.0002187124
test_16582,0.9993774
test_16583,0.9964463
test_16584,0.98236245
test_16585,0.002308031
test_16586,0.26681298
test_16587,0.6586368
test_16588,0.008346254
test_16589,0.9853137
test_16590,0.0010850707
test_16591,0.99890697
test_16592,0.008489176
test_16593,0.061596923
test_16594,0.009045313
test_16595,0.4974266
test_16596,0.2020134
test_16597,0.99916816
test_16598,0.95717907
test_16599,0.67300195
test_16600,0.9858225
test_16601,0.011098678
test_16602,0.9977842
test_16603,0.7683356
test_16604,0.99901295
test_16605,0.0086461315
test_16606,0.03145465
test_16607,0.009322327
test_16608,0.99865085
test_16609,0.9978757
test_16610,0.00014272619
test_16611,0.7886445
test_16612,0.006418915
test_16613,0.99998426
test_16614,0.8469362
test_16615,0.070001155
test_16616,0.0010673491
test_16617,0.07726061
test_16618,0.13614562
test_16619,0.0010279279
test_16620,0.82692814
test_16621,0.99966025
test_16622,0.99452245
test_16623,0.79052913
test_16624,0.9979431
test_16625,8.7874185e-05
test_16626,0.011269994
test_16627,0.0014240281
test_16628,0.00034250758
test_16629,0.027348444
test_16630,9.836029e-05
test_16631,0.0056147063
test_16632,0.9645407
test_16633,0.03648866
test_16634,0.6142973
test_16635,0.0014144104
test_16636,0.901159
test_16637,0.031068727
test_16638,0.99573046
test_16639,0.9580206
test_16640,0.97572494
test_16641,0.801621
test_16642,0.99939966
test_16643,0.99743634
test_16644,0.9992812
test_16645,0.9883102
test_16646,0.99287814
test_16647,0.96695566
test_16648,0.37285712
test_16649,0.6502275
test_16650,0.14541753
test_16651,0.0073840683
test_16652,0.016252458
test_16653,0.14689064
test_16654,0.9974376
test_16655,0.0013442175
test_16656,0.30567372
test_16657,0.9896835
test_16658,0.98846334
test_16659,0.9022985
test_16660,0.99768174
test_16661,0.0024227444
test_16662,0.9900894
test_16663,0.03945104
test_16664,0.9963721
test_16665,0.0016851609
test_16666,0.9993356
test_16667,0.0057138875
test_16668,0.99883395
test_16669,0.012106567
test_16670,0.0070454143
test_16671,0.022275742
test_16672,0.99681646
test_16673,0.20764214
test_16674,0.024907138
test_16675,0.62072444
test_16676,0.81203747
test_16677,0.3997016
test_16678,0.5974711
test_16679,0.0023582063
test_16680,0.026497819
test_16681,0.008507019
test_16682,0.9802619
test_16683,0.13855273
test_16684,0.054531407
test_16685,0.0034821283
test_16686,0.0961369
test_16687,0.921735
test_16688,0.9736092
test_16689,0.88227993
test_16690,0.9982494
test_16691,0.0012182815
test_16692,0.9978783
test_16693,0.0019846766
test_16694,0.99950814
test_16695,0.020673016
test_16696,0.0030687484
test_16697,0.00019239767
test_16698,0.9424475
test_16699,0.0025136434
test_16700,0.018164597
test_16701,0.0020692793
test_16702,0.0005942556
test_16703,0.9999474
test_16704,0.015370096
test_16705,0.9349968
test_16706,0.995174
test_16707,0.70765644
test_16708,0.9964735
test_16709,0.9966605
test_16710,0.011616815
test_16711,0.93433166
test_16712,0.38645723
test_16713,0.1591076
test_16714,0.0016985161
test_16715,0.014573658
test_16716,0.00015084719
test_16717,0.24278049
test_16718,0.002638618
test_16719,0.84809595
test_16720,0.0073566027
test_16721,0.99948967
test_16722,0.99948406
test_16723,0.97272927
test_16724,0.0075209998
test_16725,0.041626323
test_16726,0.0070781275
test_16727,0.9956495
test_16728,0.02666049
test_16729,0.22254808
test_16730,0.8895938
test_16731,0.0002079275
test_16732,0.05240369
test_16733,0.00020809648
test_16734,0.9880717
test_16735,0.0064754216
test_16736,0.9701395
test_16737,0.9997104
test_16738,0.9997924
test_16739,0.9988236
test_16740,0.999845
test_16741,3.62498e-05
test_16742,0.034412388
test_16743,0.004183104
test_16744,0.9811817
test_16745,0.014006325
test_16746,0.1996809
test_16747,0.8016076
test_16748,0.99793833
test_16749,0.7788832
test_16750,0.041367717
test_16751,0.99976176
test_16752,0.0125157265
test_16753,0.99987876
test_16754,0.14387167
test_16755,0.0043940195
test_16756,0.9886502
test_16757,0.0004276188
test_16758,0.95631385
test_16759,0.5101691
test_16760,0.92451257
test_16761,0.99830437
test_16762,0.62538993
test_16763,0.9063598
test_16764,0.010730911
test_16765,0.9934575
test_16766,0.99838006
test_16767,0.12653145
test_16768,0.00030941644
test_16769,0.7136793
test_16770,0.5484735
test_16771,0.95108503
test_16772,0.00060583
test_16773,0.48563644
test_16774,0.96190155
test_16775,0.0022984226
test_16776,0.027718768
test_16777,0.8660081
test_16778,0.04005848
test_16779,0.0022507205
test_16780,0.9972019
test_16781,0.014496433
test_16782,0.9996238
test_16783,0.99874413
test_16784,0.9997749
test_16785,0.99956614
test_16786,5.2758223e-05
test_16787,0.15633559
test_16788,0.75522995
test_16789,0.9991142
test_16790,0.16593549
test_16791,0.00011548134
test_16792,0.97874033
test_16793,0.0032252823
test_16794,0.99814
test_16795,0.0005626276
test_16796,0.5453491
test_16797,0.12640668
test_16798,0.22474092
test_16799,0.9988894
test_16800,0.98902434
test_16801,0.9931744
test_16802,0.9927509
test_16803,0.0033806907
test_16804,0.998565
test_16805,0.99981946
test_16806,0.99998796
test_16807,0.99935037
test_16808,0.0050550993
test_16809,0.24261022
test_16810,0.019594697
test_16811,0.9982633
test_16812,0.000984725
test_16813,0.001473117
test_16814,0.1648387
test_16815,0.81063396
test_16816,0.00026486238
test_16817,0.9981571
test_16818,0.003056385
test_16819,0.98444647
test_16820,0.15178439
test_16821,0.97841007
test_16822,0.9997787
test_16823,0.9930727
test_16824,0.9998828
test_16825,0.08164259
test_16826,0.68800974
test_16827,0.0021455714
test_16828,0.004348173
test_16829,0.31100473
test_16830,0.0062525133
test_16831,0.9553716
test_16832,0.9999281
test_16833,0.7545873
test_16834,0.66805905
test_16835,0.9697114
test_16836,0.02301559
test_16837,0.9991085
test_16838,0.027190205
test_16839,0.90083975
test_16840,0.9989636
test_16841,0.9898718
test_16842,0.71638757
test_16843,0.00011241812
test_16844,0.99904996
test_16845,3.5336936e-05
test_16846,0.0035211921
test_16847,0.6134391
test_16848,0.9936329
test_16849,0.99003464
test_16850,0.0045355246
test_16851,0.010135679
test_16852,0.11283737
test_16853,0.2802395
test_16854,0.00016329988
test_16855,0.000778201
test_16856,0.9654226
test_16857,0.9959395
test_16858,0.9908406
test_16859,0.0018221232
test_16860,0.9928901
test_16861,0.890685
test_16862,0.04567148
test_16863,0.99871683
test_16864,0.5491473
test_16865,0.0047322554
test_16866,0.033025075
test_16867,0.867595
test_16868,0.9979553
test_16869,0.9930274
test_16870,0.9995123
test_16871,0.9984176
test_16872,0.9974051
test_16873,0.001715084
test_16874,0.19918604
test_16875,0.0034374045
test_16876,0.9591215
test_16877,0.0055876696
test_16878,0.0013475418
test_16879,0.3550606
test_16880,0.78350645
test_16881,0.027090844
test_16882,0.018465282
test_16883,0.9999156
test_16884,0.998744
test_16885,0.016539885
test_16886,0.9955427
test_16887,0.9948849
test_16888,0.9829344
test_16889,0.97467947
test_16890,0.9994685
test_16891,0.11388929
test_16892,0.99982125
test_16893,0.92024153
test_16894,0.9538399
test_16895,0.038010295
test_16896,0.99931407
test_16897,0.23471355
test_16898,0.040716518
test_16899,0.100711584
test_16900,0.009352695
test_16901,0.012423341
test_16902,0.020162359
test_16903,0.9964922
test_16904,0.9995389
test_16905,0.00728301
test_16906,0.67973936
test_16907,0.99971646
test_16908,1.2220837e-05
test_16909,0.9793962
test_16910,0.1625876
test_16911,0.111715905
test_16912,0.99831235
test_16913,0.46636292
test_16914,0.0072394777
test_16915,0.99900585
test_16916,0.99421895
test_16917,0.002632236
test_16918,0.94830614
test_16919,0.0061753974
test_16920,0.99815553
test_16921,0.99543375
test_16922,0.9262254
test_16923,0.044405963
test_16924,0.5695547
test_16925,0.12287871
test_16926,0.0009696217
test_16927,0.20662096
test_16928,0.0035302844
test_16929,0.00391397
test_16930,0.00037177862
test_16931,0.9565978
test_16932,0.007693125
test_16933,0.98592037
test_16934,0.9957826
test_16935,0.9037263
test_16936,0.8849431
test_16937,0.67550904
test_16938,0.12435724
test_16939,0.4935524
test_16940,0.99849296
test_16941,0.9821269
test_16942,0.9970323
test_16943,0.8511129
test_16944,0.0096219815
test_16945,4.4122913e-05
test_16946,0.9685041
test_16947,0.016083024
test_16948,0.09581957
test_16949,0.99903417
test_16950,0.9986796
test_16951,0.99614185
test_16952,0.99780434
test_16953,0.9991474
test_16954,0.0034239956
test_16955,0.5990497
test_16956,0.0054513738
test_16957,0.0067565506
test_16958,0.99965274
test_16959,0.43098795
test_16960,0.9992625
test_16961,0.026871596
test_16962,0.03140543
test_16963,0.99913776
test_16964,0.00865334
test_16965,0.975602
test_16966,0.040943824
test_16967,0.0356622
test_16968,0.0002451859
test_16969,0.9998217
test_16970,0.03980205
test_16971,0.99233854
test_16972,0.6082708
test_16973,0.98874706
test_16974,0.94859344
test_16975,0.010769003
test_16976,0.0241001
test_16977,0.02671537
test_16978,0.99940467
test_16979,0.19923921
test_16980,0.9975198
test_16981,0.98750395
test_16982,0.00022113493
test_16983,0.9990466
test_16984,0.0008833786
test_16985,0.0008795907
test_16986,0.011028133
test_16987,0.010037778
test_16988,0.002598658
test_16989,0.004505308
test_16990,0.1262859
test_16991,0.0010340943
test_16992,0.99748516
test_16993,0.019127006
test_16994,0.0266513
test_16995,0.24038848
test_16996,0.19502433
test_16997,0.8610942
test_16998,0.009504118
test_16999,0.9993938
test_17000,0.25333062
test_17001,0.9983968
test_17002,0.92174846
test_17003,0.0006646228
test_17004,0.99841726
test_17005,0.9101695
test_17006,0.8906974
test_17007,0.46421605
test_17008,0.98999923
test_17009,0.0019278399
test_17010,7.029421e-05
test_17011,0.37451735
test_17012,0.95696884
test_17013,0.46520427
test_17014,0.00056493154
test_17015,0.56890863
test_17016,0.88081676
test_17017,0.8858227
test_17018,0.36067164
test_17019,0.00080177526
test_17020,0.9688066
test_17021,0.9998292
test_17022,0.0016077085
test_17023,0.004489429
test_17024,0.9183254
test_17025,0.0013776409
test_17026,0.21163656
test_17027,0.9998348
test_17028,0.98514396
test_17029,0.51407313
test_17030,0.9995291
test_17031,0.029455937
test_17032,0.9980508
test_17033,0.79386634
test_17034,0.016081741
test_17035,0.65499663
test_17036,0.9999982
test_17037,0.0003446034
test_17038,0.26629072
test_17039,0.00024109599
test_17040,0.24322705
test_17041,0.47108915
test_17042,0.0030230656
test_17043,0.002693872
test_17044,0.07886482
test_17045,0.01920676
test_17046,0.9986528
test_17047,0.3637636
test_17048,0.219487
test_17049,0.9996623
test_17050,0.16207811
test_17051,0.78512496
test_17052,0.013915106
test_17053,0.9984112
test_17054,0.98256505
test_17055,0.0010466231
test_17056,0.99826235
test_17057,0.99888426
test_17058,0.005874554
test_17059,0.00033130168
test_17060,0.08530774
test_17061,0.019925656
test_17062,0.98964196
test_17063,0.7803729
test_17064,0.00021175487
test_17065,0.96108
test_17066,0.005970604
test_17067,0.99602926
test_17068,0.003999066
test_17069,0.8802925
test_17070,0.0026019996
test_17071,0.99567986
test_17072,0.54466754
test_17073,0.51625896
test_17074,0.99995124
test_17075,0.999271
test_17076,0.002070535
test_17077,0.68368065
test_17078,0.0683838
test_17079,0.98567003
test_17080,0.99840456
test_17081,0.0030325544
test_17082,0.9992065
test_17083,0.9769935
test_17084,0.031107616
test_17085,0.0004774555
test_17086,0.8926519
test_17087,0.99411994
test_17088,0.9997038
test_17089,0.0011558683
test_17090,0.8965825
test_17091,0.00035523518
test_17092,0.026041515
test_17093,0.09984448
test_17094,0.010253624
test_17095,0.9943605
test_17096,0.019506808
test_17097,0.99031353
test_17098,0.038945515
test_17099,0.9949824
test_17100,0.007613168
test_17101,0.0926623
test_17102,0.99979347
test_17103,2.1114016e-05
test_17104,0.4144772
test_17105,0.9990632
test_17106,0.99974054
test_17107,0.0005509534
test_17108,0.052724406
test_17109,0.9970867
test_17110,0.9977335
test_17111,0.9177167
test_17112,0.99496174
test_17113,0.993793
test_17114,0.99829
test_17115,0.047214426
test_17116,0.9449806
test_17117,0.10353297
test_17118,0.8594646
test_17119,0.97316927
test_17120,0.8247564
test_17121,0.8791031
test_17122,0.99547887
test_17123,0.0071881125
test_17124,0.0026409233
test_17125,0.9236006
test_17126,0.8224552
test_17127,0.0007588465
test_17128,0.014153273
test_17129,0.99999213
test_17130,0.94757557
test_17131,0.0031101997
test_17132,0.99684274
test_17133,0.008969151
test_17134,0.0005530777
test_17135,0.036642257
test_17136,0.99913365
test_17137,0.012070929
test_17138,0.50571007
test_17139,0.081905246
test_17140,0.0121631455
test_17141,0.24513498
test_17142,0.9999919
test_17143,0.9998988
test_17144,0.19827868
test_17145,0.00015386946
test_17146,0.9986664
test_17147,0.9936845
test_17148,0.0019515444
test_17149,0.47950366
test_17150,0.0022160185
test_17151,0.9894832
test_17152,0.05736084
test_17153,7.3617666e-05
test_17154,0.0009312428
test_17155,0.000661975
test_17156,0.0007354488
test_17157,0.9966988
test_17158,0.88729167
test_17159,0.0011559211
test_17160,0.9873111
test_17161,0.9968118
test_17162,0.0057293796
test_17163,0.8767587
test_17164,0.98416924
test_17165,0.98476464
test_17166,0.0002774807
test_17167,0.04791846
test_17168,0.927952
test_17169,0.9927019
test_17170,0.02402814
test_17171,0.0100614065
test_17172,0.70531875
test_17173,0.99925953
test_17174,0.9715147
test_17175,0.003805561
test_17176,0.09765418
test_17177,0.9991786
test_17178,0.9986778
test_17179,0.5810881
test_17180,0.98294073
test_17181,0.99990773
test_17182,0.0038710898
test_17183,0.9965612
test_17184,0.6517256
test_17185,0.9982576
test_17186,0.8784798
test_17187,0.99963343
test_17188,0.0051215715
test_17189,0.038980037
test_17190,0.00016285345
test_17191,0.24305937
test_17192,0.10356833
test_17193,0.007153686
test_17194,0.9670155
test_17195,1.6042086e-06
test_17196,0.0075582787
test_17197,0.03480454
test_17198,0.00039471764
test_17199,0.009305428
test_17200,0.99931026
test_17201,0.01943397
test_17202,0.00069602724
test_17203,0.99776113
test_17204,0.9996803
test_17205,0.023915887
test_17206,0.9910382
test_17207,0.031216694
test_17208,0.9993917
test_17209,0.7230787
test_17210,0.08434238
test_17211,0.022034744
test_17212,0.998936
test_17213,0.03995287
test_17214,0.9998092
test_17215,0.9996044
test_17216,0.0014611648
test_17217,0.0016972561
test_17218,0.00015206667
test_17219,0.0005410121
test_17220,8.6449174e-05
test_17221,0.0006972751
test_17222,0.99983
test_17223,0.027851157
test_17224,0.001259254
test_17225,0.79466075
test_17226,0.16431096
test_17227,0.9807889
test_17228,0.97290546
test_17229,0.9983576
test_17230,0.9993062
test_17231,0.93694425
test_17232,0.004548648
test_17233,0.004182605
test_17234,0.056678504
test_17235,0.9988399
test_17236,0.0011834629
test_17237,0.9455395
test_17238,0.04213183
test_17239,0.9283862
test_17240,0.00022270578
test_17241,0.0024359701
test_17242,0.9998036
test_17243,0.00073673483
test_17244,0.99901986
test_17245,0.00016240498
test_17246,0.013672619
test_17247,0.00208219
test_17248,0.05081359
test_17249,0.94846094
test_17250,0.00011954522
test_17251,0.99861073
test_17252,0.90220815
test_17253,0.18365815
test_17254,0.0039659245
test_17255,0.99716324
test_17256,0.0031315146
test_17257,0.0031344083
test_17258,0.21372528
test_17259,0.9980288
test_17260,0.051661782
test_17261,0.99688727
test_17262,0.0012299793
test_17263,0.9877917
test_17264,0.99988997
test_17265,0.99999344
test_17266,0.0053909454
test_17267,0.044846028
test_17268,0.023446301
test_17269,0.093777135
test_17270,0.9570522
test_17271,0.00033305195
test_17272,0.9867742
test_17273,0.9939155
test_17274,0.48678285
test_17275,0.011130176
test_17276,0.95121694
test_17277,0.9123195
test_17278,0.004800053
test_17279,0.040627383
test_17280,0.9598748
test_17281,0.0012605012
test_17282,0.9801844
test_17283,0.00010534977
test_17284,0.6616869
test_17285,0.9978249
test_17286,0.9905295
test_17287,0.0019696653
test_17288,0.99135673
test_17289,0.44589475
test_17290,0.0019444154
test_17291,0.959783
test_17292,0.9979487
test_17293,8.847225e-05
test_17294,0.8895745
test_17295,0.11597699
test_17296,0.51629
test_17297,0.9519845
test_17298,0.09241678
test_17299,0.9891726
test_17300,0.11468288
test_17301,0.94299585
test_17302,0.019273672
test_17303,0.0007839877
test_17304,0.0037572838
test_17305,0.4474857
test_17306,0.95566636
test_17307,0.9845062
test_17308,0.43872067
test_17309,2.7837214e-05
test_17310,0.97013354
test_17311,0.00087187224
test_17312,0.9959508
test_17313,0.5720288
test_17314,0.9932601
test_17315,0.14207767
test_17316,0.0002083671
test_17317,0.9628149
test_17318,0.41836348
test_17319,0.999736
test_17320,0.99942833
test_17321,0.994645
test_17322,0.004107309
test_17323,0.9967528
test_17324,0.00046390737
test_17325,0.007882518
test_17326,0.9868578
test_17327,0.004157205
test_17328,0.8460299
test_17329,0.0023296569
test_17330,0.00045952733
test_17331,0.79957604
test_17332,0.9247812
test_17333,0.664145
test_17334,0.0039792825
test_17335,0.9629479
test_17336,0.023972213
test_17337,0.0037073377
test_17338,0.9987067
test_17339,0.0008210337
test_17340,0.0029584093
test_17341,0.0012987414
test_17342,0.2036927
test_17343,0.006266825
test_17344,0.98153865
test_17345,0.99218434
test_17346,0.99150956
test_17347,0.017567893
test_17348,0.99623835
test_17349,0.00028567747
test_17350,0.052785855
test_17351,0.90562856
test_17352,0.99996257
test_17353,0.9999963
test_17354,0.9598457
test_17355,0.0019290402
test_17356,0.010991934
test_17357,0.99741876
test_17358,0.0028568655
test_17359,0.9973369
test_17360,0.98790294
test_17361,0.98361117
test_17362,0.007615349
test_17363,0.012828083
test_17364,0.008194995
test_17365,0.02712514
test_17366,0.036570627
test_17367,0.6928508
test_17368,0.008699607
test_17369,0.6578856
test_17370,0.9953921
test_17371,0.9950714
test_17372,0.6442003
test_17373,0.0032276101
test_17374,0.9995648
test_17375,0.023192752
test_17376,0.96981525
test_17377,0.0027615393
test_17378,0.21722452
test_17379,0.99940455
test_17380,0.981135
test_17381,0.0017438243
test_17382,0.7625846
test_17383,0.8094509
test_17384,0.006057798
test_17385,0.0008820565
test_17386,0.00069907727
test_17387,0.8754693
test_17388,0.0011281058
test_17389,0.0012466836
test_17390,7.853434e-06
test_17391,0.52222955
test_17392,0.0001450873
test_17393,0.44142178
test_17394,0.0008576677
test_17395,6.8253954e-05
test_17396,0.98185617
test_17397,0.0021884388
test_17398,0.99744874
test_17399,0.6739047
test_17400,0.0023695405
test_17401,0.99967825
test_17402,0.998485
test_17403,0.9458617
test_17404,0.9947745
test_17405,0.9619285
test_17406,0.0022795517
test_17407,0.996055
test_17408,0.003970006
test_17409,0.99725455
test_17410,0.99849236
test_17411,0.9996619
test_17412,0.14383821
test_17413,0.9971625
test_17414,0.012904555
test_17415,0.012639354
test_17416,0.9216298
test_17417,0.9961261
test_17418,0.18374555
test_17419,0.009095255
test_17420,0.99864656
test_17421,0.33333153
test_17422,0.9964856
test_17423,0.9762356
test_17424,0.9992623
test_17425,0.6287702
test_17426,0.9932209
test_17427,0.99537814
test_17428,0.27004236
test_17429,0.072911344
test_17430,0.9765063
test_17431,0.0089349905
test_17432,0.20535116
test_17433,0.0076347715
test_17434,0.90239173
test_17435,0.9853924
test_17436,0.0020768978
test_17437,0.9973936
test_17438,0.94379103
test_17439,0.0024157003
test_17440,7.115709e-05
test_17441,0.99755186
test_17442,0.00028172098
test_17443,0.99982446
test_17444,0.002607846
test_17445,0.002172182
test_17446,0.7767871
test_17447,0.0029155365
test_17448,0.89751697
test_17449,0.99953866
test_17450,0.9937791
test_17451,0.06120354
test_17452,0.0010091417
test_17453,0.99811745
test_17454,0.93237877
test_17455,0.011899924
test_17456,0.044069976
test_17457,0.99894375
test_17458,0.05639743
test_17459,0.11771468
test_17460,0.020883635
test_17461,0.9766501
test_17462,0.0042529064
test_17463,0.0026902682
test_17464,0.0036182923
test_17465,0.0001496475
test_17466,0.44654003
test_17467,0.99976796
test_17468,0.9996847
test_17469,0.027268102
test_17470,0.23921904
test_17471,0.93681437
test_17472,0.7424211
test_17473,0.9997222
test_17474,0.9991875
test_17475,0.027044153
test_17476,0.9946577
test_17477,0.02777312
test_17478,0.009887579
test_17479,0.0024168394
test_17480,0.99989545
test_17481,0.926785
test_17482,0.95419794
test_17483,0.0008416934
test_17484,0.00048726943
test_17485,0.977275
test_17486,0.0023927689
test_17487,0.34929082
test_17488,0.0026866628
test_17489,0.99433184
test_17490,0.0055512013
test_17491,0.99915195
test_17492,0.0016479151
test_17493,0.99239564
test_17494,0.15647765
test_17495,0.41310826
test_17496,0.59072495
test_17497,0.0005262179
test_17498,0.008553987
test_17499,0.99872524
test_17500,0.00026641792
test_17501,0.7021238
test_17502,0.00015595366
test_17503,0.9986539
test_17504,0.04882569
test_17505,0.021391483
test_17506,0.00076687685
test_17507,0.99992645
test_17508,0.99807405
test_17509,0.9996784
test_17510,0.00081005576
test_17511,0.92051315
test_17512,0.6443592
test_17513,0.9672815
test_17514,0.9883702
test_17515,0.9922186
test_17516,0.00157575
test_17517,0.69820493
test_17518,0.024090564
test_17519,0.0022705747
test_17520,0.3290655
test_17521,0.99974304
test_17522,0.892299
test_17523,0.009814502
test_17524,0.9621398
test_17525,0.9769424
test_17526,0.998919
test_17527,0.022107843
test_17528,0.96251523
test_17529,0.009781747
test_17530,0.9998791
test_17531,0.04356185
test_17532,0.09121842
test_17533,0.9996338
test_17534,0.97723424
test_17535,0.96520144
test_17536,0.9982186
test_17537,0.5816395
test_17538,0.9820693
test_17539,0.0056377635
test_17540,0.025494318
test_17541,0.99305266
test_17542,0.99814117
test_17543,0.9876409
test_17544,0.000688386
test_17545,0.9997347
test_17546,0.99884605
test_17547,0.012756197
test_17548,0.98644966
test_17549,0.01169177
test_17550,0.8286841
test_17551,0.023847524
test_17552,0.9987192
test_17553,0.009979485
test_17554,0.989472
test_17555,0.0018849407
test_17556,0.005560256
test_17557,0.9891045
test_17558,0.97801083
test_17559,0.9993925
test_17560,0.012849786
test_17561,0.006747603
test_17562,0.00036833252
test_17563,0.000419069
test_17564,0.016677234
test_17565,2.0471463e-05
test_17566,0.09975858
test_17567,0.95187294
test_17568,0.9769086
test_17569,0.0006712005
test_17570,0.7951964
test_17571,0.011232141
test_17572,0.9995486
test_17573,0.97684765
test_17574,0.002791735
test_17575,0.08167718
test_17576,0.9832713
test_17577,0.9984647
test_17578,0.0012917664
test_17579,0.00056560716
test_17580,0.43076327
test_17581,0.09823857
test_17582,0.895655
test_17583,0.44709638
test_17584,0.9996605
test_17585,0.97995114
test_17586,0.0028320812
test_17587,0.0124337
test_17588,5.70407e-05
test_17589,0.9722487
test_17590,0.09962068
test_17591,0.99524117
test_17592,0.2235002
test_17593,0.9993824
test_17594,0.00026986224
test_17595,0.9898963
test_17596,0.9738607
test_17597,0.999332
test_17598,0.25804627
test_17599,0.99428433
test_17600,0.66298807
test_17601,0.015989607
test_17602,0.26325083
test_17603,0.34001687
test_17604,0.00070155796
test_17605,0.0019443637
test_17606,1.044057e-05
test_17607,0.00972044
test_17608,0.000459448
test_17609,0.9988475
test_17610,0.85882956
test_17611,0.98653907
test_17612,0.062335633
test_17613,0.0026504013
test_17614,0.9987047
test_17615,0.006310557
test_17616,0.95030624
test_17617,0.0067038666
test_17618,0.026024394
test_17619,0.9778146
test_17620,0.9458523
test_17621,0.0013641696
test_17622,0.011366391
test_17623,0.6352931
test_17624,0.9987047
test_17625,0.9990097
test_17626,0.0012556436
test_17627,0.0101149175
test_17628,0.99928063
test_17629,0.96283835
test_17630,0.9802223
test_17631,0.9882415
test_17632,0.11694394
test_17633,0.999464
test_17634,0.00029141005
test_17635,0.27208084
test_17636,0.0016023421
test_17637,0.2146312
test_17638,0.6614727
test_17639,0.875242
test_17640,0.31715655
test_17641,0.012066642
test_17642,0.98235357
test_17643,0.00046009294
test_17644,0.95787233
test_17645,0.99920005
test_17646,0.47978076
test_17647,7.779948e-05
test_17648,0.67589223
test_17649,0.0009823847
test_17650,0.003144877
test_17651,0.52461284
test_17652,0.019380243
test_17653,0.3842314
test_17654,0.001836026
test_17655,0.0012404085
test_17656,0.9984308
test_17657,0.9883133
test_17658,0.0006450053
test_17659,0.0023118022
test_17660,0.9962728
test_17661,0.97466236
test_17662,0.005799716
test_17663,0.9995285
test_17664,0.0061741336
test_17665,0.0018766086
test_17666,0.07015585
test_17667,0.99982196
test_17668,0.05561641
test_17669,0.7736467
test_17670,5.674832e-05
test_17671,0.00064873236
test_17672,0.9996793
test_17673,0.14845634
test_17674,0.0069969837
test_17675,0.9997764
test_17676,0.99967873
test_17677,0.9994622
test_17678,0.00032821012
test_17679,0.97130483
test_17680,0.0011815364
test_17681,0.8274499
test_17682,0.99439466
test_17683,0.9999188
test_17684,0.9996718
test_17685,0.9406707
test_17686,0.00030063384
test_17687,0.009304561
test_17688,0.0013949868
test_17689,0.96171045
test_17690,0.010322476
test_17691,0.33811733
test_17692,0.9968822
test_17693,0.5108586
test_17694,0.9677796
test_17695,0.99385816
test_17696,0.9856375
test_17697,0.9959346
test_17698,0.0036586018
test_17699,0.0068162614
test_17700,0.031635452
test_17701,0.9505829
test_17702,0.08467514
test_17703,0.049790204
test_17704,0.00017210717
test_17705,0.00028034192
test_17706,0.9504612
test_17707,0.010272553
test_17708,0.9889297
test_17709,0.4001421
test_17710,0.8035765
test_17711,0.6109868
test_17712,0.24215658
test_17713,0.031613745
test_17714,0.00040425095
test_17715,0.37920734
test_17716,0.009688568
test_17717,0.99989533
test_17718,0.0895238
test_17719,0.0030043672
test_17720,0.062618144
test_17721,0.42766675
test_17722,0.028049896
test_17723,0.63176304
test_17724,0.9897181
test_17725,0.0060108304
test_17726,0.7513503
test_17727,0.9005074
test_17728,0.99953187
test_17729,0.90901566
test_17730,0.99979764
test_17731,0.00012682081
test_17732,0.9978148
test_17733,0.99993265
test_17734,0.0022892533
test_17735,0.5355387
test_17736,0.9963659
test_17737,0.0010570217
test_17738,0.69172084
test_17739,0.92624587
test_17740,0.0027233078
test_17741,0.99579227
test_17742,0.00040701946
test_17743,0.99970883
test_17744,0.9996037
test_17745,5.1506126e-05
test_17746,0.010910311
test_17747,0.0041326135
test_17748,0.99981636
test_17749,0.999086
test_17750,0.0009928303
test_17751,0.13930991
test_17752,0.00045002252
test_17753,0.97977346
test_17754,0.003451094
test_17755,0.9997794
test_17756,0.00026871258
test_17757,0.6625512
test_17758,0.030920295
test_17759,0.99962795
test_17760,0.7130337
test_17761,0.89605147
test_17762,0.011789542
test_17763,0.00011662526
test_17764,0.025177553
test_17765,0.9780936
test_17766,0.057414547
test_17767,0.030644296
test_17768,0.95558447
test_17769,0.0003626158
test_17770,0.97885394
test_17771,0.6857605
test_17772,0.7678975
test_17773,0.050156787
test_17774,0.00024620187
test_17775,0.24914604
test_17776,0.99794024
test_17777,0.01679063
test_17778,0.21390484
test_17779,0.032427914
test_17780,0.9997079
test_17781,0.045783352
test_17782,0.992378
test_17783,0.0002892193
test_17784,0.99974626
test_17785,0.9988236
test_17786,0.887008
test_17787,0.95655274
test_17788,0.96310025
test_17789,0.018685408
test_17790,0.0012780703
test_17791,0.97030735
test_17792,0.058911975
test_17793,0.01390079
test_17794,0.027287738
test_17795,0.0042520487
test_17796,0.005338585
test_17797,0.9994536
test_17798,0.005522894
test_17799,0.008164496
test_17800,0.277774
test_17801,0.058292318
test_17802,0.273063
test_17803,0.033332422
test_17804,0.9995223
test_17805,0.72727484
test_17806,0.99922526
test_17807,0.0035856818
test_17808,0.0059829634
test_17809,0.00015044972
test_17810,0.022871068
test_17811,0.7398153
test_17812,0.00011825869
test_17813,0.2026613
test_17814,0.43345827
test_17815,0.9695677
test_17816,0.9980319
test_17817,0.987068
test_17818,0.80241424
test_17819,0.9952722
test_17820,0.0005092672
test_17821,0.9991554
test_17822,0.010538137
test_17823,0.011520084
test_17824,0.98657566
test_17825,0.08114758
test_17826,0.9807005
test_17827,0.32527772
test_17828,0.97223455
test_17829,0.6128256
test_17830,0.9991322
test_17831,0.0071832216
test_17832,0.0070056524
test_17833,0.9987274
test_17834,0.20550255
test_17835,0.99994624
test_17836,0.9761721
test_17837,0.9989505
test_17838,0.99673223
test_17839,0.9984907
test_17840,0.7666438
test_17841,0.9991242
test_17842,0.99686676
test_17843,8.301738e-05
test_17844,0.10854684
test_17845,0.7712184
test_17846,0.0007223254
test_17847,0.5897749
test_17848,0.9293913
test_17849,0.006039728
test_17850,0.007354239
test_17851,0.7360955
test_17852,0.97983116
test_17853,0.8375133
test_17854,0.00042663852
test_17855,0.0003745033
test_17856,0.9987637
test_17857,0.0020700053
test_17858,0.9138245
test_17859,0.9977412
test_17860,0.0014954595
test_17861,0.99557626
test_17862,0.9998939
test_17863,0.0016190445
test_17864,0.007931669
test_17865,0.99551374
test_17866,0.0074862866
test_17867,0.56753474
test_17868,0.12273195
test_17869,0.018717103
test_17870,0.9942222
test_17871,0.9458153
test_17872,0.01861324
test_17873,0.97600216
test_17874,0.00026705296
test_17875,0.9950482
test_17876,0.00083077146
test_17877,0.17302994
test_17878,0.34601247
test_17879,0.99702865
test_17880,0.2487635
test_17881,0.5066912
test_17882,0.055230092
test_17883,0.9465939
test_17884,0.91408235
test_17885,0.98954725
test_17886,0.0018020689
test_17887,0.99992263
test_17888,0.03801236
test_17889,0.999902
test_17890,0.9959561
test_17891,0.9813928
test_17892,0.99941933
test_17893,0.9992473
test_17894,0.9930172
test_17895,0.02155965
test_17896,0.48035488
test_17897,0.013719177
test_17898,0.9949523
test_17899,0.09017532
test_17900,0.99658585
test_17901,0.0029837436
test_17902,0.70256394
test_17903,0.9381856
test_17904,0.99666923
test_17905,0.1623872
test_17906,0.9996587
test_17907,0.9782249
test_17908,0.8556406
test_17909,0.9707656
test_17910,0.0023571365
test_17911,0.017780349
test_17912,0.99827445
test_17913,0.9680724
test_17914,0.031310983
test_17915,0.9978855
test_17916,2.7450427e-05
test_17917,0.009638171
test_17918,0.0025284765
test_17919,0.00069541205
test_17920,0.1029475
test_17921,0.99029887
test_17922,0.97985613
test_17923,0.99829954
test_17924,0.0014912835
test_17925,0.038597625
test_17926,0.0003523887
test_17927,0.75106645
test_17928,0.99911517
test_17929,0.22978514
test_17930,0.99885666
test_17931,0.9926288
test_17932,0.08856971
test_17933,0.992531
test_17934,0.0118060205
test_17935,0.80298406
test_17936,0.96571136
test_17937,5.940966e-05
test_17938,0.0031838699
test_17939,0.94482636
test_17940,0.99997914
test_17941,0.5226756
test_17942,0.9996656
test_17943,0.93686545
test_17944,0.9998827
test_17945,0.0017799423
test_17946,0.25491413
test_17947,0.4665862
test_17948,0.026647164
test_17949,0.7052361
test_17950,0.97882366
test_17951,0.050635476
test_17952,0.078627825
test_17953,0.9902513
test_17954,0.010207012
test_17955,0.0053968676
test_17956,0.9999881
test_17957,0.0005634513
test_17958,0.014163354
test_17959,0.0019281226
test_17960,9.233999e-05
test_17961,0.004148934
test_17962,0.009457207
test_17963,0.9962023
test_17964,0.9882852
test_17965,0.99906176
test_17966,0.9887754
test_17967,0.20000207
test_17968,0.2708119
test_17969,0.013319913
test_17970,0.00094710547
test_17971,0.9902368
test_17972,0.03944898
test_17973,0.9408466
test_17974,0.06926406
test_17975,0.004209677
test_17976,0.999401
test_17977,0.006788389
test_17978,0.9931613
test_17979,0.98947877
test_17980,0.4628755
test_17981,0.80157346
test_17982,0.9987704
test_17983,0.9484805
test_17984,0.004147677
test_17985,0.70728767
test_17986,0.013699344
test_17987,0.99803525
test_17988,0.9905099
test_17989,0.99965334
test_17990,0.004516938
test_17991,0.99974424
test_17992,0.99652404
test_17993,0.02577405
test_17994,0.28102484
test_17995,0.016786302
test_17996,0.9997652
test_17997,0.00011471942
test_17998,0.81790566
test_17999,0.9993143
test_18000,0.6990029
test_18001,0.015802056
test_18002,0.99908173
test_18003,0.99940884
test_18004,0.15684085
test_18005,0.7186971
test_18006,0.2430562
test_18007,0.5934028
test_18008,0.98706263
test_18009,0.9993851
test_18010,0.00059247756
test_18011,0.99780315
test_18012,0.028795853
test_18013,0.9648567
test_18014,0.00037153543
test_18015,0.0050679697
test_18016,0.014901014
test_18017,0.0028852783
test_18018,0.0001750203
test_18019,0.0011317256
test_18020,0.1059982
test_18021,0.8989797
test_18022,0.9988489
test_18023,0.99948657
test_18024,0.00026280625
test_18025,0.014077824
test_18026,0.9913361
test_18027,0.0034666376
test_18028,0.99946743
test_18029,0.06984875
test_18030,0.96312404
test_18031,0.88252866
test_18032,0.033098765
test_18033,0.98927677
test_18034,0.9967271
test_18035,0.07704566
test_18036,0.9989281
test_18037,0.0019178486
test_18038,0.08069863
test_18039,0.9726073
test_18040,0.99883205
test_18041,0.9974673
test_18042,0.9955823
test_18043,0.0012363761
test_18044,0.9991529
test_18045,0.006395862
test_18046,0.9973826
test_18047,0.31312326
test_18048,0.5709519
test_18049,0.99956316
test_18050,0.9989039
test_18051,0.0022624957
test_18052,0.5045084
test_18053,0.64578414
test_18054,0.0067709466
test_18055,0.9964882
test_18056,0.0007116398
test_18057,0.07233307
test_18058,0.72871923
test_18059,0.90231085
test_18060,0.9766475
test_18061,0.9357045
test_18062,0.9998791
test_18063,0.5801963
test_18064,0.9225747
test_18065,0.79635096
test_18066,0.004023879
test_18067,0.91754675
test_18068,0.96553326
test_18069,0.9712668
test_18070,0.99993765
test_18071,0.0009676117
test_18072,0.9208892
test_18073,0.7295471
test_18074,0.12640469
test_18075,0.9972415
test_18076,0.9493753
test_18077,0.009464853
test_18078,0.9824263
test_18079,0.9946498
test_18080,0.9999429
test_18081,0.9889241
test_18082,0.9593357
test_18083,0.7838918
test_18084,0.9976019
test_18085,0.005664859
test_18086,0.9980101
test_18087,0.0007615417
test_18088,0.98323244
test_18089,0.06521729
test_18090,0.003585573
test_18091,0.9919334
test_18092,0.99642205
test_18093,0.9963174
test_18094,0.12818791
test_18095,0.975872
test_18096,0.97810364
test_18097,0.9884722
test_18098,0.99750817
test_18099,0.9985291
test_18100,0.023998508
test_18101,0.003893152
test_18102,0.99833184
test_18103,0.006179809
test_18104,0.7413328
test_18105,0.99476576
test_18106,0.12547925
test_18107,0.927144
test_18108,0.004161141
test_18109,0.00041789675
test_18110,0.99875104
test_18111,0.6408905
test_18112,0.13240619
test_18113,0.81709796
test_18114,0.9980118
test_18115,0.9983187
test_18116,0.999281
test_18117,0.0001477935
test_18118,0.009595911
test_18119,0.08909548
test_18120,0.0137859415
test_18121,0.6215639
test_18122,0.00069078594
test_18123,0.98161066
test_18124,0.0052952524
test_18125,0.9996288
test_18126,0.995229
test_18127,0.0027635873
test_18128,0.0005750678
test_18129,0.0011603665
test_18130,0.0006871056
test_18131,0.9531175
test_18132,0.009149945
test_18133,0.009243632
test_18134,0.000532121
test_18135,0.5027113
test_18136,0.08401172
test_18137,0.00013881325
test_18138,0.6612634
test_18139,0.0002563054
test_18140,4.699646e-05
test_18141,0.10060232
test_18142,0.0022733784
test_18143,0.95105636
test_18144,0.005637737
test_18145,0.9856294
test_18146,0.999382
test_18147,0.0016779477
test_18148,0.21364647
test_18149,0.95912236
test_18150,0.98004454
test_18151,0.87078935
test_18152,0.9895495
test_18153,0.052677613
test_18154,0.81494516
test_18155,0.99782556
test_18156,0.18819976
test_18157,0.06688013
test_18158,0.9459145
test_18159,0.33348724
test_18160,0.82058626
test_18161,0.8832333
test_18162,0.41200307
test_18163,0.00072785787
test_18164,0.9850765
test_18165,0.17197159
test_18166,0.08532257
test_18167,0.99935013
test_18168,0.9986872
test_18169,0.9079747
test_18170,0.99971896
test_18171,0.8159476
test_18172,0.99192977
test_18173,0.9990552
test_18174,0.9948042
test_18175,0.039472226
test_18176,0.99884534
test_18177,0.9938817
test_18178,0.9428722
test_18179,0.8663229
test_18180,0.003509138
test_18181,0.31375536
test_18182,0.9908432
test_18183,0.80150795
test_18184,0.95162773
test_18185,0.9632002
test_18186,0.0007350476
test_18187,0.0009572557
test_18188,0.06141277
test_18189,0.13919646
test_18190,0.99483925
test_18191,0.95131594
test_18192,0.99997294
test_18193,0.6810842
test_18194,0.01701213
test_18195,0.9882571
test_18196,0.92385834
test_18197,0.9874701
test_18198,0.118411906
test_18199,0.18180043
test_18200,0.040694106
test_18201,0.9269152
test_18202,0.90838367
test_18203,0.9964579
test_18204,0.9954535
test_18205,0.8972901
test_18206,0.020494804
test_18207,0.9996526
test_18208,0.040759258
test_18209,0.999175
test_18210,0.9908422
test_18211,0.002043567
test_18212,0.0010151777
test_18213,0.08905132
test_18214,0.0040661967
test_18215,0.2239585
test_18216,0.038616218
test_18217,0.02363419
test_18218,0.9988054
test_18219,0.0054219197
test_18220,0.71020806
test_18221,0.07920142
test_18222,0.009898273
test_18223,3.4544893e-05
test_18224,0.9997447
test_18225,0.9969138
test_18226,0.94701105
test_18227,0.9803631
test_18228,0.9930621
test_18229,0.032429814
test_18230,0.9983559
test_18231,0.75512516
test_18232,0.50058305
test_18233,0.9995165
test_18234,0.0325176
test_18235,0.927981
test_18236,0.0118730925
test_18237,0.16328706
test_18238,0.81399703
test_18239,0.59140205
test_18240,0.5755538
test_18241,0.4135529
test_18242,0.009086608
test_18243,0.004159902
test_18244,0.9987225
test_18245,0.9937976
test_18246,0.9880505
test_18247,0.8639446
test_18248,0.9938619
test_18249,0.06260394
test_18250,0.001384279
test_18251,0.0028745336
test_18252,0.92045933
test_18253,0.9994106
test_18254,0.019613879
test_18255,0.0072089825
test_18256,0.0036395334
test_18257,7.213394e-05
test_18258,0.95009154
test_18259,0.04637655
test_18260,0.991602
test_18261,0.9923029
test_18262,0.011781206
test_18263,0.9820562
test_18264,9.232397e-05
test_18265,0.020556383
test_18266,4.2804622e-05
test_18267,0.997825
test_18268,0.9181479
test_18269,0.0061492636
test_18270,0.9956722
test_18271,0.004550233
test_18272,0.01232333
test_18273,0.1540364
test_18274,0.0033462958
test_18275,0.0053732083
test_18276,0.00086815463
test_18277,0.0047100354
test_18278,0.00037492122
test_18279,0.79399043
test_18280,0.9987877
test_18281,0.0026535229
test_18282,0.8426017
test_18283,0.06223201
test_18284,0.75909823
test_18285,0.99918884
test_18286,0.04627074
test_18287,0.2550407
test_18288,0.0015957064
test_18289,0.993415
test_18290,0.96029884
test_18291,0.000103551516
test_18292,0.11984937
test_18293,0.8803961
test_18294,0.9887356
test_18295,0.9997173
test_18296,0.0015359392
test_18297,0.029763572
test_18298,0.9825299
test_18299,2.042361e-05
test_18300,0.17230003
test_18301,0.012516117
test_18302,0.0058006127
test_18303,0.005276229
test_18304,0.0006665737
test_18305,0.9974726
test_18306,0.00059482426
test_18307,0.0030394283
test_18308,0.009803432
test_18309,0.98585236
test_18310,0.97179204
test_18311,0.0013963458
test_18312,0.039935187
test_18313,0.99972063
test_18314,0.09619843
test_18315,0.019236138
test_18316,0.9388815
test_18317,0.009695314
test_18318,0.9520887
test_18319,0.013003515
test_18320,0.792814
test_18321,0.010267764
test_18322,0.9821155
test_18323,0.3691662
test_18324,0.9336558
test_18325,0.48333827
test_18326,0.98088235
test_18327,0.009051127
test_18328,0.30836833
test_18329,0.9997799
test_18330,0.0032942726
test_18331,0.9996942
test_18332,0.016361717
test_18333,0.0008949238
test_18334,0.99903935
test_18335,0.07380686
test_18336,0.005475908
test_18337,0.9999331
test_18338,0.80224735
test_18339,0.0016156804
test_18340,0.9986091
test_18341,0.0024930253
test_18342,0.009434667
test_18343,0.99970514
test_18344,0.99290836
test_18345,0.00033793753
test_18346,0.011855986
test_18347,0.92166865
test_18348,0.0028500506
test_18349,0.099746935
test_18350,0.99139285
test_18351,0.0034996448
test_18352,0.07505244
test_18353,0.009287847
test_18354,0.2675749
test_18355,0.96822405
test_18356,0.05192992
test_18357,0.9997538
test_18358,0.0034219332
test_18359,0.005189391
test_18360,0.99875176
test_18361,0.99893457
test_18362,0.007143506
test_18363,0.9989298
test_18364,0.18301423
test_18365,0.9715475
test_18366,0.9269125
test_18367,0.32148308
test_18368,0.9923935
test_18369,0.99920565
test_18370,0.9993741
test_18371,0.003698387
test_18372,0.71908426
test_18373,0.004120296
test_18374,0.99885094
test_18375,0.9923775
test_18376,0.013347132
test_18377,0.86503994
test_18378,0.17859158
test_18379,0.9468145
test_18380,0.06027607
test_18381,0.9885726
test_18382,0.07640555
test_18383,0.9999654
test_18384,0.21735974
test_18385,0.99826247
test_18386,0.97403914
test_18387,0.03892295
test_18388,0.9091221
test_18389,0.9919024
test_18390,0.9990754
test_18391,0.01084515
test_18392,0.8045774
test_18393,0.52667516
test_18394,0.00052009197
test_18395,0.0010609212
test_18396,0.04760541
test_18397,0.9896941
test_18398,0.2015395
test_18399,0.98989
test_18400,0.0011810489
test_18401,0.9977991
test_18402,0.9972699
test_18403,0.9994061
test_18404,0.9453456
test_18405,0.026213512
test_18406,0.41082284
test_18407,0.81811255
test_18408,0.99784887
test_18409,0.29526094
test_18410,0.99697924
test_18411,0.78103137
test_18412,0.9988422
test_18413,0.9973623
test_18414,0.002022499
test_18415,0.00067774655
test_18416,0.97463244
test_18417,0.0014605465
test_18418,0.8873781
test_18419,0.9999211
test_18420,0.5239359
test_18421,0.4729836
test_18422,0.93271816
test_18423,0.9990883
test_18424,0.9999833
test_18425,0.0021430047
test_18426,0.9991203
test_18427,0.9688354
test_18428,0.021541746
test_18429,0.0015447278
test_18430,0.9775285
test_18431,0.9997291
test_18432,0.05009186
test_18433,0.9960704
test_18434,0.9939376
test_18435,0.96153796
test_18436,0.745419
test_18437,0.41100964
test_18438,0.00022092082
test_18439,0.99810106
test_18440,0.005111956
test_18441,0.24916819
test_18442,0.99908614
test_18443,0.04730953
test_18444,6.0665578e-05
test_18445,0.9995958
test_18446,0.97851366
test_18447,0.0055438858
test_18448,0.0059907646
test_18449,0.002889228
test_18450,0.67437315
test_18451,0.15114494
test_18452,0.68365
test_18453,0.9996456
test_18454,0.09194225
test_18455,0.9946615
test_18456,0.40485153
test_18457,0.005008464
test_18458,0.99998915
test_18459,0.9999573
test_18460,0.96959317
test_18461,0.99882203
test_18462,0.75742245
test_18463,0.91224825
test_18464,0.9095649
test_18465,0.0011230444
test_18466,0.961894
test_18467,0.8637236
test_18468,0.005784923
test_18469,0.000495668
test_18470,0.4446476
test_18471,0.97631615
test_18472,0.010549225
test_18473,0.9997619
test_18474,0.12999476
test_18475,0.013211068
test_18476,0.9998865
test_18477,0.003223555
test_18478,0.34291863
test_18479,0.99946314
test_18480,0.8254618
test_18481,0.030705107
test_18482,0.009770663
test_18483,0.98889786
test_18484,0.9994685
test_18485,0.8300654
test_18486,0.00013912613
test_18487,0.14840576
test_18488,0.8523192
test_18489,0.016001668
test_18490,0.9916387
test_18491,0.008963417
test_18492,0.001122391
test_18493,0.012557379
test_18494,0.004130289
test_18495,0.98515147
test_18496,0.13813584
test_18497,0.9906019
test_18498,0.9999361
test_18499,0.013931084
test_18500,0.10348294
test_18501,0.997962
test_18502,0.66404235
test_18503,0.0008779027
test_18504,0.9784434
test_18505,0.045757063
test_18506,0.999954
test_18507,0.99999213
test_18508,0.001991575
test_18509,0.99818534
test_18510,0.96038747
test_18511,0.09659397
test_18512,0.98664224
test_18513,0.0009905584
test_18514,0.8757693
test_18515,0.06015079
test_18516,0.9975504
test_18517,0.9447572
test_18518,0.84144837
test_18519,0.99992204
test_18520,0.08461036
test_18521,0.00056338287
test_18522,0.028112175
test_18523,0.9992254
test_18524,0.0010352383
test_18525,0.3125569
test_18526,0.97330296
test_18527,0.20931002
test_18528,0.0033486325
test_18529,0.9994455
test_18530,0.9985592
test_18531,0.99971455
test_18532,0.0035386407
test_18533,0.9997881
test_18534,0.001975208
test_18535,0.001970947
test_18536,0.96260667
test_18537,0.8723665
test_18538,0.99969757
test_18539,0.27442023
test_18540,0.4440233
test_18541,0.6882013
test_18542,0.00324916
test_18543,0.9947029
test_18544,0.13040896
test_18545,0.9917209
test_18546,0.9999517
test_18547,0.99788123
test_18548,0.98789513
test_18549,0.14481707
test_18550,0.9995382
test_18551,0.88455886
test_18552,0.0016337677
test_18553,0.0388435
test_18554,0.98495525
test_18555,0.69289804
test_18556,0.884873
test_18557,0.117258236
test_18558,0.7495838
test_18559,0.99834394
test_18560,0.00018006096
test_18561,0.50461686
test_18562,0.99102
test_18563,0.8943528
test_18564,0.00090447906
test_18565,0.9361531
test_18566,0.60701644
test_18567,0.9997992
test_18568,0.9912957
test_18569,0.97488266
test_18570,0.0069222157
test_18571,0.011287654
test_18572,0.00508811
test_18573,0.9996301
test_18574,0.9923854
test_18575,3.96995e-05
test_18576,0.0056370315
test_18577,0.0030666674
test_18578,0.99867034
test_18579,0.9996886
test_18580,0.0076943696
test_18581,0.0021841782
test_18582,0.97424805
test_18583,0.013262294
test_18584,0.060816403
test_18585,0.24970144
test_18586,0.9998229
test_18587,0.99300873
test_18588,0.994399
test_18589,0.01919287
test_18590,0.99988425
test_18591,0.0052245003
test_18592,0.0019672501
test_18593,0.012228418
test_18594,0.0031834838
test_18595,0.9971284
test_18596,0.9932892
test_18597,0.9996469
test_18598,0.99675983
test_18599,0.9949614
test_18600,0.97195995
test_18601,0.9861692
test_18602,0.99531627
test_18603,0.9937079
test_18604,0.5578645
test_18605,0.00642574
test_18606,0.99993646
test_18607,0.9980387
test_18608,0.013107373
test_18609,0.008598264
test_18610,0.36899957
test_18611,0.97517973
test_18612,0.9999311
test_18613,0.87999344
test_18614,0.00016968219
test_18615,0.977784
test_18616,3.8010203e-05
test_18617,0.9997297
test_18618,0.009380552
test_18619,0.989924
test_18620,0.99576473
test_18621,0.97022074
test_18622,0.38030195
test_18623,0.9970708
test_18624,0.117177136
test_18625,0.99924743
test_18626,0.030399507
test_18627,0.80644995
test_18628,0.036331292
test_18629,0.26210928
test_18630,0.9922444
test_18631,0.0020275859
test_18632,0.0017663141
test_18633,0.00012168499
test_18634,0.99368083
test_18635,0.95339
test_18636,0.0011308172
test_18637,0.996863
test_18638,0.020555422
test_18639,0.9996643
test_18640,0.99975556
test_18641,0.11063686
test_18642,0.001986733
test_18643,0.0025351427
test_18644,0.00015367461
test_18645,0.0761417
test_18646,0.7416452
test_18647,0.057265088
test_18648,0.9983728
test_18649,0.08549036
test_18650,0.003956965
test_18651,0.9836916
test_18652,0.0026116837
test_18653,0.0013128045
test_18654,0.007841637
test_18655,0.7604366
test_18656,0.119867474
test_18657,0.012651064
test_18658,0.00508116
test_18659,0.69286627
test_18660,0.93059516
test_18661,0.0012508103
test_18662,0.00034906517
test_18663,0.6063786
test_18664,0.9999101
test_18665,0.006051852
test_18666,0.5754839
test_18667,0.8250896
test_18668,0.9906865
test_18669,0.9962041
test_18670,0.0029350703
test_18671,0.001310496
test_18672,0.006256257
test_18673,0.9956038
test_18674,0.004294198
test_18675,0.31849223
test_18676,0.99839276
test_18677,0.00062585564
test_18678,0.0025225878
test_18679,0.9990907
test_18680,0.9756781
test_18681,0.5994084
test_18682,0.99969935
test_18683,0.99905926
test_18684,0.9964832
test_18685,0.67426723
test_18686,0.94044507
test_18687,0.9985031
test_18688,0.00038047077
test_18689,0.99768746
test_18690,0.99504894
test_18691,0.9987128
test_18692,0.19527207
test_18693,0.9999131
test_18694,0.5006054
test_18695,0.99986684
test_18696,0.9997284
test_18697,0.00031819302
test_18698,0.00042972405
test_18699,0.453487
test_18700,0.79158854
test_18701,0.6738794
test_18702,0.024120206
test_18703,0.00091655646
test_18704,0.87809384
test_18705,0.007365574
test_18706,0.99622154
test_18707,0.026475435
test_18708,0.00027396294
test_18709,0.99964666
test_18710,0.9932025
test_18711,0.9961047
test_18712,0.0019388002
test_18713,0.99977237
test_18714,0.02596374
test_18715,0.9997701
test_18716,0.32548636
test_18717,0.010193858
test_18718,0.59611344
test_18719,0.9897209
test_18720,0.050394446
test_18721,0.19561864
test_18722,0.18815742
test_18723,0.0022260745
test_18724,0.9989089
test_18725,0.8971199
test_18726,0.9844476
test_18727,0.99772483
test_18728,0.999964
test_18729,0.86512816
test_18730,0.08633715
test_18731,0.9821862
test_18732,0.00040410453
test_18733,0.9990841
test_18734,0.984969
test_18735,0.0031972027
test_18736,0.9980938
test_18737,0.99836034
test_18738,3.5231114e-05
test_18739,0.87119645
test_18740,0.035158925
test_18741,0.008929734
test_18742,0.7479156
test_18743,0.9961265
test_18744,0.9865986
test_18745,0.99796045
test_18746,0.99911374
test_18747,0.029399576
test_18748,0.99564385
test_18749,0.99175733
test_18750,0.2548965
test_18751,0.10336824
test_18752,0.005886842
test_18753,0.99908435
test_18754,0.9510456
test_18755,0.8012613
test_18756,0.57185155
test_18757,0.72545755
test_18758,0.0047028814
test_18759,0.99712026
test_18760,0.06378319
test_18761,0.9890332
test_18762,0.9575549
test_18763,0.99640334
test_18764,0.9765587
test_18765,0.10242993
test_18766,0.0010837617
test_18767,0.9992481
test_18768,0.014719267
test_18769,0.002327239
test_18770,0.8573492
test_18771,0.00074109156
test_18772,0.03131567
test_18773,0.4171199
test_18774,0.010996247
test_18775,0.00028923777
test_18776,0.02361466
test_18777,0.028526861
test_18778,0.99594146
test_18779,0.6589964
test_18780,0.7215551
test_18781,0.03521471
test_18782,0.9998785
test_18783,0.16748632
test_18784,0.0033183312
test_18785,0.47855157
test_18786,0.0006671937
test_18787,0.9999548
test_18788,0.99714917
test_18789,9.4602256e-05
test_18790,0.0031370288
test_18791,0.0016677178
test_18792,0.99729925
test_18793,0.0030165121
test_18794,0.93692636
test_18795,0.0018964245
test_18796,0.8599289
test_18797,0.99490476
test_18798,0.00024781743
test_18799,0.9767457
test_18800,0.330696
test_18801,0.95679617
test_18802,0.99950945
test_18803,0.61488056
test_18804,0.0020481406
test_18805,0.7933251
test_18806,0.9996209
test_18807,0.48515436
test_18808,0.026487103
test_18809,0.00486038
test_18810,0.019198814
test_18811,0.93310535
test_18812,0.00028590008
test_18813,0.99828845
test_18814,0.87874806
test_18815,0.0012608719
test_18816,0.98961943
test_18817,0.003057087
test_18818,0.428461
test_18819,0.9897593
test_18820,0.41043136
test_18821,0.9996333
test_18822,0.9514723
test_18823,0.9976351
test_18824,0.0043915506
test_18825,0.80485374
test_18826,0.00020026957
test_18827,0.000632965
test_18828,0.0010161565
test_18829,0.005347592
test_18830,0.008305804
test_18831,0.9665953
test_18832,0.0006679606
test_18833,0.026223544
test_18834,0.98743373
test_18835,0.99948055
test_18836,0.90858495
test_18837,0.9953536
test_18838,5.0982413e-05
test_18839,0.9828508
test_18840,0.99975234
test_18841,0.06115508
test_18842,0.019209808
test_18843,0.95586467
test_18844,0.0042763753
test_18845,0.9922091
test_18846,0.9905668
test_18847,0.09084972
test_18848,0.9817084
test_18849,0.8174609
test_18850,0.0004111537
test_18851,0.99987996
test_18852,0.00088828127
test_18853,0.9120569
test_18854,0.43296972
test_18855,0.0011244274
test_18856,0.2834069
test_18857,0.027313739
test_18858,0.9980878
test_18859,0.003830744
test_18860,0.908367
test_18861,0.13631697
test_18862,0.0017976167
test_18863,0.0050060474
test_18864,0.9998441
test_18865,0.0003410456
test_18866,0.0024230957
test_18867,0.9983354
test_18868,0.002278296
test_18869,0.8359908
test_18870,0.9968748
test_18871,1.2028239e-05
test_18872,0.9994118
test_18873,0.8131136
test_18874,0.30613565
test_18875,0.9709353
test_18876,0.999141
test_18877,0.013715816
test_18878,0.999181
test_18879,0.000158374
test_18880,0.9737864
test_18881,0.99998474
test_18882,0.003536636
test_18883,0.031887047
test_18884,0.00127235
test_18885,0.013778903
test_18886,0.0978014
test_18887,0.6441788
test_18888,0.00083851145
test_18889,7.747033e-05
test_18890,0.044446528
test_18891,0.008627884
test_18892,0.99995804
test_18893,0.98841244
test_18894,0.9999883
test_18895,0.9890314
test_18896,0.9839458
test_18897,0.8788772
test_18898,0.9923051
test_18899,0.002308617
test_18900,0.2748638
test_18901,0.99887985
test_18902,0.9956027
test_18903,0.000902964
test_18904,0.22534466
test_18905,0.12040292
test_18906,0.078684375
test_18907,0.00030570195
test_18908,0.9964773
test_18909,0.9945379
test_18910,0.010744024
test_18911,0.039830267
test_18912,0.98232734
test_18913,0.013164576
test_18914,0.016984474
test_18915,0.28740203
test_18916,0.0043390743
test_18917,0.011929166
test_18918,0.99947995
test_18919,0.93082345
test_18920,0.012206219
test_18921,0.97184384
test_18922,0.017438024
test_18923,0.59870124
test_18924,0.0027700907
test_18925,0.015788117
test_18926,0.00016646856
test_18927,0.986765
test_18928,0.00029188723
test_18929,0.13470419
test_18930,0.9957551
test_18931,0.9992723
test_18932,0.00071837986
test_18933,0.21675538
test_18934,0.9987733
test_18935,0.21216674
test_18936,0.0009682034
test_18937,0.99941444
test_18938,0.0009495933
test_18939,0.35626286
test_18940,0.002957013
test_18941,0.9986534
test_18942,0.008398654
test_18943,0.00048387164
test_18944,0.0014321948
test_18945,0.99976474
test_18946,0.00025875654
test_18947,0.99202174
test_18948,0.5590522
test_18949,0.95462906
test_18950,0.025859173
test_18951,0.060372457
test_18952,0.9994155
test_18953,0.3811937
test_18954,0.9930472
test_18955,0.014720609
test_18956,0.17077881
test_18957,0.9950477
test_18958,0.9857523
test_18959,0.015526554
test_18960,0.35654643
test_18961,0.10948191
test_18962,0.00017403648
test_18963,0.0014883596
test_18964,0.0026183948
test_18965,0.056016225
test_18966,0.9857847
test_18967,0.9996947
test_18968,0.97320044
test_18969,0.9969875
test_18970,0.00047476738
test_18971,0.99890244
test_18972,0.025461942
test_18973,0.99863964
test_18974,0.9999869
test_18975,0.9150341
test_18976,0.98390895
test_18977,0.9998154
test_18978,0.9977738
test_18979,0.9998747
test_18980,0.997416
test_18981,0.14437681
test_18982,0.010447251
test_18983,0.99821764
test_18984,0.80909103
test_18985,0.051627565
test_18986,0.27234343
test_18987,0.9968233
test_18988,0.016134758
test_18989,0.9980736
test_18990,0.99882466
test_18991,0.9998467
test_18992,0.00077412114
test_18993,0.9977374
test_18994,0.80436057
test_18995,0.9998652
test_18996,0.0014387928
test_18997,0.0034337523
test_18998,0.99997175
test_18999,0.00030882822
test_19000,0.9981761
test_19001,0.119232915
test_19002,0.11285782
test_19003,0.00082790636
test_19004,0.4176033
test_19005,0.00040115908
test_19006,0.9962251
test_19007,0.05463239
test_19008,0.51311064
test_19009,3.8870014e-05
test_19010,0.7638754
test_19011,0.99894613
test_19012,0.014477623
test_19013,0.030577647
test_19014,0.9997538
test_19015,0.026380245
test_19016,0.9975159
test_19017,5.6392862e-05
test_19018,0.001821178
test_19019,0.9539702
test_19020,0.17360331
test_19021,0.044475295
test_19022,0.046926163
test_19023,0.0007917895
test_19024,0.9899137
test_19025,0.97521824
test_19026,0.99772745
test_19027,0.002347762
test_19028,0.11178347
test_19029,0.9990891
test_19030,0.013825525
test_19031,0.9998708
test_19032,0.028317709
test_19033,0.99528754
test_19034,0.8987802
test_19035,0.00249156
test_19036,0.39047933
test_19037,0.99986947
test_19038,0.00068019156
test_19039,0.0034941798
test_19040,0.909512
test_19041,0.62324655
test_19042,0.99664825
test_19043,0.9970253
test_19044,0.0059502055
test_19045,0.0024671427
test_19046,0.902258
test_19047,0.73345315
test_19048,0.9984187
test_19049,0.9978217
test_19050,0.99943703
test_19051,0.0041044275
test_19052,0.601238
test_19053,0.70065176
test_19054,0.033545457
test_19055,0.99990666
test_19056,0.10291938
test_19057,0.9999093
test_19058,0.00021721197
test_19059,0.0062273946
test_19060,0.0010659498
test_19061,0.75735605
test_19062,0.10257647
test_19063,0.99582314
test_19064,0.023387972
test_19065,0.22299074
test_19066,0.090229936
test_19067,0.68939966
test_19068,0.9941537
test_19069,0.0013018673
test_19070,0.6374079
test_19071,0.02654284
test_19072,0.0044920403
test_19073,0.9997173
test_19074,0.9981522
test_19075,0.94585836
test_19076,0.9999908
test_19077,0.00037872506
test_19078,0.025438122
test_19079,0.28622165
test_19080,0.25176546
test_19081,0.99495703
test_19082,0.84000343
test_19083,0.9967541
test_19084,0.85347956
test_19085,0.07193067
test_19086,0.00022377048
test_19087,0.0005903502
test_19088,0.012962141
test_19089,0.8918238
test_19090,0.004035056
test_19091,0.999835
test_19092,0.98628795
test_19093,0.016593846
test_19094,0.0005564826
test_19095,0.0038252033
test_19096,0.99887806
test_19097,0.00011284762
test_19098,0.4139561
test_19099,0.99999225
test_19100,0.00033957363
test_19101,0.99099606
test_19102,0.003191365
test_19103,0.043474242
test_19104,0.08861468
test_19105,0.9627634
test_19106,0.05279394
test_19107,0.99976116
test_19108,0.054774255
test_19109,0.0009879203
test_19110,0.019982757
test_19111,0.0007082019
test_19112,0.9998012
test_19113,0.06445299
test_19114,0.0149032045
test_19115,0.0010649222
test_19116,0.9669325
test_19117,0.04858644
test_19118,0.008398721
test_19119,0.829297
test_19120,0.05427721
test_19121,0.97312814
test_19122,0.9839215
test_19123,0.98946255
test_19124,0.0067184246
test_19125,0.9958299
test_19126,0.15866327
test_19127,0.013135808
test_19128,0.34874877
test_19129,0.21360753
test_19130,0.99982893
test_19131,0.9815175
test_19132,0.302112
test_19133,0.019766105
test_19134,0.9888121
test_19135,0.0003195888
test_19136,0.94866025
test_19137,0.99323326
test_19138,0.0061354833
test_19139,0.12311999
test_19140,0.99179626
test_19141,0.02846602
test_19142,0.949342
test_19143,0.0064451005
test_19144,0.8738136
test_19145,0.99762636
test_19146,0.8036382
test_19147,0.99935263
test_19148,0.9917713
test_19149,0.9703882
test_19150,0.002229689
test_19151,0.0022648522
test_19152,0.99370754
test_19153,0.7062535
test_19154,0.015275223
test_19155,0.99964416
test_19156,0.39359108
test_19157,0.9958538
test_19158,0.68820584
test_19159,0.9901085
test_19160,0.0007779225
test_19161,0.0001406325
test_19162,0.03206029
test_19163,0.9983706
test_19164,0.00032528507
test_19165,0.0026602978
test_19166,0.9992471
test_19167,0.3685794
test_19168,0.9836812
test_19169,0.0014149576
test_19170,0.9757499
test_19171,0.99978334
test_19172,0.6758602
test_19173,0.99939764
test_19174,0.0017819672
test_19175,0.4783104
test_19176,0.03526124
test_19177,0.96317166
test_19178,0.992845
test_19179,0.3688674
test_19180,0.018861303
test_19181,0.38697752
test_19182,7.590874e-05
test_19183,0.9928266
test_19184,0.98284656
test_19185,0.0973606
test_19186,0.96686727
test_19187,0.9858721
test_19188,0.49246895
test_19189,0.9132726
test_19190,0.91533613
test_19191,0.0009020069
test_19192,0.989711
test_19193,0.013386159
test_19194,0.058928747
test_19195,0.002812506
test_19196,0.9841681
test_19197,0.3860064
test_19198,0.99948335
test_19199,0.00077201455
test_19200,0.88762105
test_19201,0.98546845
test_19202,0.99088573
test_19203,0.99969554
test_19204,0.9832629
test_19205,0.24543267
test_19206,0.82570535
test_19207,0.051338393
test_19208,0.99378395
test_19209,0.9931038
test_19210,0.00806391
test_19211,0.0010718345
test_19212,0.99902976
test_19213,0.9633503
test_19214,0.026213221
test_19215,0.12308834
test_19216,0.0010410496
test_19217,0.9998367
test_19218,0.116820306
test_19219,0.01854476
test_19220,0.0759348
test_19221,0.012167717
test_19222,0.9860373
test_19223,0.9997975
test_19224,0.0016968885
test_19225,0.0005978714
test_19226,0.9546056
test_19227,0.025074981
test_19228,0.99927896
test_19229,0.0014209164
test_19230,0.033118904
test_19231,0.9816824
test_19232,0.9995671
test_19233,0.9981831
test_19234,0.0009414048
test_19235,0.0030133945
test_19236,0.009776404
test_19237,0.0022053733
test_19238,0.16785318
test_19239,0.0017034854
test_19240,0.9724472
test_19241,0.9438237
test_19242,0.6174197
test_19243,0.9930494
test_19244,0.8366064
test_19245,0.99965
test_19246,0.9998883
test_19247,0.0035222603
test_19248,0.9999578
test_19249,3.996628e-06
test_19250,0.9988977
test_19251,0.8804221
test_19252,0.00030441995
test_19253,0.006442606
test_19254,0.99383223
test_19255,0.99889225
test_19256,0.97541785
test_19257,0.019943323
test_19258,0.0030546815
test_19259,0.002606
test_19260,0.25071728
test_19261,0.2747685
test_19262,0.886864
test_19263,0.10866873
test_19264,0.038991857
test_19265,0.9378082
test_19266,0.040898617
test_19267,0.9740107
test_19268,0.9981148
test_19269,0.0047839344
test_19270,0.42016906
test_19271,0.00079574663
test_19272,0.9729733
test_19273,0.9562785
test_19274,0.0018948962
test_19275,0.9990004
test_19276,0.9884093
test_19277,0.00022312664
test_19278,0.0015741985
test_19279,0.7807219
test_19280,0.99312943
test_19281,0.99757546
test_19282,0.013046553
test_19283,0.13677046
test_19284,0.84125566
test_19285,0.99445456
test_19286,0.00038666284
test_19287,0.9888431
test_19288,0.063284345
test_19289,0.011477228
test_19290,0.9993161
test_19291,0.000500941
test_19292,0.35434625
test_19293,0.0069758645
test_19294,0.99322754
test_19295,0.9994242
test_19296,0.9736964
test_19297,2.8502209e-06
test_19298,0.96729225
test_19299,0.005231263
test_19300,0.0016100685
test_19301,0.97019255
test_19302,0.0093620615
test_19303,0.99616927
test_19304,0.99602145
test_19305,0.0058007496
test_19306,0.9999473
test_19307,0.999782
test_19308,0.99498296
test_19309,0.252668
test_19310,0.0005599055
test_19311,0.0005896124
test_19312,0.031444643
test_19313,0.018338908
test_19314,0.015474998
test_19315,0.9917652
test_19316,0.9955863
test_19317,0.00020508392
test_19318,0.9801257
test_19319,0.0012281728
test_19320,0.986384
test_19321,0.66375566
test_19322,0.0012358703
test_19323,0.9999627
test_19324,0.00065144675
test_19325,0.0001354301
test_19326,0.021683501
test_19327,0.9529305
test_19328,0.004119782
test_19329,0.2563869
test_19330,0.89686406
test_19331,0.0007738092
test_19332,0.99843484
test_19333,0.0073346156
test_19334,0.012639662
test_19335,0.055203237
test_19336,0.00041054745
test_19337,0.0017338621
test_19338,0.9891739
test_19339,0.0026963928
test_19340,0.9991303
test_19341,0.043994006
test_19342,0.99856085
test_19343,0.96752197
test_19344,0.0018971177
test_19345,0.99845755
test_19346,0.23329708
test_19347,0.005003588
test_19348,0.16142283
test_19349,0.00014498689
test_19350,3.0102723e-05
test_19351,0.00039347954
test_19352,0.83189386
test_19353,0.0022354992
test_19354,0.99886155
test_19355,0.0046224394
test_19356,0.44616866
test_19357,0.99832743
test_19358,0.93561417
test_19359,0.9882533
test_19360,0.012197781
test_19361,0.040831234
test_19362,0.013305527
test_19363,0.0016630103
test_19364,0.9985006
test_19365,0.0014148597
test_19366,0.13105337
test_19367,0.34690377
test_19368,0.9911624
test_19369,0.9451667
test_19370,0.9642513
test_19371,0.0014168653
test_19372,0.008723309
test_19373,0.41375452
test_19374,0.99543226
test_19375,0.94952744
test_19376,0.9993043
test_19377,0.9995384
test_19378,0.9247397
test_19379,0.00013446732
test_19380,0.9927159
test_19381,0.9992137
test_19382,0.0028333256
test_19383,0.9998679
test_19384,0.99798214
test_19385,0.9998431
test_19386,0.99925894
test_19387,0.0056848857
test_19388,0.5782128
test_19389,0.87607104
test_19390,0.99947816
test_19391,0.9635093
test_19392,0.008526241
test_19393,0.9105906
test_19394,0.9998215
test_19395,8.746704e-05
test_19396,0.99947184
test_19397,0.22480911
test_19398,0.87615067
test_19399,0.05632443
test_19400,0.051817484
test_19401,0.7577287
test_19402,0.09382948
test_19403,0.0023687156
test_19404,0.00027086108
test_19405,0.9999633
test_19406,0.99819213
test_19407,0.11830837
test_19408,0.11237969
test_19409,0.0012432964
test_19410,0.013283638
test_19411,0.0034610657
test_19412,0.0014188477
test_19413,0.9005261
test_19414,0.02788453
test_19415,0.004289507
test_19416,0.9973968
test_19417,0.11440869
test_19418,0.00025749652
test_19419,0.99419314
test_19420,0.009193408
test_19421,0.998092
test_19422,0.9949916
test_19423,0.9445921
test_19424,0.30894935
test_19425,0.017070655
test_19426,0.029904386
test_19427,0.02290886
test_19428,0.9943395
test_19429,0.9862483
test_19430,0.92069745
test_19431,0.9990396
test_19432,0.8925128
test_19433,0.0014193848
test_19434,0.9984469
test_19435,0.9999523
test_19436,0.9923934
test_19437,0.990418
test_19438,0.00020067862
test_19439,0.9997199
test_19440,0.06554747
test_19441,0.9990891
test_19442,0.0041953255
test_19443,0.0042972085
test_19444,0.018212417
test_19445,0.0009836152
test_19446,0.9168583
test_19447,0.0069810986
test_19448,0.9083529
test_19449,0.9997466
test_19450,0.99980074
test_19451,0.9729145
test_19452,0.99467933
test_19453,0.90343404
test_19454,0.9916013
test_19455,0.2752094
test_19456,0.00079623814
test_19457,0.99954957
test_19458,0.8611652
test_19459,0.9888588
test_19460,0.00025267046
test_19461,0.00064711296
test_19462,0.9979127
test_19463,0.028548375
test_19464,0.3672878
test_19465,0.0027362837
test_19466,0.80316377
test_19467,0.97155666
test_19468,0.9917532
test_19469,0.9881665
test_19470,0.002115661
test_19471,0.0010604892
test_19472,0.99836403
test_19473,0.9999745
test_19474,0.99342334
test_19475,0.9987245
test_19476,0.99831474
test_19477,0.29793873
test_19478,0.055482946
test_19479,0.99935645
test_19480,0.9997423
test_19481,0.96545357
test_19482,0.0019420489
test_19483,0.8613124
test_19484,0.6436521
test_19485,0.98359746
test_19486,0.0064152298
test_19487,0.7049647
test_19488,0.8277684
test_19489,0.95163715
test_19490,0.013914327
test_19491,0.43711656
test_19492,0.039469857
test_19493,0.99967825
test_19494,0.99123764
test_19495,0.9992066
test_19496,0.845356
test_19497,0.08790742
test_19498,0.99998796
test_19499,0.9888536
test_19500,0.006191288
test_19501,0.5996476
test_19502,0.017190844
test_19503,0.9137121
test_19504,0.0014686902
test_19505,0.99997294
test_19506,0.7859519
test_19507,0.97092
test_19508,0.9977387
test_19509,0.9968077
test_19510,0.9984194
test_19511,0.84311587
test_19512,0.70676386
test_19513,0.12674156
test_19514,0.99257034
test_19515,0.0029135006
test_19516,0.9830115
test_19517,0.47629282
test_19518,0.9805649
test_19519,0.9994808
test_19520,0.00091017096
test_19521,0.4357452
test_19522,0.0076023387
test_19523,0.97015184
test_19524,0.64478755
test_19525,0.0030698208
test_19526,0.001503046
test_19527,0.73867464
test_19528,0.032711804
test_19529,0.6526058
test_19530,0.002992065
test_19531,0.028890138
test_19532,0.9069898
test_19533,0.021446018
test_19534,0.99879694
test_19535,0.04830099
test_19536,0.9446671
test_19537,0.9986443
test_19538,0.9311486
test_19539,0.9998815
test_19540,0.0067308964
test_19541,0.464582
test_19542,0.8367947
test_19543,0.00047821473
test_19544,0.9907554
test_19545,0.97379035
test_19546,0.9909457
test_19547,0.02071536
test_19548,0.9781511
test_19549,0.0009149266
test_19550,0.01179231
test_19551,0.822543
test_19552,0.9767587
test_19553,0.00061424274
test_19554,0.010918202
test_19555,0.9760607
test_19556,0.002239259
test_19557,0.020583946
test_19558,0.019096363
test_19559,0.0014062338
test_19560,0.99944335
test_19561,0.9912101
test_19562,0.898991
test_19563,0.9993668
test_19564,0.0036178932
test_19565,0.010971414
test_19566,0.038967676
test_19567,0.7226582
test_19568,0.001723448
test_19569,0.13566881
test_19570,0.9819857
test_19571,0.52434766
test_19572,0.9981578
test_19573,0.97347313
test_19574,0.002008354
test_19575,0.0029450827
test_19576,0.9978054
test_19577,0.99949646
test_19578,0.9861433
test_19579,1.5004516e-05
test_19580,0.0021911114
test_19581,0.48869887
test_19582,0.9380431
test_19583,0.00014668325
test_19584,0.0030302554
test_19585,0.999617
test_19586,0.99453163
test_19587,0.054646183
test_19588,0.9963929
test_19589,0.012199717
test_19590,0.99858654
test_19591,0.99083334
test_19592,0.90186256
test_19593,0.51951176
test_19594,0.0013353165
test_19595,0.020563321
test_19596,0.99901795
test_19597,0.007831298
test_19598,0.007720835
test_19599,0.92957217
test_19600,0.012129148
test_19601,0.0049431166
test_19602,0.073302865
test_19603,0.9983726
test_19604,0.99315065
test_19605,0.003159728
test_19606,0.9620741
test_19607,0.00016387374
test_19608,0.013761529
test_19609,0.0933169
test_19610,0.9499372
test_19611,0.98331416
test_19612,0.029342134
test_19613,0.99884474
test_19614,0.08588375
test_19615,0.97988063
test_19616,0.0002138649
test_19617,0.07421954
test_19618,0.99063766
test_19619,0.975568
test_19620,0.7097521
test_19621,0.0006714535
test_19622,0.021508304
test_19623,0.00081406796
test_19624,0.020600295
test_19625,0.99903023
test_19626,0.0012756129
test_19627,0.0021785425
test_19628,0.99907243
test_19629,0.00047317028
test_19630,0.999603
test_19631,0.92548823
test_19632,0.9982712
test_19633,0.9992021
test_19634,0.85699
test_19635,0.99307394
test_19636,0.9136709
test_19637,0.0030329362
test_19638,0.99858546
test_19639,0.0010244414
test_19640,0.012447449
test_19641,0.22682141
test_19642,0.009141587
test_19643,0.0019721873
test_19644,0.0054631205
test_19645,0.019432133
test_19646,0.2015318
test_19647,0.99921155
test_19648,0.0018836001
test_19649,0.9196045
test_19650,0.0020932616
test_19651,0.0037776341
test_19652,0.00034982737
test_19653,0.58717865
test_19654,0.00033106428
test_19655,0.005304801
test_19656,0.081438765
test_19657,0.3000604
test_19658,0.30760783
test_19659,0.10495713
test_19660,0.9999653
test_19661,0.022240594
test_19662,0.9793072
test_19663,0.91759133
test_19664,0.9961957
test_19665,0.99933785
test_19666,0.9985247
test_19667,0.984871
test_19668,0.0031468258
test_19669,0.025514795
test_19670,0.99962723
test_19671,0.002091798
test_19672,0.995411
test_19673,0.004333018
test_19674,0.41102776
test_19675,0.12748405
test_19676,0.9867971
test_19677,0.9892398
test_19678,0.0017539698
test_19679,0.7736955
test_19680,0.9887554
test_19681,0.05091904
test_19682,0.049007256
test_19683,0.999243
test_19684,2.9161314e-05
test_19685,0.99446684
test_19686,0.9990429
test_19687,0.000538222
test_19688,0.79976636
test_19689,0.99966455
test_19690,0.1958042
test_19691,0.9944137
test_19692,0.97273093
test_19693,0.7759029
test_19694,0.9304002
test_19695,0.86900896
test_19696,0.9988373
test_19697,0.00046159924
test_19698,0.35831806
test_19699,0.99998176
test_19700,0.11373469
test_19701,0.0010041369
test_19702,0.017276125
test_19703,0.00021522852
test_19704,0.9759631
test_19705,0.0045368443
test_19706,0.15645763
test_19707,0.96943027
test_19708,0.5426586
test_19709,0.010177816
test_19710,0.61845803
test_19711,0.0046093906
test_19712,0.9684618
test_19713,0.99868363
test_19714,0.00032392002
test_19715,0.282903
test_19716,0.0009702992
test_19717,0.99812776
test_19718,0.9831119
test_19719,0.9998197
test_19720,0.9992142
test_19721,0.95767677
test_19722,0.003055281
test_19723,0.9998485
test_19724,0.019111723
test_19725,0.9886125
test_19726,0.99990284
test_19727,0.0017015719
test_19728,0.8842955
test_19729,0.059563365
test_19730,0.006559428
test_19731,0.08926046
test_19732,0.9998319
test_19733,0.09405925
test_19734,0.057158925
test_19735,0.9782376
test_19736,0.9951798
test_19737,0.720727
test_19738,0.9842966
test_19739,0.00010437912
test_19740,0.99808794
test_19741,0.99993455
test_19742,0.00024835652
test_19743,0.0011344489
test_19744,0.9559641
test_19745,0.88047624
test_19746,0.00016073498
test_19747,0.5608561
test_19748,0.0059645143
test_19749,0.27937222
test_19750,0.9991326
test_19751,0.004401665
test_19752,0.98649025
test_19753,0.00037095463
test_19754,0.010669838
test_19755,0.9955668
test_19756,0.65511864
test_19757,0.9918223
test_19758,0.0138586415
test_19759,0.9874219
test_19760,0.99131715
test_19761,0.034925323
test_19762,0.00037454697
test_19763,0.12555015
test_19764,0.3902467
test_19765,0.9998771
test_19766,0.00091955543
test_19767,0.0875136
test_19768,0.05317164
test_19769,0.20242995
test_19770,0.0025877785
test_19771,0.92610097
test_19772,0.99887997
test_19773,0.0007521316
test_19774,0.0005883589
test_19775,0.021184057
test_19776,0.9998202
test_19777,0.0521062
test_19778,0.9975866
test_19779,0.9727674
test_19780,0.7941888
test_19781,0.00049592723
test_19782,0.9948959
test_19783,0.013245333
test_19784,0.98169035
test_19785,0.91787916
test_19786,0.9987111
test_19787,0.0014283708
test_19788,0.99911517
test_19789,0.72323626
test_19790,0.97443527
test_19791,0.19782777
test_19792,0.88227797
test_19793,0.05699259
test_19794,0.000109707165
test_19795,0.0024423944
test_19796,0.027107676
test_19797,0.9783207
test_19798,0.00041742876
test_19799,0.989364
test_19800,0.00053401064
test_19801,0.0014686272
test_19802,0.023936888
test_19803,0.9991811
test_19804,0.8283366
test_19805,0.0013540334
test_19806,0.022550454
test_19807,0.9977137
test_19808,0.0026237583
test_19809,0.029471794
test_19810,0.95613575
test_19811,0.9955848
test_19812,0.036459014
test_19813,0.51869035
test_19814,0.98772335
test_19815,0.00064801343
test_19816,0.021796107
test_19817,0.9965412
test_19818,0.10141171
test_19819,0.991052
test_19820,0.16978936
test_19821,0.9428112
test_19822,0.9074234
test_19823,0.4085156
test_19824,0.94192797
test_19825,0.9990402
test_19826,0.016294971
test_19827,0.99617493
test_19828,0.006975951
test_19829,0.008357842
test_19830,0.9509219
test_19831,0.00049539265
test_19832,0.9949768
test_19833,0.042152543
test_19834,0.040825352
test_19835,0.40699548
test_19836,0.00011404862
test_19837,0.85045296
test_19838,0.9990553
test_19839,0.015964178
test_19840,0.96817726
test_19841,0.025175443
test_19842,0.0003461308
test_19843,0.00638514
test_19844,0.0007063686
test_19845,0.0014903508
test_19846,0.99995077
test_19847,0.98549914
test_19848,0.1794911
test_19849,0.44309843
test_19850,0.99508685
test_19851,0.01787149
test_19852,0.26418343
test_19853,0.0007832517
test_19854,0.9752619
test_19855,0.94462425
test_19856,0.9972276
test_19857,0.3413354
test_19858,0.78332996
test_19859,0.8463552
test_19860,0.0053676455
test_19861,0.007968065
test_19862,0.0042374064
test_19863,0.9540826
test_19864,0.002046836
test_19865,0.5341983
test_19866,0.0010785008
test_19867,0.99867177
test_19868,0.98817295
test_19869,0.024251632
test_19870,0.0029753365
test_19871,0.9995778
test_19872,0.9993905
test_19873,0.9988457
test_19874,0.002036547
test_19875,0.00014403375
test_19876,0.0028842895
test_19877,0.96866375
test_19878,0.41336983
test_19879,0.9956831
test_19880,0.86679584
test_19881,0.0003666598
test_19882,0.9976676
test_19883,0.9355669
test_19884,0.05883515
test_19885,0.90348756
test_19886,0.9697906
test_19887,0.9998958
test_19888,0.002433848
test_19889,0.9992906
test_19890,0.9998179
test_19891,0.03093
test_19892,0.9995908
test_19893,0.99914944
test_19894,0.0019213012
test_19895,0.999225
test_19896,0.004790109
test_19897,0.6233873
test_19898,0.0049381657
test_19899,0.012103698
test_19900,0.99146867
test_19901,0.0016444345
test_19902,0.9920101
test_19903,0.96934044
test_19904,0.9991529
test_19905,0.055800475
test_19906,0.6414023
test_19907,0.017745722
test_19908,0.40973067
test_19909,0.018765587
test_19910,0.0011103257
test_19911,8.253091e-05
test_19912,0.047517788
test_19913,0.9968231
test_19914,0.004926925
test_19915,0.017803505
test_19916,0.006501247
test_19917,0.015549129
test_19918,0.020665267
test_19919,0.040641464
test_19920,0.145184
test_19921,0.9593075
test_19922,0.99249625
test_19923,0.9981509
test_19924,0.00036118986
test_19925,0.9799969
test_19926,0.09610885
test_19927,0.2789842
test_19928,0.00027569252
test_19929,0.99924576
test_19930,0.1520829
test_19931,0.9988152
test_19932,0.9930432
test_19933,0.00019339952
test_19934,0.99766773
test_19935,0.028833196
test_19936,0.9975926
test_19937,0.99986935
test_19938,0.9915133
test_19939,0.02925315
test_19940,0.044053916
test_19941,0.13798834
test_19942,0.0052059484
test_19943,0.9094686
test_19944,0.99999297
test_19945,0.0062073953
test_19946,0.0004325191
test_19947,0.0013053274
test_19948,0.9999925
test_19949,0.0022322354
test_19950,0.88692534
test_19951,0.9964736
test_19952,0.9643425
test_19953,5.3500764e-05
test_19954,0.027720045
test_19955,0.11995303
test_19956,0.0002577313
test_19957,0.0147290975
test_19958,0.31341293
test_19959,0.9959668
test_19960,0.3715593
test_19961,0.99555486
test_19962,0.0018080006
test_19963,0.0065163686
test_19964,0.86235535
test_19965,0.0020043517
test_19966,0.9998789
test_19967,0.8346339
test_19968,0.85148126
test_19969,0.14598876
test_19970,0.041857176
test_19971,0.79007655
test_19972,0.019349897
test_19973,0.9996835
test_19974,0.9961157
test_19975,0.005565305
test_19976,0.9980514
test_19977,0.012495665
test_19978,0.005229437
test_19979,0.002290001
test_19980,0.41320986
test_19981,0.9989945
test_19982,0.99223375
test_19983,0.99867624
test_19984,0.21325831
test_19985,6.034218e-05
test_19986,0.36984238
test_19987,0.9958205
test_19988,0.98333377
test_19989,0.00080191926
test_19990,0.76635826
test_19991,0.9968696
test_19992,0.007160019
test_19993,0.25507918
test_19994,0.57657874
test_19995,0.76079243
test_19996,0.047962118
test_19997,0.012439106
test_19998,0.001010119
test_19999,0.004934243
